sample,time,wbo2,FFB,EGT,AFC,AFL,correction,RPM,load,MPH,Timing,IAT,MAF,MAF(V),Accelerator,Throttle,RQTQ,ATM(psi),MAP,MRP,Trgt_Boost,IAM,CL/OL,FLKC,FBKC,avcs,wgdc,tdi,Tdp,IPW,IDC
164445,13240.28,14.3823,14.2008,30,0,-7.03125,1.26196783546444,3394.25,0.835412830522207,41.0105,22.5,46.4,47.26,2.54,16.0784,22.3529,149.4,14.5098,10.295,-4.2148,-0.581978,1,10,0,0,21,68.6274,0,0,4.864,13.7580266666667
164446,13240.32,14.2565,14.6642,30,0.78125,-7.03125,-2.8597481850384,3402,0.838800705467372,41.0105,23,46.4,47.56,2.56,16.0784,22.3529,148.463,14.5098,10.15,-4.3598,-0.593366,1,10,0,0,21,68.6274,0,0,4.864,13.78944
164447,13240.36,14.887,14.6642,30,1.5625,-7.03125,1.49660777859879,3379.75,0.841482358162586,41.0105,23,46.4,47.4,2.54,16.0784,22.3529,148.584,14.5098,10.15,-4.3598,-0.593366,1,10,0,0,21,68.6274,0,0,4.864,13.6992533333333
164448,13240.4,14.6782,14.6144,30,3.125,-7.03125,0.434658200596805,3388.25,0.833350549693795,41.0105,23,46.4,47.06,2.56,16.0784,22.3529,148.846,14.5098,10.15,-4.3598,-0.638806,1,10,0,0,20,68.6274,0,0,5.12,14.4565333333333
164449,13240.44,15.562,14.6144,30,4.6875,-7.03125,6.08919162061431,3421,0.842034492838351,41.0105,23,46.4,48.01,2.56,15.6863,22.3529,143.149,14.5098,10.005,-4.5048,-0.638806,1,10,0,0,21,68.6274,0,0,5.12,14.5962666666667
164450,13240.48,15.3086,14.6215,30,6.25,-7.03125,4.48832682283161,3412.25,0.84155615796029,41.0105,23,46.4,47.86,2.56,15.2941,22.3529,138.721,14.5098,10.005,-4.5048,-1.10093,1,10,0,0,21,67.8431,0,0,5.12,14.5589333333333
164451,13240.52,15.1829,14.6002,30,7.8125,-7.03125,3.837870235594,3396,0.825265017667845,41.0105,23,46.4,46.71,2.52,14.5098,21.1765,125.102,14.5098,9.86,-4.6498,-2.24132,1,10,0,0,21,68.2353,0,0,5.12,14.4896
164452,13240.56,14.8039,14.6002,30,7.8125,-7.03125,1.37598875971873,3402.25,0.793592475567639,41.0105,23.5,46.4,45,2.48,14.1176,20.7843,115.546,14.5098,9.57,-4.9398,-2.24132,1,10,0,0,21,68.2353,0,0,5.12,14.5162666666667
164453,13240.6,13.9606,14.823,30,7.03125,-7.03125,-6.17738492614932,3426.5,0.756807237706114,41.0105,23.5,46.4,43.22,2.46,14.1176,20.3922,114.929,14.5098,9.28,-5.2298,-3.51387,1,10,0,0,20,67.451,0,0,4.864,13.8887466666667
164454,13240.64,14.0457,14.9705,30,6.25,-7.03125,-6.58422150551414,3414.25,0.760752727538991,41.0105,24,46.4,43.29,2.46,14.1176,20.3922,114.772,14.5098,8.99,-5.5198,-3.47771,1,10,0,0,20,67.451,0,0,4.608,13.11072
164455,13240.68,13.3708,14.9705,30,4.6875,-7.03125,-11.9641307924732,3422,0.742372881355932,41.0105,24,46.4,42.34,2.44,13.7255,20,110.359,14.5098,8.845,-5.6648,-3.47771,1,10,0,0,20,67.451,0,0,4.608,13.14048
164456,13240.72,14.0457,14.9185,30,3.90625,-7.03125,-6.21400143816258,3434,0.719685497961561,41.0105,24.5,46.4,41.19,2.42,13.7255,20,110.488,14.5098,8.845,-5.6648,-3.91477,1,10,0,0,20,67.451,0,0,4.608,13.18656
164457,13240.76,13.7924,14.9111,30,4.6875,-7.03125,-8.11098866042168,3439.5,0.732141299607501,41.6319,24.5,46.4,41.97,2.44,13.7255,20.3922,109.927,14.5098,8.7,-5.8098,-3.91477,1,10,0,0,20,67.451,0,0,4.352,12.47392
164458,13240.8,14.4248,14.9111,30,4.6875,-7.03125,-3.37127724474515,3433,0.739644625691815,41.6319,24.5,46.4,42.32,2.42,13.7255,20.3922,110.085,14.5098,8.7,-5.8098,-3.94565,1,10,0,0,20,67.451,0,0,4.352,12.4503466666667
164459,13240.84,14.508,14.7939,30,4.6875,-7.03125,-1.97063688999175,3435.25,0.733745724474201,41.6319,24.5,46.4,42.01,2.44,13.7255,20.3922,110.022,14.5098,8.555,-5.9548,-3.9401,1,10,0,0,20,67.0588,0,0,4.608,13.19136
164460,13240.88,14.3823,14.7939,30,5.46875,-7.03125,-2.8618510252185,3445,0.725747460087083,41.6319,24.5,46.4,41.67,2.44,13.7255,20.3922,109.783,14.5098,8.555,-5.9548,-3.9401,1,10,0,0,20,67.0588,0,0,4.608,13.2288
164461,13240.92,14.5505,14.7721,30,6.25,-7.03125,-1.52297171918492,3430.75,0.728587043649348,41.6319,24.5,46.4,41.66,2.42,13.7255,20.3922,109.76,14.5098,8.555,-5.9548,-3.92193,1,10,0,0,20,67.451,0,0,4.608,13.17408
164462,13240.96,14.1289,14.7072,30,6.25,-7.03125,-4.09302918132339,3449,0.727863148738765,41.6319,24.5,46.4,41.84,2.44,13.7255,20.3922,105.03,14.5098,8.555,-5.9548,-4.39428,1,10,0,0,19,66.6667,0,0,4.608,13.24416
164463,13241,14.9721,14.7072,30,6.25,-7.03125,1.76929088103872,3474.25,0.716528747211628,41.6319,24.5,46.4,41.49,2.42,13.3333,20,99.7972,14.5098,8.555,-5.9548,-4.39428,1,10,0,0,20,66.6667,0,0,4.608,13.34112
164464,13241.04,14.8464,14.7288,30,6.25,-7.03125,0.792111218881342,3463.5,0.69779125162408,41.6319,25,46.4,40.28,2.4,12.9412,19.6078,90.758,14.5098,8.41,-6.0998,-4.77577,1,10,0,0,20,66.2745,0,0,4.352,12.56096
164465,13241.08,14.7613,14.8596,30,6.25,-7.03125,-0.665930507475632,3437,0.67262147221414,41.6319,25,46.4,38.53,2.34,12.1569,18.8235,81.9989,14.5098,8.265,-6.2448,-4.77577,1,10,0,0,20,66.2745,0,0,4.352,12.4648533333333
164466,13241.12,14.8039,14.8596,30,5.46875,-7.03125,-0.376252203811167,3472.25,0.617755057959536,41.6319,25.5,46.4,35.75,2.3,12.549,18.0392,86.4475,14.5098,7.975,-6.5348,-5.51611,1,10,0,0,19,67.451,0,0,4.096,11.8519466666667
164467,13241.16,14.4248,15.1133,30,5.46875,-7.03125,-4.77302978204204,3483,0.605167958656331,41.6319,25.5,46.4,35.13,2.3,12.9412,18.4314,90.3385,14.5098,7.685,-6.8248,-5.17687,1,10,0,0,19,66.2745,0,0,4.096,11.88864
164468,13241.2,14.3823,15.1133,30,3.90625,-7.03125,-5.08263629600272,3458.5,0.617608789937834,41.6319,26,46.4,35.6,2.32,12.549,18.8235,86.2153,14.5098,7.54,-6.9698,-5.17687,1,10,0,0,19,66.2745,0,0,3.84,11.0672
164469,13241.24,14.4248,15.0228,30,3.125,-7.03125,-4.14563806777217,3461.25,0.630465872156013,41.6319,26,46.4,36.37,2.32,12.549,18.8235,86.4728,14.5098,7.54,-6.9698,-5.35852,1,10,0,0,19,66.6667,0,0,3.84,11.076
164470,13241.28,14.0032,14.8743,30,3.90625,-7.03125,-6.22072097806217,3475.75,0.627835718909588,41.6319,26.5,46.4,36.37,2.32,12.549,18.4314,85.8593,14.5098,7.54,-6.9698,-5.34178,1,10,0,0,20,67.0588,0,0,3.84,11.1224
164471,13241.32,14.5931,14.8743,30,4.6875,-7.03125,-1.92693807347308,3481,0.617236426314278,41.6319,26.5,46.4,35.81,2.3,12.549,18.4314,85.4104,14.5098,7.54,-6.9698,-5.34178,1,10,0,0,20,67.0588,0,0,3.84,11.1392
164472,13241.36,14.9296,14.845,30,4.6875,-7.03125,0.566659522023361,3473.5,0.616841802216784,41.6319,26.5,46.4,35.71,2.3,12.1569,18.4314,76.636,14.5098,7.395,-7.1148,-5.56647,1,10,0,0,20,66.2745,0,0,3.84,11.1152
164473,13241.4,14.6782,14.8964,30,5.46875,-7.03125,-1.4865582973389,3469.5,0.58694336359706,42.2532,27,46.4,33.94,2.26,12.1569,17.6471,76.7079,14.5098,7.25,-7.2598,-5.56647,1,10,0,0,19,66.2745,0,0,3.84,11.1024
164474,13241.44,14.887,14.8964,30,6.25,-7.03125,-0.0631423389534369,3466,0.556376226197346,42.2532,27.5,46.4,32.14,2.26,12.1569,17.6471,76.4569,14.5098,7.105,-7.4048,-5.72776,1,10,0,0,19,66.6667,0,0,3.84,11.0912
164475,13241.48,15.0572,14.9185,30,5.46875,-7.03125,0.921153999415558,3492,0.540378006872852,42.2532,28,46.4,31.45,2.26,12.1569,17.6471,76.2779,14.5098,7.105,-7.4048,-5.73579,1,10,0,0,19,65.4902,0,0,3.84,11.1744
164476,13241.52,14.7613,14.9185,30,4.6875,-7.03125,-1.06494685427434,3492.5,0.540472440944882,42.2532,28.5,46.4,31.46,2.24,11.7647,17.6471,71.6504,14.5098,6.96,-7.5498,-5.73579,1,10,0,0,19,65.4902,0,0,3.584,10.4309333333333
164477,13241.56,14.887,14.8817,30,4.6875,-7.03125,0.0356015315375879,3456.75,0.549880668257757,42.2532,28.5,46.4,31.68,2.24,11.7647,17.6471,71.9441,14.5098,6.96,-7.5498,-5.9123,1,10,0,0,19,66.6667,0,0,3.584,10.32416
164478,13241.6,14.887,14.845,30,5.46875,-7.03125,0.282125344260087,3469.5,0.542153047989624,42.2532,29,46.4,31.35,2.22,12.1569,17.6471,76.7067,14.5098,6.815,-7.6948,-5.73916,1,10,0,0,19,66.2745,0,0,3.584,10.36224
164479,13241.64,14.6356,14.845,30,6.25,-7.03125,-1.43075787805078,3507.75,0.524951892238615,42.2532,29.5,46.4,30.69,2.22,12.1569,17.6471,80.5824,14.5098,6.815,-7.6948,-5.73916,1,10,0,0,18,66.2745,0,0,3.584,10.47648
164480,13241.68,14.887,14.7939,30,6.25,-7.03125,0.625377846443209,3483.5,0.54462465910722,42.2532,29.5,46.4,31.62,2.26,12.1569,18.0392,75.9374,14.5098,6.815,-7.6948,-5.5564,1,10,0,0,18,65.4902,0,0,3.584,10.4040533333333
164481,13241.72,14.9721,14.6928,30,6.25,-7.03125,1.86546977377923,3468,0.560726643598616,42.2532,29,46.4,32.41,2.26,12.1569,18.0392,76.7286,14.5098,6.96,-7.5498,-5.5564,1,10,0,0,18,65.4902,0,0,3.584,10.35776
164482,13241.76,14.887,14.6928,30,7.03125,-7.03125,1.30449385369786,3495.25,0.540047206923682,42.2532,29,46.4,31.46,2.24,12.1569,18.0392,80.8251,14.5098,6.815,-7.6948,-5.72674,1,10,0,0,19,66.6667,0,0,3.584,10.4391466666667
164483,13241.8,15.0147,14.6928,30,8.59375,-7.03125,2.14389897900058,3499.5,0.558936990998714,42.2532,29,46.4,32.6,2.26,12.1569,18.4314,75.7792,14.5098,6.815,-7.6948,-5.57594,1,10,0,0,19,65.8824,0,0,3.584,10.45184
164484,13241.84,15.0572,14.6928,30,8.59375,-7.03125,2.42010466753447,3494.5,0.582916010874231,42.2532,29,46.4,33.95,2.26,12.1569,18.4314,76.2223,14.5098,6.815,-7.6948,-5.57594,1,10,0,0,19,65.8824,0,0,3.584,10.4369066666667
164485,13241.88,15.1404,14.6928,30,9.375,-7.03125,2.95632876278037,3503,0.561290322580645,42.2532,29,46.4,32.77,2.26,12.1569,18.4314,80.6701,14.5098,6.96,-7.5498,-5.57842,1,10,0,0,18,65.4902,0,0,3.84,11.2096
164486,13241.92,15.1404,14.6928,30,9.375,-7.03125,2.95632876278037,3480,0.578793103448276,42.2532,28.5,46.4,33.57,2.28,12.1569,18.4314,80.7482,14.5098,6.96,-7.5498,-5.54879,1,10,0,0,18,65.8824,0,0,3.84,11.136
164487,13241.96,15.1404,14.6928,30,9.375,-7.03125,2.34375,3497,0.582499285101516,42.2532,28.5,46.4,33.95,2.28,12.1569,18.4314,80.7838,14.5098,6.96,-7.5498,-5.54879,1,8,0,0,18,65.8824,0,0,3.84,11.1904
164488,13242,14.9296,14.6928,30,9.375,-7.03125,2.34375,3514.75,0.586215235792019,42.2532,28,46.4,34.34,2.28,12.1569,18.4314,80.4326,14.5098,6.96,-7.5498,-5.56527,1,8,0,0,19,65.8824,0,0,3.84,11.2472
164489,13242.04,14.6356,14.6928,30,8.59375,-7.03125,1.5625,3498,0.575814751286449,42.2532,28,46.4,33.57,2.28,12.1569,18.4314,75.7024,14.5098,6.96,-7.5498,-5.56527,1,8,0,0,19,65.8824,0,0,3.84,11.1936
164490,13242.08,14.214,14.6928,30,8.59375,-7.03125,1.5625,3484.5,0.558415841584158,42.2532,28.5,46.4,32.43,2.26,12.1569,18.0392,76.4063,14.5098,6.815,-7.6948,-5.76764,1,8,0,0,19,65.8824,0,0,3.84,11.1504
164491,13242.12,13.9606,14.6928,30,8.59375,-7.03125,1.5625,3519.5,0.536326182696406,42.2532,28.5,46.4,31.46,2.24,12.1569,17.6471,75.736,14.5098,6.815,-7.6948,-5.75947,1,8,0,0,18,65.4902,0,0,3.584,10.5115733333333
164492,13242.16,14.214,14.6928,30,7.8125,-7.03125,0.78125,3509.5,0.53426414019091,42.2532,29,46.4,31.25,2.24,12.1569,17.6471,75.5987,14.5098,6.67,-7.8398,-5.75947,1,8,0,0,18,65.4902,0,0,3.584,10.4817066666667
164493,13242.2,14.0032,14.7866,30,7.8125,-7.03125,0.78125,3509.25,0.538063688822398,42.2532,29,46.4,31.47,2.26,12.1569,18.0392,80.538,14.5098,6.67,-7.8398,-5.57414,1,8,0,0,18,65.098,0,0,3.584,10.48096
164494,13242.24,13.9606,14.6928,30,7.03125,-7.03125,0,3510.75,0.537833796197394,42.2532,29.5,46.4,31.47,2.24,12.1569,18.4314,80.5044,14.5098,6.67,-7.8398,-5.5623,1,8,0,0,18,65.8824,0,0,3.584,10.48544
164495,13242.28,14.3823,14.6928,30,7.03125,-7.03125,0,3500.5,0.565462076846165,42.2532,29,46.4,32.99,2.28,12.549,18.4314,85.0397,14.5098,6.815,-7.6948,-5.5623,1,8,0,0,18,65.8824,0,0,3.584,10.4548266666667
164496,13242.32,14.2565,14.6928,30,7.03125,-7.03125,0,3510,0.580512820512821,42.2532,29,46.4,33.96,2.28,12.549,18.8235,85.1258,14.5098,6.815,-7.6948,-5.40384,1,8,0,0,18,65.4902,0,0,3.584,10.4832
164497,13242.36,14.1289,14.6928,30,7.8125,-7.03125,0.78125,3532.75,0.585096596136155,42.2532,28.5,46.4,34.45,2.3,12.549,18.8235,84.6552,14.5098,6.815,-7.6948,-5.40384,1,8,0,0,18,65.4902,0,0,3.84,11.3048
164498,13242.4,14.4673,14.6928,30,8.59375,-7.03125,1.5625,3509.25,0.596024791622142,42.2532,28,46.4,34.86,2.3,12.549,18.8235,84.6757,14.5098,6.815,-7.6948,-5.40911,1,8,0,0,17,65.098,0,0,3.84,11.2296
164499,13242.44,14.7613,14.6357,30,9.375,-7.03125,2.34375,3514.5,0.598890311566368,42.2532,28,46.4,35.08,2.3,12.549,18.8235,85.0294,14.5098,6.96,-7.5498,-5.38966,1,8,0,0,18,65.098,0,0,3.84,11.2464
164500,13242.48,14.3823,14.6357,30,9.375,-7.03125,2.34375,3529.75,0.590693391883278,42.2532,28,46.4,34.75,2.28,12.549,18.8235,84.7124,14.5098,6.96,-7.5498,-5.38966,1,8,0,0,18,65.098,0,0,3.84,11.2952
164501,13242.52,14.5505,14.6499,30,8.59375,-7.03125,1.5625,3509,0.595896266742662,42.2532,28,46.4,34.85,2.3,12.549,18.4314,84.7543,14.5098,6.96,-7.5498,-5.39054,1,8,0,0,18,65.4902,0,0,3.84,11.2288
164502,13242.56,14.2972,14.6499,30,7.8125,-7.03125,0.78125,3542.25,0.575227609570189,42.2532,28,46.4,33.96,2.28,12.549,18.4314,84.9733,14.5098,6.815,-7.6948,-5.41074,1,8,0,0,17,65.4902,0,0,3.84,11.3352
164503,13242.6,13.8775,14.6499,30,7.8125,-7.03125,0.78125,3541,0.575261225642474,42.8746,28,46.4,33.95,2.28,12.549,18.4314,84.4771,14.5098,6.815,-7.6948,-5.41074,1,8,0,0,17,65.4902,0,0,3.84,11.3312
164504,13242.64,13.9181,14.6928,30,7.03125,-7.03125,0,3524,0.584676503972758,42.8746,28,46.4,34.34,2.28,12.549,18.4314,84.8262,14.5098,6.815,-7.6948,-5.41456,1,8,0,0,18,64.7059,0,0,3.84,11.2768
164505,13242.68,14.3397,14.6928,30,7.03125,-7.03125,0,3534,0.583022071307301,42.8746,28,46.4,34.34,2.28,12.549,18.4314,84.9618,14.5098,6.815,-7.6948,-5.41456,1,8,0,0,18,64.7059,0,0,3.84,11.3088
164506,13242.72,14.2972,14.6928,30,7.03125,-7.03125,0,3547.5,0.577420718816068,42.8746,28,46.4,34.14,2.3,12.549,18.4314,84.338,14.5098,6.815,-7.6948,-5.39667,1,8,0,0,18,65.098,0,0,3.84,11.352
164507,13242.76,14.0032,14.6928,30,7.03125,-7.03125,0,3531.5,0.567124451366275,42.8746,28,46.4,33.38,2.26,12.549,18.4314,84.6691,14.5098,6.815,-7.6948,-5.59654,1,8,0,0,18,64.7059,0,0,3.84,11.3008
164508,13242.8,14.3397,14.6928,30,6.25,-7.03125,-0.78125,3548,0.55467869222097,42.8746,28.5,46.4,32.8,2.28,12.549,18.4314,84.7217,14.5098,6.815,-7.6948,-5.59654,1,8,0,0,18,64.7059,0,0,3.584,10.5966933333333
164509,13242.84,14.3397,14.6928,30,6.25,-7.03125,-0.78125,3523.5,0.581524052788421,42.8746,28.5,46.4,34.15,2.28,12.9412,18.8235,88.9892,14.5098,6.815,-7.6948,-5.42201,1,8,0,0,17,65.098,0,0,3.84,11.2752
164510,13242.88,14.3823,14.6928,30,6.25,-7.03125,-0.78125,3534.25,0.595543608969371,42.8746,28,46.4,35.08,2.3,12.9412,19.2157,89.1941,14.5098,6.815,-7.6948,-5.24287,1,8,0,0,17,64.7059,0,0,3.84,11.3096
164511,13242.92,14.3823,14.6928,30,6.25,-7.03125,-0.78125,3559.25,0.596923509166257,42.8746,28,46.4,35.41,2.3,12.9412,19.2157,88.656,14.5098,6.96,-7.5498,-5.24287,1,8,0,0,18,64.7059,0,0,3.84,11.3896
164512,13242.96,14.4673,14.6357,30,7.03125,-7.03125,0,3544.5,0.59737621667372,42.8746,27.5,46.4,35.29,2.3,12.9412,19.2157,93.1392,14.5098,6.96,-7.5498,-5.25349,1,8,0,0,18,64.3137,0,0,3.84,11.3424
164513,13243,14.6782,14.6357,30,7.03125,-7.03125,0,3540,0.596271186440678,42.8746,27.5,46.4,35.18,2.3,12.9412,19.2157,93.6519,14.5098,6.96,-7.5498,-5.25349,1,8,0,0,18,64.3137,0,0,3.84,11.328
164514,13243.04,14.9296,14.6357,30,7.8125,-7.03125,0.78125,3562,0.6,42.8746,27.5,46.4,35.62,2.3,12.9412,19.2157,93.1607,14.5098,6.96,-7.5498,-5.04867,1,8,0,0,17,64.3137,0,0,3.84,11.3984
164515,13243.08,14.4248,14.6215,30,8.59375,-7.03125,1.5625,3555.75,0.608479223792449,42.8746,27.5,46.4,36.06,2.32,13.7255,19.6078,102.436,14.5098,7.105,-7.4048,-4.86926,1,8,0,0,17,64.7059,0,0,3.84,11.3784
164516,13243.12,14.7613,14.6215,30,8.59375,-7.03125,1.5625,3575.5,0.639854565794994,42.8746,27,46.4,38.13,2.36,14.1176,20.3922,111.451,14.5098,7.25,-7.2598,-4.86926,1,8,0,0,18,64.7059,0,0,4.096,12.2043733333333
164517,13243.16,14.8039,14.5719,30,8.59375,-7.03125,1.5625,3566.75,0.663797574823018,42.8746,26.5,46.4,39.46,2.4,14.1176,20.7843,111.297,14.5098,7.395,-7.1148,-3.84618,1,8,0,0,18,64.3137,0,0,4.096,12.1745066666667
164518,13243.2,14.9721,14.4878,30,9.375,-7.03125,2.34375,3545,0.670747531734838,42.8746,26,46.4,39.63,2.4,14.5098,21.1765,120.998,14.5098,7.54,-6.9698,-3.43139,1,8,0,0,17,64.3137,0,0,4.096,12.1002666666667
164519,13243.24,14.8464,14.4878,30,10.1563,-7.03125,3.12505,3590.25,0.697054522665553,42.8746,25.5,46.4,41.71,2.42,16.4706,21.9608,151.581,14.5098,7.685,-6.8248,-3.43139,1,8,0,0,17,64.3137,0,0,4.352,13.02064
164520,13243.28,15.2255,14.4046,30,11.7188,-7.03125,4.68755,3576.75,0.764269238834137,42.8746,25.5,46.4,45.56,2.5,16.8627,23.5294,158.576,14.5098,8.12,-6.3898,0.00141391,1,8,0,0,17,63.5294,0,0,4.352,12.97168
164521,13243.32,15.268,14.4046,30,12.5,-7.03125,5.46875,3577.5,0.781719077568134,42.8746,25,46.4,46.61,2.52,17.2549,23.9216,162.733,14.5098,8.555,-5.9548,0.00141391,1,8,0,0,17,63.5294,0,0,4.608,13.7376
164522,13243.36,15.3512,14.2008,30,14.0625,-7.03125,7.03125,3590.75,0.809245979252245,42.8746,24.5,46.4,48.43,2.56,16.8627,23.9216,158.793,14.5098,8.845,-5.6648,0.577693,1,8,0,0,18,63.5294,0,0,4.864,14.5545066666667
164523,13243.4,15.1829,14.0222,30,15.625,-7.03125,8.59375,3580.5,0.819438625890239,43.496,24,46.4,48.9,2.56,16.8627,23.9216,159.113,14.5098,9.135,-5.3748,0.269204,1,8,0,0,17,63.9216,0,0,5.12,15.2768
164524,13243.44,15.0147,14.0222,30,17.1875,-7.03125,10.15625,3621.75,0.801987989231725,43.496,24,46.4,48.41,2.56,16.8627,23.9216,158.587,14.5098,9.135,-5.3748,0.269204,1,8,0,0,17,63.9216,0,0,5.376,16.22544
164525,13243.48,14.4673,14.0615,30,0,-7.03125,-7.03125,3606.75,0.79517571220628,43.496,24,46.4,47.8,2.56,16.8627,23.9216,158.613,14.5098,9.28,-5.2298,0.222704,1,8,0,0,17,63.5294,0,0,4.608,13.84992
164526,13243.52,13.9181,13.8226,30,0,-7.03125,-7.03125,3581,0.816475844736107,43.496,24,46.4,48.73,2.56,16.8627,23.9216,159.091,14.5098,9.28,-5.2298,0.221239,1,8,0,0,17,63.9216,0,0,4.608,13.75104
164527,13243.56,14.214,13.8226,30,0,-7.03125,-7.03125,3599.25,0.815003125651177,43.496,23.5,46.4,48.89,2.56,16.8627,23.9216,158.523,14.5098,9.28,-5.2298,0.221239,1,8,0,0,17,63.9216,0,0,4.608,13.82112
164528,13243.6,14.3823,14.0026,30,0,-7.03125,-7.03125,3596.25,0.815683003128259,43.496,23.5,46.4,48.89,2.56,17.6471,23.9216,165.686,14.5098,9.28,-5.2298,0.521376,1,8,0,0,17,63.5294,0,0,4.864,14.5768
164529,13243.64,15.3512,14.0026,30,0,-7.03125,-7.03125,3647,0.806964628461749,43.496,23.5,46.4,49.05,2.58,18.4314,23.9216,179.777,14.5098,9.28,-5.2298,0.521376,1,8,0,0,17,63.5294,0,0,4.864,14.7825066666667
164530,13243.68,15.7728,13.7343,30,0,-7.03125,-7.03125,3609.25,0.855801066703609,43.496,23.5,46.4,51.48,2.62,18.4314,25.098,179.769,14.5098,9.425,-5.0848,1.54674,1,8,0,0,17,63.5294,0,0,4.864,14.6294933333333
164531,13243.72,16.1519,13.4761,30,0,-7.03125,-7.03125,3611.75,0.868000276874092,43.496,23.5,46.4,52.25,2.64,18.4314,25.4902,176.212,14.5098,9.715,-4.7948,1.54561,1,8,0,0,17,63.5294,0,0,5.12,15.4101333333333
164532,13243.76,16.4458,13.4761,30,0,-7.03125,-7.03125,3640,0.878406593406593,43.496,23,46.4,53.29,2.64,18.4314,25.098,179.769,14.5098,9.86,-4.6498,1.54561,1,8,0,0,17,63.5294,0,0,5.12,15.5306666666667
164533,13243.8,16.4458,13.3684,30,0,-7.03125,-7.03125,3645.25,0.874672519031617,44.1174,23,46.4,53.14,2.64,18.4314,25.098,179.772,14.5098,9.86,-4.6498,1.54614,1,8,0,0,17,63.5294,0,0,5.12,15.5530666666667
164534,13243.84,16.3201,13.3743,30,0,-7.03125,-7.03125,3666,0.869721767594108,44.1174,23,46.4,53.14,2.66,17.6471,25.098,165.768,14.5098,10.005,-4.5048,1.13366,1,8,0,0,17,63.5294,0,0,5.12,15.6416
164535,13243.88,15.7303,13.3743,30,0,-7.03125,-7.03125,3646.75,0.864440940563516,44.1174,23,46.4,52.54,2.62,16.4706,24.7059,151.476,14.5098,10.005,-4.5048,1.13366,1,8,0,0,17,63.5294,0,0,5.12,15.5594666666667
164536,13243.92,15.8985,13.4041,30,0,-7.03125,-7.03125,3683.25,0.827855833842395,44.1174,23,46.4,50.82,2.6,16.0784,23.9216,147.075,14.5098,9.715,-4.7948,-0.774109,1,8,0,0,17,63.5294,0,0,5.12,15.7152
164537,13243.96,15.7728,13.6224,30,0,-7.03125,-7.03125,3656.75,0.804648936897518,44.1174,23.5,46.4,49.04,2.58,15.6863,23.5294,137.907,14.5098,9.425,-5.0848,-0.774109,1,8,0,0,17,63.5294,0,0,4.864,14.8220266666667
164538,13244,15.4769,13.6224,30,0,-7.03125,-7.03125,3674.75,0.776869174773794,44.1174,23.5,46.4,47.58,2.54,14.1176,22.3529,110.437,14.5098,9.28,-5.2298,-1.54798,1,8,0,0,16,63.5294,0,0,4.864,14.8949866666667
164539,13244.04,15.6045,13.7531,30,0,-7.03125,-7.03125,3661.5,0.734944694797214,44.1174,24,46.4,44.85,2.5,13.7255,20.7843,105.86,14.5098,8.845,-5.6648,-4.29187,1,8,0,0,16,63.5294,0,0,4.608,14.06016
164540,13244.08,15.562,13.7531,30,0,-7.03125,-7.03125,3693.25,0.7078318554119,44.1174,24,46.4,43.57,2.46,14.1176,20.7843,110.437,14.5098,8.555,-5.9548,-4.29187,1,8,0,0,16,63.5294,0,0,4.608,14.18208
164541,13244.12,15.2255,14.2008,30,0,-7.03125,-7.03125,3694.75,0.688057378713039,44.1174,24.5,46.4,42.37,2.44,14.1176,20.7843,110.439,14.5098,8.12,-6.3898,-3.90012,1,8,0,0,16,63.5294,0,0,4.096,12.6114133333333
164542,13244.16,15.3937,14.9928,30,0.78125,-7.03125,-6.25,3660.75,0.704937512804753,44.1174,25,46.4,43.01,2.44,14.5098,21.1765,115.001,14.5098,7.975,-6.5348,-3.50826,1,8,0,0,16,63.5294,0,0,4.096,12.49536
164543,13244.2,15.5194,14.9928,30,1.5625,-7.03125,-5.46875,3699.25,0.709765493005339,44.7387,25,46.4,43.76,2.46,14.5098,21.5686,115.025,14.5098,8.12,-6.3898,-3.50826,1,8,0,0,16,63.5294,0,0,4.096,12.6267733333333
164544,13244.24,15.7303,14.7866,30,3.90625,-7.03125,-3.125,3695.5,0.718766066838046,44.7387,25,46.4,44.27,2.48,14.902,21.5686,124.193,14.5098,8.12,-6.3898,-3.11502,1,8,0,0,16,63.5294,0,0,4.352,13.4023466666667
164545,13244.28,16.1093,14.6571,30,7.03125,-7.03125,0,3719.75,0.739565831037032,44.7387,25,46.4,45.85,2.52,15.2941,23.1373,133.43,14.5098,8.265,-6.2448,-3.11502,1,8,0,0,16,63.5294,0,0,4.352,13.4902933333333
164546,13244.32,16.237,14.6571,30,10.1563,-7.03125,3.12505,3697.5,0.779229208924949,44.7387,24.5,46.4,48.02,2.56,15.2941,23.1373,128.78,14.5098,8.555,-5.9548,-1.93125,1,8,0,0,16,63.5294,0,0,4.608,14.1984
164547,13244.36,15.7728,14.5227,30,0,-7.03125,7.92566950699939,3727.5,0.751871227364185,44.7387,24.5,46.4,46.71,2.52,15.2941,22.7451,128.847,14.5098,8.7,-5.8098,-2.32693,1,10,0,0,16,63.5294,0,0,4.352,13.5184
164548,13244.4,15.9411,14.5227,30,0,-7.03125,8.89775486007867,3704.25,0.759505972869002,44.7387,24.5,46.4,46.89,2.54,16.4706,22.3529,151.744,14.5098,8.7,-5.8098,-2.32693,1,10,0,0,16,63.5294,0,0,4.352,13.43408
164549,13244.44,16.1093,14.2681,30,0,-7.03125,11.4294227557994,3727,0.781271800375637,44.7387,24.5,46.4,48.53,2.56,17.2549,23.9216,162.465,14.5098,8.845,-5.6648,-0.0424042,1,10,0,0,16,63.5294,0,0,4.352,13.5165866666667
164550,13244.48,16.3627,13.8417,30,0,-7.03125,15.4069927334731,3697.75,0.83661686160503,44.7387,24,46.4,51.56,2.6,16.4706,24.3137,151.711,14.5098,9.135,-5.3748,-0.0496024,1,10,0,0,16,63.5294,0,0,4.608,14.19936
164551,13244.52,16.0262,13.8417,30,0,-7.03125,13.630804557537,3753.5,0.824670307712801,44.7387,24,46.4,51.59,2.6,16.0784,24.3137,147.218,14.5098,9.28,-5.2298,-0.0496024,1,10,0,0,15,63.5294,0,0,4.864,15.2141866666667
164552,13244.56,16.91,13.5306,30,0,-7.03125,19.9846244825547,3738.75,0.815566700100301,44.7387,23.5,46.4,50.82,2.6,16.0784,23.5294,142.808,14.5098,9.28,-5.2298,-1.13834,1,10,0,0,15,63.5294,0,0,4.864,15.1544
164553,13244.6,16.9525,13.6163,30,0,-7.03125,19.679693260581,3747.5,0.795570380253502,45.3601,23.5,46.4,49.69,2.58,15.2941,23.1373,128.849,14.5098,9.135,-5.3748,-1.13834,1,10,0,0,16,63.5294,0,0,4.864,15.1898666666667
164554,13244.64,17.0357,13.6163,30,0,-7.03125,20.0719665173723,3715.5,0.776261606782398,45.3601,24,46.4,48.07,2.56,14.5098,22.3529,119.645,14.5098,8.99,-5.5198,-2.32343,1,10,0,0,16,63.5294,0,0,4.608,14.26752
164555,13244.68,16.9951,13.7657,30,0,-7.03125,19.0019476201964,3759.5,0.727596754887618,45.3601,24,46.4,45.59,2.5,14.5098,21.9608,119.628,14.5098,8.845,-5.6648,-3.11335,1,10,0,0,15,63.5294,0,0,4.608,14.43648
164556,13244.72,16.7417,13.7657,30,0,-7.03125,17.7759725714832,3758.5,0.721085539443927,45.3601,24.5,46.4,45.17,2.5,14.5098,21.9608,115.068,14.5098,8.555,-5.9548,-3.11335,1,10,0,0,15,63.5294,0,0,4.352,13.6308266666667
164557,13244.76,16.237,14.0156,30,0,-7.03125,13.6810987251339,3760.25,0.717239545243003,45.3601,24.5,46.4,44.95,2.5,14.1176,21.9608,110.429,14.5098,8.265,-6.2448,-3.50506,1,10,0,0,16,63.5294,0,0,4.352,13.6371733333333
164558,13244.8,16.0668,14.0944,30,0,-7.03125,12.2762466701521,3730.25,0.716252261912741,45.3601,24.5,46.4,44.53,2.48,13.7255,21.9608,105.814,14.5098,8.265,-6.2448,-3.901,1,10,0,0,16,63.5294,0,0,4.352,13.5283733333333
164559,13244.84,15.6471,14.0944,30,0,-7.03125,9.92324456289024,3788.5,0.701913686155471,45.3601,25,46.4,44.32,2.48,14.1176,21.1765,110.427,14.5098,8.12,-6.3898,-3.901,1,10,0,0,15,63.5294,0,0,4.096,12.9314133333333
164560,13244.88,15.6045,14.823,30,0.78125,-7.03125,5.00817071998462,3756.5,0.707892985491814,45.3601,25,46.4,44.32,2.48,14.1176,21.1765,110.428,14.5098,8.12,-6.3898,-3.90083,1,10,0,0,15,63.5294,0,0,4.096,12.8221866666667
164561,13244.92,15.9411,14.823,30,4.6875,-7.03125,7.01394508534543,3782.75,0.709325226356487,45.3601,25,46.4,44.72,2.5,14.5098,21.5686,115.049,14.5098,7.975,-6.5348,-3.90083,1,10,0,0,15,63.5294,0,0,4.096,12.9117866666667
164562,13244.96,16.4052,14.823,30,7.8125,-7.03125,9.64450296247531,3749.25,0.719023804760952,45.3601,25,46.4,44.93,2.5,14.5098,21.9608,115.038,14.5098,8.12,-6.3898,-3.50503,1,10,0,0,15,63.5294,0,0,4.352,13.59728
164563,13245,16.7843,14.6571,30,10.9375,-7.03125,12.6737486818038,3814.75,0.718159774559277,45.3601,25,46.4,45.66,2.52,14.5098,22.3529,119.728,14.5098,8.12,-6.3898,-3.10651,1,10,0,0,14,63.5294,0,0,4.352,13.8348266666667
164564,13245.04,16.9951,14.6571,30,0,-7.03125,13.7569064024336,3792.75,0.733873838244018,45.3601,25,46.4,46.39,2.52,14.5098,22.3529,115.063,14.5098,8.12,-6.3898,-3.10651,1,10,0,0,14,63.5294,0,0,4.096,12.94592
164565,13245.08,16.616,14.4808,30,0,-7.03125,12.8502648050072,3772.5,0.746401590457257,45.9815,25,46.4,46.93,2.54,14.5098,22.3529,115.05,14.5098,8.265,-6.2448,-3.50336,1,10,0,0,15,63.5294,0,0,4.352,13.6816
164566,13245.12,16.8268,14.0812,30,0,-7.03125,16.3168279173699,3765.75,0.740728938458474,45.9815,24.5,46.4,46.49,2.52,16.4706,22.3529,152.029,14.5098,8.265,-6.2448,-1.52307,1,10,0,0,14,63.5294,0,0,4.352,13.65712
164567,13245.16,17.1633,14.0812,30,0,-7.03125,17.9575023451201,3841.5,0.766419367434596,45.9815,24.5,46.4,49.07,2.6,18.4314,24.3137,179.915,14.5098,8.41,-6.0998,-1.52307,1,10,0,0,14,63.5294,0,0,4.352,13.93184
164568,13245.2,17.3741,13.4821,30,0,-7.03125,22.4011603478741,3794,0.884185556141276,45.9815,24,46.4,55.91,2.7,18.4314,25.8824,179.874,14.5098,9.135,-5.3748,1.5518,1,10,0,0,14,63.5294,0,0,4.864,15.3783466666667
164569,13245.24,17.4167,13.3447,30,0,-7.03125,23.3798595600774,3798.5,0.893563248650783,45.9815,23.5,46.4,56.57,2.68,18.8235,25.8824,183.312,14.5098,9.57,-4.9398,1.5518,1,10,0,0,14,63.5294,0,0,4.864,15.3965866666667
164570,13245.28,17.7107,13.3447,30,0,-7.03125,24.6517641877509,3818,0.89607124148769,45.9815,23,46.4,57.02,2.7,19.6078,26.2745,193.592,14.5098,9.86,-4.6498,1.6727,1,10,0,0,14,63.5294,0,0,5.12,16.2901333333333
164571,13245.32,17.7107,13.1523,30,0,-7.03125,25.7381131180586,3821,0.948285789060455,45.9815,23,46.4,60.39,2.76,21.1765,27.451,213.98,14.5098,10.15,-4.3598,2.61523,1,10,0,0,14,63.5294,0,0,5.376,17.11808
164572,13245.36,17.3741,13.1523,30,0,-7.03125,24.2993881697469,3815.25,1.02221348535483,45.9815,22.5,46.4,65,2.8,21.1765,28.6275,217.527,14.5098,10.875,-3.6348,2.61523,1,10,0,0,14,63.5294,0,0,5.632,17.90624
164573,13245.4,17.2059,12.7243,30,0,-7.03125,26.046879268158,3801.75,1.04667587295325,45.9815,22,46.4,66.32,2.82,21.1765,28.6275,214.149,14.5098,11.31,-3.1998,3.12082,1,10,0,0,15,63.5294,0,0,5.888,18.65392
164574,13245.44,16.7843,12.7028,30,0,-7.03125,24.3173680165393,3890,1.04251928020566,45.9815,21.5,46.4,67.59,2.84,21.1765,28.6275,214.142,14.5098,11.455,-3.0548,2.95521,1,10,0,0,14,63.5294,0,0,5.888,19.0869333333333
164575,13245.48,16.4052,12.7028,30,0,-6.25,22.5684539048594,3874.5,1.04684475416183,45.9815,22,46.4,67.6,2.84,20.3922,28.2353,207.219,14.5098,11.455,-3.0548,2.95521,1,10,0,0,14,63.5294,0,0,6.144,19.83744
164576,13245.52,15.562,12.6707,30,0,-6.25,18.5792314612518,3845,1.04832249674902,45.9815,22.5,46.4,67.18,2.84,19.2157,27.8431,190.141,14.5098,11.455,-3.0548,2.28282,1,10,0,0,14,63.5294,0,0,6.144,19.6864
164577,13245.56,14.508,12.7243,30,0,-6.25,12.2945960849187,3827,1.01907499346747,46.6028,22,46.4,65,2.8,19.6078,27.0588,193.553,14.5098,11.455,-3.0548,2.28282,1,10,0,0,14,63.5294,0,0,6.144,19.59424
164578,13245.6,13.6241,12.7243,30,0,-6.25,6.60447295601178,3892.25,0.985034363157557,46.6028,22,46.4,63.9,2.78,20.7843,27.451,210.595,14.5098,11.31,-3.1998,2.03589,1,10,0,0,14,63.5294,0,0,6.144,19.92832
164579,13245.64,13.3708,12.8273,30,0,-6.25,4.06482783378706,3908.5,1.05969041831905,46.6028,22.5,46.4,69.03,2.86,21.9608,28.6275,224.16,14.5098,11.31,-3.1998,3.27937,1,10,0,0,14,63.5294,0,0,6.144,20.01152
164580,13245.68,13.4984,12.8273,30,0,-5.46875,4.97170034967108,3879,1.12420726991493,46.6028,22.5,46.4,72.68,2.9,22.7451,29.8039,237.674,14.5098,11.89,-2.6198,3.27937,1,10,0,0,14,63.5294,0,0,6.4,20.688
164581,13245.72,14.0883,12.4816,30,0,-5.46875,11.4044987684817,3916.75,1.20206804110551,47.2242,22,46.4,78.47,2.94,24.3137,30.9804,257.867,14.5098,12.47,-2.0398,4.46882,1,10,0,0,14,63.5294,0,0,6.656,21.7249066666667
164582,13245.76,14.1289,12.1443,30,0,-5.46875,14.0463871922089,3930.25,1.27045353349024,47.2242,22,46.4,83.22,3.02,25.8824,32.9412,268.034,14.5098,13.05,-1.4598,10.8027,1,10,0,0,14,64.3137,0,0,7.168,23.4766933333333
164583,13245.8,13.8349,12.1443,30,0,-5.46875,12.2198208877549,3970.25,1.37915748378566,47.2242,22.5,46.4,91.26,3.04,26.2745,33.7255,269.81,14.5098,13.63,-0.8798,10.8027,1,10,0,0,14,64.3137,0,0,7.68,25.4096
164584,13245.84,13.7498,11.9136,30,0,-5.46875,13.3543760636518,3966.75,1.40820570996408,47.2242,22.5,46.4,93.1,3.06,25.8824,34.1176,268.669,14.5098,14.065,-0.444800000000001,11.461,1,10,0,0,14,64.7059,0,0,8.192,27.07968
164585,13245.88,13.2876,11.7508,30,0,-5.46875,11.5656702489539,3950.5,1.46472598405265,47.8456,21.5,46.4,96.44,3.08,25.8824,34.1176,267.548,14.5098,14.5,-0.00980000000000025,11.461,1,10,0,0,14,64.7059,0,0,8.448,27.81152
164586,13245.92,12.4018,11.7508,30,0,-5.46875,5.2492380138367,3988,1.46103309929789,47.8456,21.5,46.4,97.11,3.1,25.8824,34.1176,267.44,14.5098,14.645,0.135199999999999,10.9328,1,10,0,0,15,64.3137,0,0,8.704,28.9262933333333
164587,13245.96,11.6863,11.7554,30,0,-5.46875,-0.59129065658079,4014.5,1.5017561340142,47.8456,21.5,46.4,100.48,3.12,25.4902,34.1176,266.292,14.5098,14.645,0.135199999999999,11.0557,1,10,0,0,16,64.3137,0,0,8.96,29.9749333333333
