log_date,rom_rev,log_path,rpm_bin,load_bin,sample_count_fbkc_neg,sample_count_flkc_decr,event_count_fbkc,event_count_flkc,mean_fbkc,Unnamed: 10,min_fbkc
2026-04-24,20.8,logs/April/4-24/4-24 full.csv,2200.0,1.0,3,0,1,0,-1.8666666666666665,,-2.8
2026-04-24,20.8,logs/April/4-24/4-24 full.csv,2200.0,1.17,9,0,2,0,-2.0222222222222217,,-2.8
2026-04-24,20.8,logs/April/4-24/4-24 full.csv,2600.0,1.0,28,0,0,0,-2.225,,-2.8
2026-04-24,20.8,logs/April/4-24/4-24 full.csv,2600.0,1.17,18,0,3,0,-3.013888888888889,,-4.2
2026-04-24,20.8,logs/April/4-24/4-24 full.csv,3000.0,1.0,40,0,0,0,-2.03,,-3.15
2026-04-24,20.8,logs/April/4-24/4-24 full.csv,3000.0,1.17,41,0,0,0,-3.687804878048781,,-4.2
2026-04-24,20.8,logs/April/4-24/4-24 full.csv,3000.0,1.51,1,0,0,0,-1.4,,-1.4
2026-04-24,20.8,logs/April/4-24/4-24 full.csv,3300.0,0.57,1,0,0,0,-1.4,,-1.4
2026-04-24,20.8,logs/April/4-24/4-24 full.csv,3300.0,1.0,16,0,1,0,-1.96875,,-2.45
2026-04-24,20.8,logs/April/4-24/4-24 full.csv,3300.0,1.17,50,0,2,0,-2.198,,-2.8
2026-04-24,20.8,logs/April/4-24/4-24 full.csv,3300.0,1.36,46,0,1,0,-1.164130434782609,,-1.4
2026-04-24,20.8,logs/April/4-24/4-24 full.csv,3300.0,1.51,11,0,1,0,-1.4,,-1.4
2026-04-24,20.8,logs/April/4-24/4-24 full.csv,3300.0,1.64,7,0,0,0,-1.15,,-1.4
2026-04-24,20.8,logs/April/4-24/4-24 full.csv,4400.0,0.73,1,0,0,0,-0.7,,-0.7
2026-04-24,20.8,logs/April/4-24/4-24 full.csv,4400.0,2.28,1,0,0,0,-1.4,,-1.4
2026-04-24,20.8,logs/April/4-24/4-24 full.csv,4400.0,2.44,2,0,0,0,-1.4,,-1.4
2026-04-24,20.8,logs/April/4-24/4-24 full.csv,4400.0,2.6,1,0,0,0,-1.4,,-1.4
2026-04-24,20.8,logs/April/4-24/4-24 full.csv,4400.0,2.9,1,0,0,0,-1.4,,-1.4
2026-04-24,20.8,logs/April/4-24/4-24 full.csv,4400.0,3.22,9,0,1,0,-1.4,,-1.4
2026-04-24,20.8,logs/April/4-24/4-24 full.csv,4800.0,2.44,0,1,0,1,,,0.0
2026-04-24,20.8,logs/April/4-24/4-24 full.csv,5200.0,1.78,1,0,0,0,-1.05,,-1.05
2026-04-24,20.8,logs/April/4-24/4-24 full.csv,5200.0,2.12,1,0,0,0,-1.05,,-1.05
2026-04-24,20.8,logs/April/4-24/4-24 full.csv,5200.0,2.9,3,0,1,0,-1.3999999999999997,,-1.4
2026-04-24,20.8,logs/April/4-24/4-24 full.csv,5200.0,3.22,8,1,2,1,-1.4,,-1.4
2026-04-24,20.8,logs/April/4-24/4-24 full.csv,5200.0,3.7,6,0,0,0,-1.4,,-1.4
2026-04-24,20.8,logs/April/4-24/4-24 full.csv,5500.0,2.44,3,0,0,0,-1.05,,-1.05
2026-04-24,20.8,logs/April/4-24/4-24 full.csv,5500.0,2.6,4,0,0,0,-1.1375,,-1.4
2026-04-24,20.8,logs/April/4-24/4-24 full.csv,5500.0,2.9,8,1,0,1,-1.4,,-1.4
2026-04-24,20.8,logs/April/4-24/4-24 full.csv,5500.0,3.22,5,1,1,1,-1.4699999999999998,,-2.8
2026-04-25,20.9,logs/April/4-25/4-25 full.csv,1900.0,1.0,1,0,0,0,-1.4,,-1.4
2026-04-25,20.9,logs/April/4-25/4-25 full.csv,1900.0,1.17,1,0,1,0,-1.4,,-1.4
2026-04-25,20.9,logs/April/4-25/4-25 full.csv,2200.0,1.0,28,0,0,0,-2.5000000000000004,,-2.8
2026-04-25,20.9,logs/April/4-25/4-25 full.csv,2200.0,1.17,2,0,1,0,-2.8,,-2.8
2026-04-25,20.9,logs/April/4-25/4-25 full.csv,2600.0,1.0,36,0,1,0,-1.3125,,-2.45
2026-04-25,20.9,logs/April/4-25/4-25 full.csv,3000.0,1.17,1,0,1,0,-1.4,,-1.4
2026-04-25,20.9,logs/April/4-25/4-25 full.csv,3300.0,1.0,9,0,0,0,-1.05,,-1.05
2026-04-25,20.9,logs/April/4-25/4-25 full.csv,3300.0,1.17,15,0,0,0,-1.2833333333333337,,-1.4
2026-04-25,20.9,logs/April/4-25/4-25 full.csv,3300.0,1.36,3,0,0,0,-1.3999999999999997,,-1.4
2026-04-25,20.9,logs/April/4-25/4-25 full.csv,3700.0,0.73,2,0,0,0,-0.7,,-0.7
2026-04-25,20.9,logs/April/4-25/4-25 full.csv,3700.0,1.0,11,0,0,0,-0.7000000000000001,,-0.7
2026-04-25,20.9,logs/April/4-25/4-25 full.csv,4000.0,3.22,1,0,1,0,-1.4,,-1.4
2026-04-25,20.9,logs/April/4-25/4-25 full.csv,4400.0,3.22,16,0,0,0,-1.334375,,-1.4
2026-04-27,20.10,logs/April/4-27 20.10/4-27.csv,2200.0,0.57,3,0,0,0,-1.749998333333333,,-2.8
2026-04-27,20.10,logs/April/4-27 20.10/4-27.csv,2200.0,0.73,2,0,0,0,-4.025,,-4.2
2026-04-27,20.10,logs/April/4-27 20.10/4-27.csv,2200.0,1.0,8,0,0,0,-4.375,,-4.55
2026-04-27,20.10,logs/April/4-27 20.10/4-27.csv,2200.0,1.17,55,0,4,0,-4.8872727272727285,,-7.0
2026-04-27,20.10,logs/April/4-27 20.10/4-27.csv,2200.0,1.36,73,0,1,0,-6.261643835616439,,-7.0
2026-04-27,20.10,logs/April/4-27 20.10/4-27.csv,3300.0,1.17,13,0,2,0,-2.5846153846153848,,-2.8
2026-04-27,20.10,logs/April/4-27 20.10/4-27.csv,3300.0,1.36,16,0,0,0,-2.515625,,-2.8
2026-04-27,20.10,logs/April/4-27 20.10/4-27.csv,3300.0,1.51,5,0,0,0,-2.17,,-2.45
2026-04-27,20.10,logs/April/4-27 20.10/4-27.csv,3700.0,0.57,1,0,0,0,-1.75,,-1.75
2026-04-27,20.10,logs/April/4-27 20.10/4-27.csv,3700.0,0.73,1,0,0,0,-0.35,,-0.35
2026-04-27,20.10,logs/April/4-27 20.10/4-27.csv,3700.0,1.17,1,0,0,0,-1.75,,-1.75
2026-04-27,20.10,logs/April/4-27 20.10/4-27.csv,3700.0,1.36,11,0,1,0,-1.4636363636363638,,-1.75
2026-04-27,20.10,logs/April/4-27 20.10/4-27.csv,3700.0,1.51,10,0,0,0,-2.1000000000000005,,-2.1
2026-04-27,20.10,logs/April/4-27 20.10/4-27.csv,4000.0,0.73,1,0,0,0,-0.35,,-0.35
2026-04-27,20.10,logs/April/4-27 20.10/4-27.csv,4000.0,1.0,1,0,0,0,-1.05,,-1.05
2026-04-27,20.10,logs/April/4-27 20.10/4-27.csv,4000.0,1.17,5,0,0,0,-1.05,,-1.05
2026-04-27,20.10,logs/April/4-27 20.10/4-27.csv,4000.0,1.36,12,0,0,0,-1.1958333333333335,,-1.4
2026-05-02,20.10,logs/5-2/5-2.csv,2200.0,1.0,17,0,0,0,-3.2117646470588235,,-3.85
2026-05-02,20.10,logs/5-2/5-2.csv,2200.0,1.17,19,0,0,0,-3.978947368421052,,-4.2
2026-05-02,20.10,logs/5-2/5-2.csv,2200.0,1.36,14,0,3,0,-3.2,,-4.2
2026-05-02,20.10,logs/5-2/5-2.csv,2600.0,1.0,96,0,2,0,-1.79375,,-2.8
2026-05-02,20.10,logs/5-2/5-2.csv,2600.0,1.17,1,0,1,0,-1.4,,-1.4
2026-05-02,20.10,logs/5-2/5-2.csv,3000.0,1.0,8,0,1,0,-1.4,,-1.4
2026-05-02,20.10,logs/5-2/5-2.csv,3000.0,1.17,22,0,0,0,-1.2409090909090903,,-1.4
2026-05-02,20.10,logs/5-2/5-2.csv,3000.0,1.36,21,0,1,0,-1.0166666666666664,,-1.4
2026-05-02,20.10,logs/5-2/5-2.csv,3000.0,1.51,9,0,0,0,-0.5444444444444444,,-0.7
2026-05-02,20.10,logs/5-2/5-2.csv,3000.0,1.64,1,0,0,0,-0.35,,-0.35
2026-05-02,20.10,logs/5-2/5-2.csv,3300.0,1.36,8,0,0,0,-1.3125,,-1.4
2026-05-02,20.10,logs/5-2/5-2.csv,3300.0,1.64,9,0,0,0,-0.35,,-0.35
2026-05-02,20.10,logs/5-2/5-2.csv,3700.0,1.36,1,0,0,0,-0.35,,-0.35
2026-05-02,20.10,logs/5-2/5-2.csv,4000.0,3.22,11,0,1,0,-1.4,,-1.4
2026-05-02,20.10,logs/5-2/5-2.csv,4400.0,3.22,18,0,1,0,-2.488888888888889,,-2.8
2026-05-08,20.11,logs/5-8 20.11/5-8.csv,1600.0,1.0,1,0,0,0,-1.4,,-1.4
2026-05-08,20.11,logs/5-8 20.11/5-8.csv,1600.0,1.17,3,0,1,0,-1.3999999999999997,,-1.4
2026-05-08,20.11,logs/5-8 20.11/5-8.csv,1900.0,1.0,16,0,1,0,-1.334375,,-1.4
2026-05-08,20.11,logs/5-8 20.11/5-8.csv,1900.0,1.17,1,0,0,0,-1.4,,-1.4
2026-05-08,20.11,logs/5-8 20.11/5-8.csv,2200.0,1.0,10,0,0,0,-1.1900000000000002,,-1.4
2026-05-08,20.11,logs/5-8 20.11/5-8.csv,2200.0,1.17,3,0,1,0,-1.8666666666666665,,-2.8
2026-05-08,20.11,logs/5-8 20.11/5-8.csv,2200.0,1.36,2,0,2,0,-2.1,,-2.8
2026-05-08,20.11,logs/5-8 20.11/5-8.csv,2600.0,0.57,2,0,0,0,-1.5750000000000002,,-2.1
2026-05-08,20.11,logs/5-8 20.11/5-8.csv,2600.0,0.73,1,0,0,0,-2.45,,-2.45
2026-05-08,20.11,logs/5-8 20.11/5-8.csv,2600.0,1.0,22,0,0,0,-2.943181818181817,,-4.2
2026-05-08,20.11,logs/5-8 20.11/5-8.csv,2600.0,1.17,57,0,4,0,-1.7254385964912282,,-4.2
2026-05-08,20.11,logs/5-8 20.11/5-8.csv,2600.0,1.36,31,0,1,0,-1.8290322580645155,,-2.8
2026-05-08,20.11,logs/5-8 20.11/5-8.csv,3000.0,1.0,16,0,0,0,-0.3937499999999999,,-0.7
2026-05-08,20.11,logs/5-8 20.11/5-8.csv,3000.0,1.17,28,0,0,0,-0.8999999999999998,,-1.4
2026-05-08,20.11,logs/5-8 20.11/5-8.csv,3000.0,1.36,7,0,1,0,-1.25,,-1.4
2026-05-08,20.11,logs/5-8 20.11/5-8.csv,3000.0,1.51,1,0,0,0,-1.4,,-1.4
2026-05-08,20.11,logs/5-8 20.11/5-8.csv,3300.0,1.0,18,0,0,0,-0.661111111111111,,-1.05
2026-05-08,20.11,logs/5-8 20.11/5-8.csv,3300.0,1.17,8,0,0,0,-0.5249999999999999,,-0.7
2026-05-08,20.11,logs/5-8 20.11/5-8.csv,3300.0,1.51,12,0,0,0,-1.3125000000000002,,-1.4
2026-05-08,20.11,logs/5-8 20.11/5-8.csv,3700.0,0.73,1,0,0,0,-1.05,,-1.05
2026-05-08,20.11,logs/5-8 20.11/5-8.csv,3700.0,1.0,5,0,0,0,-1.05,,-1.05
2026-05-08,20.11,logs/5-8 20.11/5-8.csv,3700.0,1.36,5,0,0,0,-0.8400000000000001,,-1.05
2026-05-08,20.11,logs/5-8 20.11/5-8.csv,3700.0,1.51,10,0,0,0,-1.015,,-1.05
2026-05-08,20.11,logs/5-8 20.11/5-8.csv,4000.0,1.36,4,0,0,0,-0.7,,-0.7
2026-05-08,20.11,logs/5-8 20.11/5-8.csv,4000.0,3.7,1,0,0,0,-1.4,,-1.4
2026-05-08,20.11,logs/5-8 20.11/5-8.csv,4400.0,3.22,1,0,0,0,-1.4,,-1.4
2026-05-08,20.11,logs/5-8 20.11/5-8.csv,4400.0,3.7,7,0,1,0,-1.4,,-1.4
2026-05-08,20.11,logs/5-8 20.11/5-8.csv,4800.0,3.7,3,0,0,0,-1.3999999999999997,,-1.4
2026-05-10,20.11,logs/5-10 20.11/log0003.csv,4000.0,1.51,0,1,0,1,,,0.0
2026-05-10,20.11,logs/5-10 20.11/log0003.csv,4000.0,2.28,0,1,0,1,,,0.0
2026-05-10,20.11,logs/5-10 20.11/log0003.csv,4000.0,2.44,0,1,0,1,,,0.0
2026-05-10,20.11,logs/5-10 20.11/log0003.csv,4000.0,2.6,0,2,0,2,,,0.0
2026-05-10,20.11,logs/5-10 20.11/log0003.csv,4000.0,2.9,0,4,0,4,,,0.0
2026-05-10,20.11,logs/5-10 20.11/log0003.csv,4000.0,3.22,0,2,0,2,,,0.0
2026-05-10,20.11,logs/5-10 20.11/log0003.csv,4400.0,2.44,0,1,0,1,,,0.0
2026-05-10,20.11,logs/5-10 20.11/log0003.csv,4400.0,2.9,0,2,0,2,,,0.0
2026-05-11,20.11,logs/5-11 20.11/log0001.csv,1600.0,1.0,10,0,0,0,-1.1900000000000002,,-1.4
2026-05-11,20.11,logs/5-11 20.11/log0001.csv,1600.0,1.17,13,0,1,0,-1.4,,-1.4
2026-05-11,20.11,logs/5-11 20.11/log0001.csv,1600.0,1.36,2,0,0,0,-1.4,,-1.4
2026-05-11,20.11,logs/5-11 20.11/log0001.csv,1900.0,1.0,7,0,0,0,-1.0,,-1.05
2026-05-11,20.11,logs/5-11 20.11/log0001.csv,1900.0,1.17,7,0,1,0,-1.4,,-1.4
2026-05-11,20.11,logs/5-11 20.11/log0001.csv,2200.0,1.0,263,0,4,0,-1.1045627376425853,,-2.1
2026-05-11,20.11,logs/5-11 20.11/log0001.csv,2200.0,1.17,15,0,1,0,-1.3300000000000003,,-2.1
2026-05-11,20.11,logs/5-11 20.11/log0001.csv,2600.0,1.0,1,0,0,0,-1.4,,-1.4
2026-05-11,20.11,logs/5-11 20.11/log0001.csv,2600.0,1.17,9,0,0,0,-1.05,,-1.05
2026-05-11,20.11,logs/5-11 20.11/log0001.csv,3000.0,1.17,7,0,0,0,-0.9000000000000001,,-1.05
2026-05-11,20.11,logs/5-11 20.11/log0001.csv,3300.0,1.0,1,0,0,0,-0.7,,-0.7
2026-05-11,20.11,logs/5-11 20.11/log0001.csv,3300.0,1.17,7,0,0,0,-0.7000000000000001,,-0.7
2026-05-11,20.11,logs/5-11 20.11/log0001.csv,3700.0,0.73,1,0,0,0,-0.35,,-0.35
2026-05-11,20.11,logs/5-11 20.11/log0001.csv,3700.0,1.0,6,0,0,0,-0.525,,-0.7
2026-05-11,20.11,logs/5-11 20.11/log0001.csv,4000.0,1.78,0,1,0,1,,,0.0
2026-05-11,20.11,logs/5-11 20.11/log0001.csv,4000.0,2.12,0,1,0,1,,,0.0
2026-05-11,20.11,logs/5-11 20.11/log0001.csv,4000.0,3.22,0,1,0,1,,,0.0
2026-05-11,20.11,logs/5-11 20.11/log0001.csv,4000.0,3.7,0,1,0,1,,,0.0
2026-05-11,20.11,logs/5-11 20.11/log0001.csv,4400.0,3.7,0,1,0,1,,,0.0
2026-05-11,20.11,logs/5-11 20.11/log0001.csv,5200.0,1.64,1,0,0,0,-0.35,,-0.35
2026-05-11,20.11,logs/5-11 20.11/log0001.csv,5200.0,3.22,1,0,0,0,-1.4,,-1.4
2026-05-11,20.11,logs/5-11 20.11/log0001.csv,5500.0,2.44,1,0,0,0,-1.4,,-1.4
2026-05-11,20.11,logs/5-11 20.11/log0001.csv,5500.0,2.6,1,0,0,0,-1.4,,-1.4
2026-05-11,20.11,logs/5-11 20.11/log0001.csv,5500.0,3.22,6,0,1,0,-1.4,,-1.4
2026-05-11,20.11,logs/5-11 20.11/log0001.csv,6000.0,3.22,5,0,0,0,-1.4,,-1.4
2026-05-11,20.11,logs/5-11 20.11/log0003.csv,3300.0,0.57,2,0,0,0,-1.75,,-2.45
2026-05-11,20.11,logs/5-11 20.11/log0003.csv,3300.0,0.73,1,0,0,0,-2.8,,-2.8
2026-05-11,20.11,logs/5-11 20.11/log0003.csv,3300.0,1.0,1,0,0,0,-2.8,,-2.8
2026-05-11,20.11,logs/5-11 20.11/log0003.csv,3300.0,1.17,4,0,0,0,-2.8,,-2.8
2026-05-11,20.11,logs/5-11 20.11/log0003.csv,3300.0,1.36,4,0,2,0,-2.45,,-2.8
2026-05-11,20.11,logs/5-11 20.11/log0003.csv,4000.0,2.44,0,2,0,2,,,0.0
2026-05-11,20.11,logs/5-11 20.11/log0003.csv,4000.0,2.6,0,1,0,1,,,0.0
2026-05-11,20.11,logs/5-11 20.11/log0003.csv,4000.0,2.9,0,2,0,2,,,0.0
2026-05-11,20.11,logs/5-11 20.11/log0003.csv,4400.0,2.9,0,2,0,2,,,0.0
2026-05-17,20.12,logs/5-17 20.12/log0002.csv,2600.0,1.0,5,0,1,0,-1.4,,-1.4
2026-05-17,20.12,logs/5-17 20.12/log0002.csv,2600.0,1.17,8,0,1,0,-1.4,,-1.4
2026-05-17,20.12,logs/5-17 20.12/log0002.csv,3000.0,0.73,1,0,0,0,-0.35,,-0.35
2026-05-17,20.12,logs/5-17 20.12/log0002.csv,3000.0,1.0,15,0,0,0,-1.2366666666666668,,-1.4
2026-05-17,20.12,logs/5-17 20.12/log0002.csv,3000.0,1.17,50,0,2,0,-1.729,,-2.45
2026-05-17,20.12,logs/5-17 20.12/log0002.csv,3000.0,1.36,50,0,2,0,-1.162,,-2.1
2026-05-17,20.12,logs/5-17 20.12/log0002.csv,3000.0,1.51,10,0,0,0,-1.0500000000000005,,-1.05
2026-05-17,20.12,logs/5-17 20.12/log0002.csv,3300.0,1.0,3,0,0,0,-1.05,,-1.05
2026-05-17,20.12,logs/5-17 20.12/log0002.csv,3300.0,1.17,6,0,0,0,-1.05,,-1.05
2026-05-17,20.12,logs/5-17 20.12/log0002.csv,3300.0,2.12,6,0,0,0,-0.35,,-0.35
2026-05-17,20.12,logs/5-17 20.12/log0002.csv,3300.0,2.28,6,0,0,0,-0.35,,-0.35
2026-05-17,20.12,logs/5-17 20.12/log0002.csv,3300.0,2.44,8,0,1,0,-1.09375,,-1.4
2026-05-17,20.12,logs/5-17 20.12/log0002.csv,3300.0,2.6,12,0,0,0,-1.1083333333333332,,-1.4
2026-05-17,20.12,logs/5-17 20.12/log0002.csv,3300.0,2.9,24,0,0,0,-0.9770833333333332,,-1.4
2026-05-17,20.12,logs/5-17 20.12/log0002.csv,3700.0,1.17,7,0,0,0,-0.7500000000000001,,-1.05
2026-05-17,20.12,logs/5-17 20.12/log0002.csv,4000.0,1.0,3,0,0,0,-0.5833333333333334,,-0.7
2026-05-17,20.12,logs/5-17 20.12/log0002.csv,4000.0,1.17,6,0,0,0,-0.7000000000000001,,-0.7
2026-05-17,20.12,logs/5-17 20.12/log0002.csv,4400.0,1.0,3,0,0,0,-0.3499999999999999,,-0.35
2026-05-17,20.12,logs/5-17 20.12/log0002.csv,4400.0,2.6,3,0,1,0,-1.3999999999999997,,-1.4
2026-05-17,20.12,logs/5-17 20.12/log0002.csv,4400.0,2.9,6,0,0,0,-1.225,,-1.4
2026-05-17,20.12,logs/5-17 20.12/log0002.csv,4400.0,3.22,9,0,0,0,-1.3611111111111112,,-1.4
2026-05-17,20.12,logs/5-17 20.12/log0005.csv,1600.0,1.0,1,0,0,0,-1.4,,-1.4
2026-05-17,20.12,logs/5-17 20.12/log0005.csv,1600.0,1.17,1,0,0,0,-1.4,,-1.4
2026-05-17,20.12,logs/5-17 20.12/log0005.csv,1900.0,1.0,18,0,1,0,-1.2250000000000003,,-1.4
2026-05-17,20.12,logs/5-17 20.12/log0005.csv,1900.0,1.17,4,0,0,0,-1.3124999999999998,,-1.4
2026-05-17,20.12,logs/5-17 20.12/log0005.csv,2200.0,1.0,13,0,0,0,-0.8076923076923076,,-1.05
2026-05-17,20.12,logs/5-17 20.12/log0005.csv,2600.0,1.0,4,0,0,0,-0.7,,-0.7
2026-05-17,20.12,logs/5-17 20.12/log0006.csv,2600.0,1.0,66,0,2,0,-2.1318181818181814,,-2.8
2026-05-17,20.12,logs/5-17 20.12/log0007.csv,1200.0,1.0,2,0,0,0,-1.05,,-1.05
2026-05-17,20.12,logs/5-17 20.12/log0007.csv,1600.0,1.0,16,0,0,0,-1.203125,,-1.4
2026-05-17,20.12,logs/5-17 20.12/log0007.csv,1600.0,1.17,3,0,0,0,-1.3999999999999997,,-1.4
2026-05-17,20.12,logs/5-17 20.12/log0007.csv,1900.0,1.0,7,0,0,0,-1.15,,-1.4
2026-05-17,20.12,logs/5-17 20.12/log0007.csv,1900.0,1.17,16,0,2,0,-1.3781249999999998,,-1.4
2026-05-17,20.12,logs/5-17 20.12/log0007.csv,2200.0,1.17,33,0,1,0,-1.071212121212121,,-1.4
2026-05-17,20.12,logs/5-17 20.12/log0007.csv,2200.0,1.36,31,0,0,0,-0.9032258064516128,,-1.4
2026-05-17,20.12,logs/5-17 20.12/log0007.csv,2600.0,0.73,1,0,0,0,-1.05,,-1.05
2026-05-17,20.12,logs/5-17 20.12/log0007.csv,2600.0,1.0,33,0,2,0,-2.2803030303030303,,-2.8
2026-05-17,20.12,logs/5-17 20.12/log0007.csv,2600.0,1.17,81,0,6,0,-1.3567901234567905,,-7.0
2026-05-17,20.12,logs/5-17 20.12/log0007.csv,2600.0,1.36,23,0,0,0,-4.078260869565218,,-7.0
2026-05-17,20.12,logs/5-17 20.12/log0007.csv,2600.0,1.51,23,0,0,0,-5.4173913043478255,,-6.65
2026-05-17,20.12,logs/5-17 20.12/log0007.csv,2600.0,1.64,9,0,0,0,-6.144444444444444,,-6.3
2026-05-17,20.12,logs/5-17 20.12/log0007.csv,2600.0,1.78,12,0,0,0,-5.891666666666667,,-5.95
2026-05-17,20.12,logs/5-17 20.12/log0007.csv,2600.0,1.95,9,0,0,0,-5.561111111111111,,-5.6
2026-05-17,20.12,logs/5-17 20.12/log0007.csv,3000.0,1.95,10,0,0,0,-5.39,,-5.6
2026-05-17,20.12,logs/5-17 20.12/log0007.csv,3000.0,2.12,19,0,0,0,-4.844736842105264,,-5.25
2026-05-17,20.12,logs/5-17 20.12/log0007.csv,3000.0,2.28,25,0,0,0,-3.92,,-4.9
2026-05-17,20.12,logs/5-17 20.12/log0007.csv,3000.0,2.44,17,0,0,0,-4.076470588235294,,-4.2
2026-05-17,20.12,logs/5-17 20.12/log0007.csv,3000.0,2.6,18,0,0,0,-3.655555555555555,,-3.85
2026-05-17,20.12,logs/5-17 20.12/log0007.csv,3300.0,1.0,137,0,5,0,-1.3846715328467152,,-2.45
2026-05-17,20.12,logs/5-17 20.12/log0007.csv,3300.0,1.17,120,0,1,0,-0.9508333333333332,,-2.45
2026-05-17,20.12,logs/5-17 20.12/log0007.csv,3300.0,1.36,9,0,0,0,-0.9333333333333332,,-1.05
2026-05-17,20.12,logs/5-17 20.12/log0007.csv,3300.0,1.95,2,1,0,1,-0.35,,-0.35
2026-05-17,20.12,logs/5-17 20.12/log0007.csv,3300.0,2.12,7,6,1,6,-0.5000000000000001,,-1.4
2026-05-17,20.12,logs/5-17 20.12/log0007.csv,3300.0,2.28,16,4,0,4,-0.940625,,-1.4
2026-05-17,20.12,logs/5-17 20.12/log0007.csv,3300.0,2.44,25,1,0,1,-0.8539999999999999,,-1.05
2026-05-17,20.12,logs/5-17 20.12/log0007.csv,3300.0,2.6,5,4,0,4,-3.43,,-3.5
2026-05-17,20.12,logs/5-17 20.12/log0007.csv,3300.0,2.9,18,15,0,15,-2.936111111111111,,-3.15
2026-05-17,20.12,logs/5-17 20.12/log0007.csv,3300.0,3.22,0,1,0,1,,,0.0
2026-05-17,20.12,logs/5-17 20.12/log0007.csv,3700.0,1.0,30,0,1,0,-0.9916666666666668,,-1.4
2026-05-17,20.12,logs/5-17 20.12/log0007.csv,3700.0,1.17,49,0,1,0,-0.95,,-1.4
2026-05-17,20.12,logs/5-17 20.12/log0007.csv,3700.0,2.12,0,2,0,2,,,0.0
2026-05-17,20.12,logs/5-17 20.12/log0007.csv,3700.0,2.28,0,8,0,8,,,0.0
2026-05-17,20.12,logs/5-17 20.12/log0007.csv,3700.0,2.6,0,2,0,2,,,0.0
2026-05-17,20.12,logs/5-17 20.12/log0007.csv,3700.0,2.9,0,5,0,5,,,0.0
2026-05-17,20.12,logs/5-17 20.12/log0007.csv,4000.0,2.12,0,4,0,4,,,0.0
2026-05-17,20.12,logs/5-17 20.12/log0007.csv,4000.0,2.28,0,3,0,3,,,0.0
2026-05-17,20.12,logs/5-17 20.12/log0007.csv,4000.0,2.44,0,1,0,1,,,0.0
2026-05-22,20.13,logs/5-22 20.13/log0001.csv,1600.0,1.36,3,0,0,0,-1.3999999999999997,,-1.4
2026-05-22,20.13,logs/5-22 20.13/log0001.csv,1900.0,1.0,6,0,1,0,-1.1666666666666663,,-1.4
2026-05-22,20.13,logs/5-22 20.13/log0001.csv,1900.0,1.17,17,0,0,0,-1.3588235294117643,,-1.4
2026-05-22,20.13,logs/5-22 20.13/log0001.csv,1900.0,1.36,6,0,1,0,-1.4,,-1.4
2026-05-22,20.13,logs/5-22 20.13/log0001.csv,2200.0,1.0,28,0,0,0,-0.7250000000000003,,-1.05
2026-05-22,20.13,logs/5-22 20.13/log0001.csv,2200.0,1.36,8,0,0,0,-1.1375000000000002,,-1.4
2026-05-22,20.13,logs/5-22 20.13/log0001.csv,2600.0,0.73,4,0,0,0,-1.6625,,-2.45
2026-05-22,20.13,logs/5-22 20.13/log0001.csv,2600.0,1.0,79,0,5,0,-1.2360759493670883,,-2.8
2026-05-22,20.13,logs/5-22 20.13/log0001.csv,2600.0,1.17,129,0,6,0,-1.0771317829457363,,-1.4
2026-05-22,20.13,logs/5-22 20.13/log0001.csv,2600.0,1.36,43,0,0,0,-1.0581395348837208,,-1.4
2026-05-22,20.13,logs/5-22 20.13/log0001.csv,2600.0,1.51,6,0,0,0,-1.05,,-1.05
2026-05-22,20.13,logs/5-22 20.13/log0001.csv,3000.0,0.57,2,0,0,0,-0.5249999999999999,,-0.7
2026-05-22,20.13,logs/5-22 20.13/log0001.csv,3000.0,0.73,1,0,0,0,-0.7,,-0.7
2026-05-22,20.13,logs/5-22 20.13/log0001.csv,3000.0,1.0,25,0,1,0,-1.106,,-1.4
2026-05-22,20.13,logs/5-22 20.13/log0001.csv,3000.0,1.17,69,0,0,0,-0.8217391304347824,,-1.4
2026-05-22,20.13,logs/5-22 20.13/log0001.csv,3000.0,1.36,4,0,1,0,-1.05,,-1.4
2026-05-22,20.13,logs/5-22 20.13/log0001.csv,3000.0,1.51,8,0,0,0,-0.83125,,-1.05
2026-05-22,20.13,logs/5-22 20.13/log0001.csv,3300.0,1.0,125,0,4,0,-0.9996,,-2.8
2026-05-22,20.13,logs/5-22 20.13/log0001.csv,3300.0,1.17,108,0,3,0,-1.037037037037037,,-2.8
2026-05-22,20.13,logs/5-22 20.13/log0001.csv,3300.0,1.36,74,0,1,0,-1.22027027027027,,-2.45
2026-05-22,20.13,logs/5-22 20.13/log0001.csv,3300.0,1.51,16,0,1,0,-1.925,,-2.45
2026-05-22,20.13,logs/5-22 20.13/log0001.csv,3300.0,1.64,29,0,0,0,-1.3758620689655172,,-2.1
2026-05-22,20.13,logs/5-22 20.13/log0001.csv,3300.0,1.78,19,0,0,0,-1.1236842105263158,,-1.4
2026-05-22,20.13,logs/5-22 20.13/log0001.csv,3300.0,1.95,40,0,0,0,-0.70875,,-1.4
2026-05-22,20.13,logs/5-22 20.13/log0001.csv,3300.0,2.12,17,0,0,0,-0.7411764705882352,,-1.05
2026-05-22,20.13,logs/5-22 20.13/log0001.csv,3300.0,2.28,17,0,0,0,-0.5147058823529411,,-1.05
2026-05-22,20.13,logs/5-22 20.13/log0001.csv,3300.0,2.44,4,0,0,0,-1.05,,-1.05
2026-05-22,20.13,logs/5-22 20.13/log0001.csv,3300.0,2.6,3,0,0,0,-0.8166666666666668,,-1.05
2026-05-22,20.13,logs/5-22 20.13/log0001.csv,3300.0,2.9,17,0,0,0,-0.5970588235294116,,-0.7
2026-05-23,20.14,logs/5-23 20.14/log0001.csv,1600.0,1.0,3,0,1,0,-1.3999999999999997,,-1.4
2026-05-23,20.14,logs/5-23 20.14/log0001.csv,1600.0,1.17,4,0,0,0,-1.4,,-1.4
2026-05-23,20.14,logs/5-23 20.14/log0001.csv,1900.0,1.0,9,0,2,0,-2.1777777777777776,,-4.2
2026-05-23,20.14,logs/5-23 20.14/log0001.csv,1900.0,1.17,2,0,0,0,-1.4,,-1.4
2026-05-23,20.14,logs/5-23 20.14/log0001.csv,2200.0,1.0,48,0,2,0,-3.507291645833334,,-4.2
2026-05-23,20.14,logs/5-23 20.14/log0001.csv,2600.0,1.0,11,0,0,0,-2.545454545454545,,-2.8
2026-05-23,20.14,logs/5-23 20.14/log0001.csv,2600.0,1.17,2,0,1,0,-1.4,,-1.4
2026-05-23,20.14,logs/5-23 20.14/log0001.csv,3000.0,1.0,10,0,0,0,-2.1000000000000005,,-2.45
2026-05-23,20.14,logs/5-23 20.14/log0001.csv,3000.0,1.17,6,0,0,0,-1.4,,-1.4
2026-05-23,20.14,logs/5-23 20.14/log0001.csv,3300.0,1.17,7,0,0,0,-1.4,,-1.4
2026-05-23,20.14,logs/5-23 20.14/log0001.csv,3700.0,1.17,8,0,0,0,-1.05,,-1.05
2026-05-23,20.14,logs/5-23 20.14/log0001.csv,4000.0,1.17,6,0,0,0,-1.05,,-1.05
2026-05-23,20.14,logs/5-23 20.14/log0001.csv,4400.0,0.57,1,0,0,0,-0.35,,-0.35
2026-05-23,20.14,logs/5-23 20.14/log0001.csv,4400.0,1.0,1,0,0,0,-0.7,,-0.7
2026-05-23,20.14,logs/5-23 20.14/log0001.csv,4400.0,1.17,7,0,0,0,-0.7000000000000001,,-0.7
2026-05-23,20.14,logs/5-23 20.14/log0003.csv,1600.0,0.73,2,0,0,0,-0.7,,-0.7
2026-05-23,20.14,logs/5-23 20.14/log0003.csv,1600.0,1.0,28,0,1,0,-1.2249999999999996,,-1.4
2026-05-23,20.14,logs/5-23 20.14/log0003.csv,1900.0,1.0,20,0,0,0,-1.2600000000000002,,-1.4
2026-05-23,20.14,logs/5-23 20.14/log0003.csv,1900.0,1.17,16,0,2,0,-1.4,,-1.4
2026-05-23,20.14,logs/5-23 20.14/log0003.csv,2200.0,0.73,7,0,0,0,-0.7999999999999999,,-1.4
2026-05-23,20.14,logs/5-23 20.14/log0003.csv,2200.0,1.0,39,0,1,0,-1.2294871794871791,,-1.4
2026-05-23,20.14,logs/5-23 20.14/log0003.csv,2200.0,1.17,21,0,5,0,-3.2,,-5.6
2026-05-23,20.14,logs/5-23 20.14/log0003.csv,2600.0,0.73,2,0,0,0,-1.4,,-2.1
2026-05-23,20.14,logs/5-23 20.14/log0003.csv,2600.0,1.0,49,0,1,0,-1.1071428571428572,,-2.8
2026-05-23,20.14,logs/5-23 20.14/log0003.csv,2600.0,1.17,57,0,5,0,-3.978947368421052,,-5.6
2026-05-23,20.14,logs/5-23 20.14/log0003.csv,2600.0,1.36,15,0,1,0,-1.1200000000000003,,-1.4
2026-05-23,20.14,logs/5-23 20.14/log0003.csv,3000.0,0.27,2,0,0,0,-1.74999,,-2.44999
2026-05-23,20.14,logs/5-23 20.14/log0003.csv,3000.0,0.57,3,0,0,0,-5.249996666666667,,-6.65
2026-05-23,20.14,logs/5-23 20.14/log0003.csv,3000.0,0.73,2,0,0,0,-7.875,,-8.05
2026-05-23,20.14,logs/5-23 20.14/log0003.csv,3000.0,1.0,31,0,3,0,-2.1677419354838707,,-8.05
2026-05-23,20.14,logs/5-23 20.14/log0003.csv,3000.0,1.17,67,0,4,0,-3.515671641791045,,-8.05
2026-05-23,20.14,logs/5-23 20.14/log0003.csv,3000.0,1.36,4,0,1,0,-7.7,,-8.05
2026-05-23,20.14,logs/5-23 20.14/log0003.csv,3000.0,1.51,3,0,1,0,-1.3999999999999997,,-1.4
2026-05-23,20.14,logs/5-23 20.14/log0003.csv,3000.0,1.64,8,0,0,0,-1.4,,-1.4
2026-05-23,20.14,logs/5-23 20.14/log0003.csv,3000.0,1.95,0,3,0,3,,,0.0
2026-05-23,20.14,logs/5-23 20.14/log0003.csv,3000.0,2.12,0,14,0,14,,,0.0
2026-05-23,20.14,logs/5-23 20.14/log0003.csv,3000.0,2.28,0,4,0,4,,,0.0
2026-05-23,20.14,logs/5-23 20.14/log0003.csv,3000.0,2.44,0,1,0,1,,,0.0
2026-05-23,20.14,logs/5-23 20.14/log0003.csv,3300.0,0.73,1,0,0,0,-1.4,,-1.4
2026-05-23,20.14,logs/5-23 20.14/log0003.csv,3300.0,1.0,115,0,1,0,-2.370869565217392,,-4.55
2026-05-23,20.14,logs/5-23 20.14/log0003.csv,3300.0,1.17,18,0,0,0,-1.3222222222222224,,-2.8
2026-05-23,20.14,logs/5-23 20.14/log0003.csv,3300.0,1.36,27,0,3,0,-2.307407407407407,,-2.8
2026-05-23,20.14,logs/5-23 20.14/log0003.csv,3300.0,1.51,8,0,3,0,-2.75625,,-4.2
2026-05-23,20.14,logs/5-23 20.14/log0003.csv,3300.0,1.64,18,0,0,0,-3.888888888888889,,-4.2
2026-05-23,20.14,logs/5-23 20.14/log0003.csv,3300.0,1.78,16,0,0,0,-3.5875,,-3.85
2026-05-23,20.14,logs/5-23 20.14/log0003.csv,3300.0,1.95,22,8,0,8,-3.5000000000000013,,-3.85
2026-05-23,20.14,logs/5-23 20.14/log0003.csv,3300.0,2.12,0,16,0,16,,,0.0
2026-05-23,20.14,logs/5-23 20.14/log0003.csv,3300.0,2.28,0,8,0,8,,,0.0
2026-05-23,20.14,logs/5-23 20.14/log0003.csv,3300.0,2.44,0,3,0,3,,,0.0
2026-05-23,20.14,logs/5-23 20.14/log0003.csv,3300.0,2.6,0,3,0,3,,,0.0
2026-05-23,20.14,logs/5-23 20.14/log0003.csv,3300.0,2.9,0,4,0,4,,,0.0
2026-05-23,20.14,logs/5-23 20.14/log0003.csv,3700.0,0.57,1,0,0,0,-0.35,,-0.35
2026-05-23,20.14,logs/5-23 20.14/log0003.csv,3700.0,0.73,4,0,0,0,-2.1875,,-2.8
2026-05-23,20.14,logs/5-23 20.14/log0003.csv,3700.0,1.0,50,0,0,0,-1.057,,-3.5
2026-05-23,20.14,logs/5-23 20.14/log0003.csv,3700.0,1.17,26,0,1,0,-1.5076923076923072,,-2.45
2026-05-23,20.14,logs/5-23 20.14/log0003.csv,3700.0,1.64,2,0,1,0,-1.4,,-1.4
2026-05-23,20.14,logs/5-23 20.14/log0003.csv,3700.0,1.78,1,0,0,0,-1.4,,-1.4
2026-05-23,20.14,logs/5-23 20.14/log0003.csv,3700.0,3.22,0,1,0,1,,,0.0
2026-05-23,20.14,logs/5-23 20.14/log0003.csv,4000.0,1.78,2,0,0,0,-1.4,,-1.4
2026-05-23,20.14,logs/5-23 20.14/log0003.csv,4000.0,1.95,2,0,0,0,-1.4,,-1.4
2026-05-23,20.14,logs/5-23 20.14/log0003.csv,4000.0,2.12,1,2,0,2,-1.4,,-1.4
2026-05-23,20.14,logs/5-23 20.14/log0003.csv,4000.0,2.28,0,1,0,1,,,0.0
2026-05-23,20.14,logs/5-23 20.14/log0003.csv,4000.0,3.22,0,1,0,1,,,0.0
2026-05-23,20.14,logs/5-23 20.14/log0003.csv,4400.0,2.12,2,0,0,0,-1.4,,-1.4
2026-05-23,20.14,logs/5-23 20.14/log0003.csv,4400.0,2.28,4,0,0,0,-1.4,,-1.4
2026-05-23,20.14,logs/5-23 20.14/log0003.csv,4800.0,2.12,2,0,0,0,-1.05,,-1.05
2026-05-23,20.14,logs/5-23 20.14/log0003.csv,4800.0,2.28,1,0,0,0,-1.05,,-1.05
2026-05-26,20.15,logs/5-26 20.15/log0001.csv,1900.0,1.0,16,0,1,0,-1.35625,,-1.4
2026-05-26,20.15,logs/5-26 20.15/log0001.csv,2200.0,1.0,20,0,0,0,-0.91,,-1.05
2026-05-26,20.15,logs/5-26 20.15/log0001.csv,2200.0,1.17,13,0,0,0,-0.5115384615384614,,-0.7
2026-05-26,20.15,logs/5-26 20.15/log0001.csv,2600.0,1.0,1,0,0,0,-0.35,,-0.35
2026-05-26,20.15,logs/5-26 20.15/log0001.csv,2600.0,1.17,27,0,2,0,-2.048148148148148,,-2.8
2026-05-26,20.15,logs/5-26 20.15/log0001.csv,2600.0,1.36,17,0,0,0,-2.4294117647058826,,-2.8
2026-05-26,20.15,logs/5-26 20.15/log0001.csv,3000.0,1.0,29,0,0,0,-1.4844827586206892,,-1.75
2026-05-26,20.15,logs/5-26 20.15/log0001.csv,3000.0,1.17,8,0,0,0,-2.0125,,-2.1
2026-05-28,20.15,logs/5-28 20.15/log0001.csv,1200.0,1.0,13,0,1,0,-2.5846153846153848,,-2.8
2026-05-28,20.15,logs/5-28 20.15/log0001.csv,1200.0,1.17,1,0,1,0,-1.4,,-1.4
2026-05-28,20.15,logs/5-28 20.15/log0001.csv,1600.0,1.0,3,0,0,0,-2.7999999999999994,,-2.8
2026-05-28,20.15,logs/5-28 20.15/log0001.csv,1600.0,1.17,23,0,0,0,-2.31304347826087,,-2.45
2026-05-28,20.15,logs/5-28 20.15/log0001.csv,1900.0,1.17,24,0,0,0,-1.7645833333333334,,-2.1
2026-05-28,20.15,logs/5-28 20.15/log0001.csv,2200.0,0.57,1,0,0,0,-1.4,,-1.4
2026-05-28,20.15,logs/5-28 20.15/log0001.csv,2200.0,1.0,30,0,5,0,-4.328333333333335,,-7.0
2026-05-28,20.15,logs/5-28 20.15/log0001.csv,2200.0,1.17,62,0,3,0,-2.5064516129032266,,-6.65
2026-05-28,20.15,logs/5-28 20.15/log0001.csv,2200.0,1.36,36,0,0,0,-2.4111111111111105,,-2.8
2026-05-28,20.15,logs/5-28 20.15/log0001.csv,2600.0,0.27,1,0,0,0,-0.699995,,-0.699995
2026-05-28,20.15,logs/5-28 20.15/log0001.csv,2600.0,0.57,4,0,0,0,-2.275,,-4.2
2026-05-28,20.15,logs/5-28 20.15/log0001.csv,2600.0,0.73,5,0,0,0,-2.45,,-5.6
2026-05-28,20.15,logs/5-28 20.15/log0001.csv,2600.0,1.0,75,0,2,0,-1.4326666666666668,,-7.0
2026-05-28,20.15,logs/5-28 20.15/log0001.csv,2600.0,1.17,218,0,5,0,-1.615137614678899,,-6.65
2026-05-28,20.15,logs/5-28 20.15/log0001.csv,2600.0,1.36,23,0,0,0,-1.0043478260869565,,-6.3
2026-05-28,20.15,logs/5-28 20.15/log0001.csv,3000.0,1.0,89,0,0,0,-1.0775280898876405,,-4.2
2026-05-28,20.15,logs/5-28 20.15/log0001.csv,3000.0,1.17,102,0,4,0,-1.207843137254902,,-4.2
2026-05-28,20.15,logs/5-28 20.15/log0001.csv,3000.0,1.36,6,0,2,0,-1.4,,-1.4
2026-05-28,20.15,logs/5-28 20.15/log0001.csv,3000.0,1.51,6,0,0,0,-1.4,,-1.4
2026-05-28,20.15,logs/5-28 20.15/log0001.csv,3000.0,1.64,6,0,0,0,-1.225,,-1.4
2026-05-28,20.15,logs/5-28 20.15/log0001.csv,3000.0,1.78,4,0,0,0,-1.05,,-1.05
2026-05-28,20.15,logs/5-28 20.15/log0001.csv,3300.0,1.0,109,0,3,0,-1.6215596330275226,,-3.85
2026-05-28,20.15,logs/5-28 20.15/log0001.csv,3300.0,1.17,150,0,3,0,-1.7196664800000003,,-3.15
2026-05-28,20.15,logs/5-28 20.15/log0001.csv,3300.0,1.36,20,0,0,0,-1.2074999999999998,,-1.4
2026-05-28,20.15,logs/5-28 20.15/log0001.csv,3300.0,1.51,21,0,0,0,-1.15,,-1.4
2026-05-28,20.15,logs/5-28 20.15/log0001.csv,3300.0,1.78,2,0,0,0,-1.05,,-1.05
2026-05-28,20.15,logs/5-28 20.15/log0001.csv,3300.0,1.95,9,0,0,0,-0.8944444444444444,,-1.05
2026-05-28,20.15,logs/5-28 20.15/log0001.csv,3300.0,2.12,4,3,0,3,-0.7,,-0.7
2026-05-28,20.15,logs/5-28 20.15/log0001.csv,3300.0,2.28,6,0,0,0,-0.7000000000000001,,-0.7
2026-05-28,20.15,logs/5-28 20.15/log0001.csv,3300.0,2.44,2,1,0,1,-0.35,,-0.35
2026-05-28,20.15,logs/5-28 20.15/log0001.csv,3300.0,2.6,5,3,0,3,-0.35,,-0.35
2026-05-28,20.15,logs/5-28 20.15/log0001.csv,3300.0,2.9,7,4,0,4,-0.35,,-0.35
2026-05-28,20.15,logs/5-28 20.15/log0001.csv,3300.0,3.22,0,2,0,2,,,0.0
2026-05-28,20.15,logs/5-28 20.15/log0001.csv,3700.0,1.0,48,0,2,0,-2.377083333333333,,-2.8
2026-05-28,20.15,logs/5-28 20.15/log0001.csv,3700.0,1.36,14,0,1,0,-0.95,,-1.4
2026-05-28,20.15,logs/5-28 20.15/log0001.csv,3700.0,1.51,1,0,0,0,-0.7,,-0.7
2026-05-28,20.15,logs/5-28 20.15/log0001.csv,3700.0,2.28,0,2,0,2,,,0.0
2026-05-28,20.15,logs/5-28 20.15/log0001.csv,3700.0,2.9,0,2,0,2,,,0.0
2026-05-28,20.15,logs/5-28 20.15/log0001.csv,4000.0,0.73,3,0,0,0,-1.1666666666666667,,-1.4
2026-05-28,20.15,logs/5-28 20.15/log0001.csv,4000.0,1.0,20,0,0,0,-1.5749999999999995,,-1.75
2026-05-28,20.15,logs/5-28 20.15/log0001.csv,4000.0,1.64,0,1,0,1,,,0.0
2026-05-28,20.15,logs/5-28 20.15/log0001.csv,4000.0,2.44,0,1,0,1,,,0.0
2026-05-28,20.15,logs/5-28 20.15/log0001.csv,4000.0,2.6,0,1,0,1,,,0.0
2026-05-28,20.15,logs/5-28 20.15/log0001.csv,4000.0,2.9,0,1,0,1,,,0.0
2026-05-30,20.16,logs/5-30 20.16/log0001.csv,1600.0,1.0,1,0,0,0,-1.05,,-1.05
2026-05-30,20.16,logs/5-30 20.16/log0001.csv,1600.0,1.17,9,0,0,0,-1.2444444444444445,,-1.4
2026-05-30,20.16,logs/5-30 20.16/log0001.csv,1900.0,1.0,2,0,0,0,-1.05,,-1.05
2026-05-30,20.16,logs/5-30 20.16/log0001.csv,1900.0,1.17,16,0,3,0,-1.61875,,-2.8
2026-05-30,20.16,logs/5-30 20.16/log0001.csv,1900.0,1.36,1,0,1,0,-1.4,,-1.4
2026-05-30,20.16,logs/5-30 20.16/log0001.csv,2200.0,0.57,1,0,0,0,-0.7,,-0.7
2026-05-30,20.16,logs/5-30 20.16/log0001.csv,2200.0,0.73,1,0,0,0,-1.05,,-1.05
2026-05-30,20.16,logs/5-30 20.16/log0001.csv,2200.0,1.0,18,0,8,0,-8.283333333333333,,-11.2
2026-05-30,20.16,logs/5-30 20.16/log0001.csv,2200.0,1.17,31,0,4,0,-5.825806451612904,,-11.2
2026-05-30,20.16,logs/5-30 20.16/log0001.csv,2600.0,0.73,7,0,0,0,-4.699990000000001,,-8.39999
2026-05-30,20.16,logs/5-30 20.16/log0001.csv,2600.0,1.0,108,0,9,0,-8.12037037037037,,-11.8
2026-05-30,20.16,logs/5-30 20.16/log0001.csv,2600.0,1.17,78,0,10,0,-5.218589743589743,,-10.85
2026-05-30,20.16,logs/5-30 20.16/log0001.csv,3000.0,0.27,8,0,0,0,-4.037493749999999,,-9.35
2026-05-30,20.16,logs/5-30 20.16/log0001.csv,3000.0,0.57,4,0,0,0,-6.95,,-10.75
2026-05-30,20.16,logs/5-30 20.16/log0001.csv,3000.0,0.73,1,0,0,0,-6.65,,-6.65
2026-05-30,20.16,logs/5-30 20.16/log0001.csv,3000.0,1.0,61,0,0,0,-5.272950803278687,,-11.8
2026-05-30,20.16,logs/5-30 20.16/log0001.csv,3000.0,1.17,10,0,0,0,-1.435,,-7.0
2026-05-30,20.16,logs/5-30 20.16/log0001.csv,3300.0,1.0,12,0,0,0,-2.625,,-5.25
2026-05-30,20.16,logs/5-30 20.16/log0001.csv,3300.0,1.17,7,0,0,0,-1.05,,-1.05
2026-05-30,20.16,logs/5-30 20.16/log0001.csv,3300.0,1.51,13,0,1,0,-1.4,,-1.4
2026-05-30,20.16,logs/5-30 20.16/log0001.csv,3300.0,1.64,4,0,0,0,-1.1375,,-1.4
2026-05-30,20.16,logs/5-30 20.16/log0001.csv,3700.0,0.73,1,0,0,0,-1.05,,-1.05
2026-05-30,20.16,logs/5-30 20.16/log0001.csv,3700.0,1.17,6,0,0,0,-0.8166666666666668,,-1.05
2026-05-30,20.16,logs/5-30 20.16/log0001.csv,3700.0,1.36,1,0,0,0,-1.05,,-1.05
2026-05-30,20.16,logs/5-30 20.16/log0001.csv,3700.0,1.51,3,0,0,0,-1.05,,-1.05
2026-05-30,20.16,logs/5-30 20.16/log0001.csv,3700.0,1.64,3,0,0,0,-1.05,,-1.05
2026-05-30,20.16,logs/5-30 20.16/log0001.csv,4000.0,1.0,2,0,0,0,-0.7,,-0.7
2026-05-30,20.16,logs/5-30 20.16/log0001.csv,4000.0,1.17,2,0,0,0,-0.7,,-0.7
2026-06-07,20.17a,logs/6-7 BIG 20.17a fixed/log0001.csv,1200.0,1.0,12,0,0,0,-0.9625,,-1.4
2026-06-07,20.17a,logs/6-7 BIG 20.17a fixed/log0001.csv,1200.0,1.17,14,0,2,0,-1.65,,-2.8
2026-06-07,20.17a,logs/6-7 BIG 20.17a fixed/log0001.csv,1600.0,0.73,1,0,0,0,-0.7,,-0.7
2026-06-07,20.17a,logs/6-7 BIG 20.17a fixed/log0001.csv,1600.0,1.0,20,0,5,0,-1.3649999999999998,,-1.4
2026-06-07,20.17a,logs/6-7 BIG 20.17a fixed/log0001.csv,1600.0,1.17,25,0,3,0,-1.358,,-2.8
2026-06-07,20.17a,logs/6-7 BIG 20.17a fixed/log0001.csv,1600.0,1.36,3,0,0,0,-0.8166666666666668,,-1.05
2026-06-07,20.17a,logs/6-7 BIG 20.17a fixed/log0001.csv,1900.0,1.0,1,0,1,0,-2.8,,-2.8
2026-06-07,20.17a,logs/6-7 BIG 20.17a fixed/log0001.csv,1900.0,1.17,63,0,2,0,-1.7555555555555562,,-2.8
2026-06-07,20.17a,logs/6-7 BIG 20.17a fixed/log0001.csv,2200.0,0.57,1,0,0,0,-1.05,,-1.05
2026-06-07,20.17a,logs/6-7 BIG 20.17a fixed/log0001.csv,2200.0,0.73,3,0,0,0,-1.866666666666667,,-2.45
2026-06-07,20.17a,logs/6-7 BIG 20.17a fixed/log0001.csv,2200.0,1.0,69,0,7,0,-6.776811594202899,,-9.8
2026-06-07,20.17a,logs/6-7 BIG 20.17a fixed/log0001.csv,2200.0,1.17,77,0,10,0,-3.472727272727271,,-8.05
2026-06-07,20.17a,logs/6-7 BIG 20.17a fixed/log0001.csv,2200.0,1.36,11,0,1,0,-1.3363636363636364,,-1.4
2026-06-07,20.17a,logs/6-7 BIG 20.17a fixed/log0001.csv,2600.0,0.73,13,0,0,0,-0.9153845384615382,,-2.8
2026-06-07,20.17a,logs/6-7 BIG 20.17a fixed/log0001.csv,2600.0,1.0,279,1,21,1,-3.0534048351254475,,-9.45
2026-06-07,20.17a,logs/6-7 BIG 20.17a fixed/log0001.csv,2600.0,1.17,279,7,14,7,-2.32831541218638,,-7.7
2026-06-07,20.17a,logs/6-7 BIG 20.17a fixed/log0001.csv,2600.0,1.36,131,0,8,0,-2.054580152671756,,-7.0
2026-06-07,20.17a,logs/6-7 BIG 20.17a fixed/log0001.csv,2600.0,1.51,82,0,1,0,-1.856707304878049,,-7.0
2026-06-07,20.17a,logs/6-7 BIG 20.17a fixed/log0001.csv,2600.0,1.64,24,0,0,0,-1.925,,-3.5
2026-06-07,20.17a,logs/6-7 BIG 20.17a fixed/log0001.csv,2600.0,1.78,28,0,0,0,-1.7375000000000005,,-3.15
2026-06-07,20.17a,logs/6-7 BIG 20.17a fixed/log0001.csv,2600.0,1.95,32,0,1,0,-1.1046874999999998,,-2.8
2026-06-07,20.17a,logs/6-7 BIG 20.17a fixed/log0001.csv,2600.0,2.12,5,0,0,0,-1.12,,-1.4
2026-06-07,20.17a,logs/6-7 BIG 20.17a fixed/log0001.csv,3000.0,0.73,5,0,0,0,-1.05,,-1.75
2026-06-07,20.17a,logs/6-7 BIG 20.17a fixed/log0001.csv,3000.0,1.0,376,5,7,5,-1.5498669680851065,,-4.2
2026-06-07,20.17a,logs/6-7 BIG 20.17a fixed/log0001.csv,3000.0,1.17,382,69,15,69,-1.7399214659685864,,-7.0
2026-06-07,20.17a,logs/6-7 BIG 20.17a fixed/log0001.csv,3000.0,1.36,228,9,8,9,-1.3094297982456142,,-6.3
2026-06-07,20.17a,logs/6-7 BIG 20.17a fixed/log0001.csv,3000.0,1.51,92,1,2,1,-1.852717326086957,,-6.65
2026-06-07,20.17a,logs/6-7 BIG 20.17a fixed/log0001.csv,3000.0,1.64,57,0,1,0,-0.7736842105263159,,-2.1
2026-06-07,20.17a,logs/6-7 BIG 20.17a fixed/log0001.csv,3000.0,1.78,5,0,1,0,-1.5400000000000005,,-2.8
2026-06-07,20.17a,logs/6-7 BIG 20.17a fixed/log0001.csv,3000.0,1.95,7,0,0,0,-1.4,,-1.4
2026-06-07,20.17a,logs/6-7 BIG 20.17a fixed/log0001.csv,3000.0,2.12,17,0,0,0,-0.9882352941176472,,-1.4
2026-06-07,20.17a,logs/6-7 BIG 20.17a fixed/log0001.csv,3000.0,2.28,19,0,0,0,-0.5710526315789473,,-0.7
2026-06-07,20.17a,logs/6-7 BIG 20.17a fixed/log0001.csv,3300.0,0.73,2,0,0,0,-1.05,,-1.75
2026-06-07,20.17a,logs/6-7 BIG 20.17a fixed/log0001.csv,3300.0,1.0,383,1,8,1,-0.9403394255874672,,-2.8
2026-06-07,20.17a,logs/6-7 BIG 20.17a fixed/log0001.csv,3300.0,1.17,457,32,18,32,-1.6121442888402624,,-10.15
2026-06-07,20.17a,logs/6-7 BIG 20.17a fixed/log0001.csv,3300.0,1.36,149,12,5,12,-2.370134194630872,,-7.0
2026-06-07,20.17a,logs/6-7 BIG 20.17a fixed/log0001.csv,3300.0,1.51,66,2,5,2,-1.421212121212121,,-7.0
2026-06-07,20.17a,logs/6-7 BIG 20.17a fixed/log0001.csv,3300.0,1.64,87,0,2,0,-1.6091954022988513,,-8.4
2026-06-07,20.17a,logs/6-7 BIG 20.17a fixed/log0001.csv,3300.0,1.78,93,0,0,0,-1.1854838709677415,,-8.4
2026-06-07,20.17a,logs/6-7 BIG 20.17a fixed/log0001.csv,3300.0,1.95,30,0,0,0,-2.17,,-8.4
2026-06-07,20.17a,logs/6-7 BIG 20.17a fixed/log0001.csv,3300.0,2.12,5,0,0,0,-2.5200000000000005,,-8.05
2026-06-07,20.17a,logs/6-7 BIG 20.17a fixed/log0001.csv,3300.0,2.28,4,0,0,0,-1.05,,-1.05
2026-06-07,20.17a,logs/6-7 BIG 20.17a fixed/log0001.csv,3300.0,2.44,7,0,0,0,-1.05,,-1.05
2026-06-07,20.17a,logs/6-7 BIG 20.17a fixed/log0001.csv,3300.0,2.6,8,0,0,0,-0.7437499999999999,,-1.05
2026-06-07,20.17a,logs/6-7 BIG 20.17a fixed/log0001.csv,3300.0,2.9,17,0,0,0,-0.4941176470588234,,-0.7
2026-06-07,20.17a,logs/6-7 BIG 20.17a fixed/log0001.csv,3300.0,3.22,4,0,0,0,-0.35,,-0.35
2026-06-07,20.17a,logs/6-7 BIG 20.17a fixed/log0001.csv,3700.0,0.57,2,0,0,0,-1.2249949999999998,,-1.74999
2026-06-07,20.17a,logs/6-7 BIG 20.17a fixed/log0001.csv,3700.0,0.73,16,0,0,0,-2.5812454375,,-8.74999
2026-06-07,20.17a,logs/6-7 BIG 20.17a fixed/log0001.csv,3700.0,1.0,406,0,6,0,-1.3344823645320198,,-9.44999
2026-06-07,20.17a,logs/6-7 BIG 20.17a fixed/log0001.csv,3700.0,1.17,275,0,8,0,-1.3338178909090908,,-9.79999
2026-06-07,20.17a,logs/6-7 BIG 20.17a fixed/log0001.csv,3700.0,1.36,67,0,1,0,-1.4052238059701494,,-6.65
2026-06-07,20.17a,logs/6-7 BIG 20.17a fixed/log0001.csv,3700.0,1.51,12,0,0,0,-1.6624999999999996,,-6.3
2026-06-07,20.17a,logs/6-7 BIG 20.17a fixed/log0001.csv,3700.0,1.78,1,0,0,0,-2.79999,,-2.79999
2026-06-07,20.17a,logs/6-7 BIG 20.17a fixed/log0001.csv,3700.0,2.12,6,0,0,0,-7.408329999999999,,-9.1
2026-06-07,20.17a,logs/6-7 BIG 20.17a fixed/log0001.csv,3700.0,2.28,10,0,2,0,-8.224999,,-10.85
2026-06-07,20.17a,logs/6-7 BIG 20.17a fixed/log0001.csv,4000.0,0.27,1,0,0,0,-0.349999,,-0.349999
2026-06-07,20.17a,logs/6-7 BIG 20.17a fixed/log0001.csv,4000.0,0.57,1,0,0,0,-2.1,,-2.1
2026-06-07,20.17a,logs/6-7 BIG 20.17a fixed/log0001.csv,4000.0,0.73,1,0,0,0,-3.15,,-3.15
2026-06-07,20.17a,logs/6-7 BIG 20.17a fixed/log0001.csv,4000.0,1.0,19,0,0,0,-1.2710526315789472,,-3.15
2026-06-07,20.17a,logs/6-7 BIG 20.17a fixed/log0001.csv,4000.0,1.17,27,0,0,0,-0.8425925925925927,,-1.05
2026-06-07,20.17a,logs/6-7 BIG 20.17a fixed/log0001.csv,4000.0,1.36,11,0,0,0,-0.4772727272727273,,-1.05
2026-06-07,20.17a,logs/6-7 BIG 20.17a fixed/log0001.csv,4400.0,1.0,8,0,0,0,-0.4374999999999999,,-0.7
2026-06-07,20.17a,logs/6-7 BIG 20.17a fixed/log0001.csv,4400.0,1.17,9,0,0,0,-0.7388888888888888,,-1.05
2026-06-07,20.17a,logs/6-7 BIG 20.17a fixed/log0001.csv,4800.0,1.0,4,0,0,0,-0.35,,-0.35
2026-06-07,20.17a,logs/6-7 BIG 20.17a fixed/log0001.csv,4800.0,1.17,6,0,0,0,-0.6416666666666667,,-0.7
2026-06-07,20.17a,logs/6-7 BIG 20.17a fixed/log0001.csv,5200.0,1.0,6,0,0,0,-0.35,,-0.35
2026-06-03,20.17,logs/6-3 20.17/log0001.csv,1600.0,1.0,7,0,1,0,-1.4,,-1.4
2026-06-03,20.17,logs/6-3 20.17/log0001.csv,1600.0,1.17,17,0,3,0,-2.3882352941176466,,-2.8
2026-06-03,20.17,logs/6-3 20.17/log0001.csv,1900.0,1.0,16,0,0,0,-1.4,,-1.4
2026-06-03,20.17,logs/6-3 20.17/log0001.csv,1900.0,1.17,23,0,0,0,-2.404347826086957,,-2.8
2026-06-03,20.17,logs/6-3 20.17/log0001.csv,2200.0,1.0,52,0,0,0,-1.5346153846153852,,-2.8
2026-06-03,20.17,logs/6-3 20.17/log0001.csv,2200.0,1.17,14,0,2,0,-2.4,,-2.8
2026-06-03,20.17,logs/6-3 20.17/log0001.csv,2600.0,0.57,1,0,0,0,-1.4,,-1.4
2026-06-03,20.17,logs/6-3 20.17/log0001.csv,2600.0,0.73,4,0,0,0,-1.1375,,-1.75
2026-06-03,20.17,logs/6-3 20.17/log0001.csv,2600.0,1.0,35,0,0,0,-1.1100000000000003,,-2.8
2026-06-03,20.17,logs/6-3 20.17/log0001.csv,2600.0,1.17,20,0,2,0,-2.5025,,-2.8
2026-06-03,20.17,logs/6-3 20.17/log0001.csv,2600.0,1.36,21,0,0,0,-2.216666666666667,,-2.45
2026-06-03,20.17,logs/6-3 20.17/log0001.csv,2600.0,1.51,25,0,0,0,-1.848,,-2.1
2026-06-03,20.17,logs/6-3 20.17/log0001.csv,3000.0,1.0,9,0,1,0,-1.011111111111111,,-2.8
2026-06-03,20.17,logs/6-3 20.17/log0001.csv,3000.0,1.17,1,0,0,0,-1.4,,-1.4
2026-06-03,20.17,logs/6-3 20.17/log0001.csv,3300.0,1.0,42,0,1,0,-2.3166666666666664,,-2.8
2026-06-03,20.17,logs/6-3 20.17/log0001.csv,3300.0,1.17,7,0,0,0,-2.45,,-2.45
2026-06-03,20.17,logs/6-3 20.17/log0001.csv,3700.0,0.73,1,0,0,0,-1.4,,-1.4
2026-06-03,20.17,logs/6-3 20.17/log0001.csv,3700.0,1.0,6,0,0,0,-1.75,,-1.75
2026-06-05,20.17a,logs/6-5 20.17a/log0001.csv,1900.0,1.0,3,0,0,0,-1.3999999999999997,,-1.4
2026-06-05,20.17a,logs/6-5 20.17a/log0001.csv,1900.0,1.17,2,0,1,0,-1.4,,-1.4
2026-06-05,20.17a,logs/6-5 20.17a/log0001.csv,2200.0,1.0,3,0,0,0,-1.8666666666666665,,-2.8
2026-06-05,20.17a,logs/6-5 20.17a/log0001.csv,2200.0,1.17,36,0,5,0,-2.129166666666668,,-4.2
2026-06-05,20.17a,logs/6-5 20.17a/log0001.csv,2600.0,1.0,24,0,0,0,-2.625,,-2.8
2026-06-05,20.17a,logs/6-5 20.17a/log0001.csv,2600.0,1.17,71,0,2,0,-2.2725352112676047,,-4.2
2026-06-05,20.17a,logs/6-5 20.17a/log0001.csv,3000.0,1.0,58,0,3,0,-1.882758620689655,,-4.2
2026-06-05,20.17a,logs/6-5 20.17a/log0001.csv,3000.0,1.17,29,0,0,0,-2.606896551724137,,-3.5
2026-06-05,20.17a,logs/6-5 20.17a/log0001.csv,3300.0,0.73,1,0,0,0,-0.349993,,-0.349993
2026-06-05,20.17a,logs/6-5 20.17a/log0001.csv,3300.0,1.0,44,0,4,0,-6.053408636363637,,-8.4
2026-06-05,20.17a,logs/6-5 20.17a/log0001.csv,3300.0,1.17,69,0,7,0,-4.144202898550725,,-5.6
2026-06-05,20.17a,logs/6-5 20.17a/log0001.csv,3700.0,0.57,2,0,0,0,-0.349998,,-0.349999
2026-06-05,20.17a,logs/6-5 20.17a/log0001.csv,3700.0,0.73,5,0,0,0,-2.94,,-4.55
2026-06-05,20.17a,logs/6-5 20.17a/log0001.csv,3700.0,1.0,22,0,0,0,-3.0545454545454542,,-4.9
2026-06-05,20.17a,logs/6-5 20.17a/log0001.csv,3700.0,1.17,51,0,0,0,-4.611764705882353,,-5.6
2026-06-05,20.17a,logs/6-5 20.17a/log0001.csv,3700.0,1.36,6,0,0,0,-3.6749995,,-4.9
2026-06-05,20.17a,logs/6-5 20.17a/log0001.csv,4000.0,0.73,1,0,0,0,-1.4,,-1.4
2026-06-05,20.17a,logs/6-5 20.17a/log0001.csv,4000.0,1.0,11,0,0,0,-1.75,,-1.75
2023-03-31,old_2023_base,logs/Older/3-31 black.csv,3300.0,1.0,0,1,0,1,,,0.0
2023-03-31,old_2023_base,logs/Older/3-31 black.csv,3300.0,1.17,0,3,0,3,,,0.0
2023-03-31,old_2023_base,logs/Older/3-31 black.csv,4000.0,1.0,0,1,0,1,,,0.0
2023-03-31,old_2023_base,logs/Older/3-31 black.csv,4400.0,3.22,1,0,1,0,-1.41,,-1.41
2026-03-21,stock,logs/Older/3-21.csv,2600.0,1.0,25,0,0,0,-1.0499999999999998,,-1.4
2026-03-21,stock,logs/Older/3-21.csv,2600.0,1.17,36,0,2,0,-1.1666666666666663,,-1.4
2026-03-21,stock,logs/Older/3-21.csv,3000.0,0.73,1,0,0,0,-0.7,,-0.7
2026-03-21,stock,logs/Older/3-21.csv,3000.0,1.0,33,0,1,0,-0.9227272727272728,,-1.4
2026-03-21,stock,logs/Older/3-21.csv,3000.0,1.51,4,0,2,0,-2.45,,-2.8
2026-03-21,stock,logs/Older/3-21.csv,3000.0,1.64,7,0,1,0,-4.0,,-4.2
2026-03-21,stock,logs/Older/3-21.csv,3000.0,1.78,3,0,0,0,-4.2,,-4.2
2026-03-21,stock,logs/Older/3-21.csv,3000.0,1.95,7,0,0,0,-4.1000000000000005,,-4.2
2026-03-21,stock,logs/Older/3-21.csv,3000.0,2.12,6,0,0,0,-3.85,,-3.85
2026-03-21,stock,logs/Older/3-21.csv,3000.0,2.9,1,0,0,0,-3.5,,-3.5
2026-03-21,stock,logs/Older/3-21.csv,3300.0,1.36,1,0,0,0,-2.45,,-2.45
2026-03-21,stock,logs/Older/3-21.csv,3300.0,1.95,1,0,0,0,-3.15,,-3.15
2026-03-21,stock,logs/Older/3-21.csv,3300.0,2.28,5,0,0,0,-3.85,,-3.85
2026-03-21,stock,logs/Older/3-21.csv,3300.0,2.44,4,0,0,0,-3.5875,,-3.85
2026-03-21,stock,logs/Older/3-21.csv,3300.0,2.6,5,0,0,0,-3.43,,-3.5
2026-03-21,stock,logs/Older/3-21.csv,3300.0,2.9,10,0,0,0,-3.3600000000000003,,-3.5
2026-03-21,stock,logs/Older/3-21.csv,3300.0,3.22,2,0,0,0,-3.15,,-3.15
2026-03-21,stock,logs/Older/3-21.csv,3700.0,1.0,1,0,0,0,-1.05,,-1.05
2026-03-21,stock,logs/Older/3-21.csv,3700.0,2.28,1,0,0,0,-3.15,,-3.15
2026-03-21,stock,logs/Older/3-21.csv,3700.0,2.9,1,0,0,0,-3.15,,-3.15
2026-03-21,stock,logs/Older/3-21.csv,4000.0,1.51,0,1,0,1,,,0.0
2026-03-21,stock,logs/Older/3-21.csv,4000.0,1.64,0,3,0,3,,,0.0
2026-03-30,stock,logs/Older/3-30.csv,1900.0,1.17,39,0,1,0,-1.076923076923077,,-1.4
2026-03-30,stock,logs/Older/3-30.csv,1900.0,1.36,2,0,0,0,-0.5249999999999999,,-0.7
2026-03-30,stock,logs/Older/3-30.csv,2200.0,1.17,13,0,0,0,-0.4038461538461537,,-0.7
2026-03-30,stock,logs/Older/3-30.csv,2200.0,1.36,3,0,0,0,-0.3499999999999999,,-0.35
2026-03-30,stock,logs/Older/3-30.csv,3000.0,1.0,9,0,3,0,-2.722222111111112,,-4.2
2026-04-01,stock,logs/Older/4-1.csv,4000.0,3.22,4,0,1,0,-1.4,,-1.4
2026-04-01,stock,logs/Older/4-1.csv,4000.0,3.7,4,0,0,0,-1.4,,-1.4
2026-04-01,stock,logs/Older/4-1.csv,4400.0,2.44,1,0,0,0,-0.7,,-0.7
2026-04-01,stock,logs/Older/4-1.csv,4400.0,3.22,20,0,0,0,-1.015,,-1.4
2026-04-01,stock,logs/Older/4-1.csv,4400.0,3.7,4,0,0,0,-1.4,,-1.4
2026-04-01,stock,logs/Older/4-1.csv,4800.0,3.22,6,0,0,0,-0.7000000000000001,,-0.7
2026-05-12,20.11,logs/5-12 20.11/5-12.csv,2200.0,1.0,6,0,1,0,-1.4,,-1.4
2026-05-12,20.11,logs/5-12 20.11/5-12.csv,2600.0,1.0,11,0,0,0,-1.304545454545455,,-1.4
2026-05-12,20.11,logs/5-12 20.11/5-12.csv,3000.0,1.0,8,0,0,0,-1.05,,-1.05
2026-05-12,20.11,logs/5-12 20.11/5-12.csv,3300.0,1.0,8,0,0,0,-0.83125,,-1.05
2026-05-12,20.11,logs/5-12 20.11/5-12.csv,3700.0,1.0,8,0,0,0,-0.7,,-0.7
2026-05-12,20.11,logs/5-12 20.11/5-12.csv,4000.0,1.0,1,0,0,0,-0.7,,-0.7
2026-05-12,20.11,logs/5-12 20.11/5-12.csv,4000.0,1.17,6,0,0,0,-0.35,,-0.35
2026-05-12,20.11,logs/5-12 20.11/5-12.csv,4400.0,1.0,1,0,0,0,-0.35,,-0.35
2026-05-12,20.11,logs/5-12 20.11/5-12.csv,4400.0,1.17,7,0,0,0,-0.35,,-0.35
2026-04-11,20.7,logs/Older/4-11.csv,1900.0,1.0,3,0,1,0,-1.3999999999999997,,-1.4
2026-04-11,20.7,logs/Older/4-11.csv,1900.0,1.17,6,0,3,0,-3.033333333333333,,-4.2
2026-04-11,20.7,logs/Older/4-11.csv,2200.0,1.0,13,0,2,0,-1.453846153846154,,-2.8
2026-04-11,20.7,logs/Older/4-11.csv,2200.0,1.17,29,0,1,0,-4.006896551724138,,-4.2
2026-04-11,20.7,logs/Older/4-11.csv,2600.0,1.17,33,0,4,0,-7.296969696969697,,-9.45
2026-04-11,20.7,logs/Older/4-11.csv,3000.0,1.0,8,0,0,0,-2.1875,,-2.45
2026-04-11,20.7,logs/Older/4-11.csv,3000.0,1.17,31,0,1,0,-6.164516129032258,,-9.1
2026-04-11,20.7,logs/Older/4-11.csv,3000.0,1.36,14,0,1,0,-4.500000000000001,,-9.1
2026-04-11,20.7,logs/Older/4-11.csv,3300.0,1.17,19,0,0,0,-7.0,,-8.75
2026-04-11,20.7,logs/Older/4-11.csv,3300.0,1.36,5,0,0,0,-8.190000000000001,,-8.4
2026-04-11,20.7,logs/Older/4-11.csv,3700.0,1.17,7,0,0,0,-3.5,,-3.5
2026-04-11,20.7,logs/Older/4-11.csv,3700.0,1.36,4,0,0,0,-3.23749025,,-5.59999
2026-04-11,20.7,logs/Older/4-11.csv,4000.0,1.17,4,0,0,0,-3.2375000000000003,,-3.5
2026-04-11,20.7,logs/Older/4-11.csv,4000.0,1.36,3,0,0,0,-3.5,,-3.5
2026-04-11,20.7,logs/Older/4-11.csv,4400.0,0.27,1,0,0,0,-0.349999,,-0.349999
2026-04-11,20.7,logs/Older/4-11.csv,4400.0,0.57,1,0,0,0,-2.45,,-2.45
2026-04-11,20.7,logs/Older/4-11.csv,4400.0,0.73,1,0,0,0,-3.15,,-3.15
2026-04-11,20.7,logs/Older/4-11.csv,4400.0,1.0,1,0,0,0,-3.15,,-3.15
2026-04-12,20.7,logs/Older/4-12 big.csv,1600.0,0.27,2,0,0,0,-0.875,,-1.4
2026-04-12,20.7,logs/Older/4-12 big.csv,1600.0,0.57,1,0,0,0,-2.1,,-2.1
2026-04-12,20.7,logs/Older/4-12 big.csv,1600.0,0.73,1,0,1,0,-2.8,,-2.8
2026-04-12,20.7,logs/Older/4-12 big.csv,1600.0,1.0,8,0,0,0,-1.4,,-1.4
2026-04-12,20.7,logs/Older/4-12 big.csv,1600.0,1.17,13,0,1,0,-1.103846153846154,,-1.4
2026-04-12,20.7,logs/Older/4-12 big.csv,1900.0,1.0,2,0,0,0,-1.4,,-1.4
2026-04-12,20.7,logs/Older/4-12 big.csv,1900.0,1.17,17,0,2,0,-1.1323529411764706,,-1.4
2026-04-12,20.7,logs/Older/4-12 big.csv,2200.0,0.27,1,0,0,0,-0.699999,,-0.699999
2026-04-12,20.7,logs/Older/4-12 big.csv,2200.0,0.57,2,0,0,0,-2.275,,-2.8
2026-04-12,20.7,logs/Older/4-12 big.csv,2200.0,0.73,2,0,1,0,-3.325,,-3.85
2026-04-12,20.7,logs/Older/4-12 big.csv,2200.0,1.0,30,0,1,0,-0.8049999999999999,,-2.8
2026-04-12,20.7,logs/Older/4-12 big.csv,2200.0,1.17,129,0,4,0,-1.074418604651163,,-1.4
2026-04-12,20.7,logs/Older/4-12 big.csv,2200.0,1.36,14,0,1,0,-1.35,,-1.4
2026-04-12,20.7,logs/Older/4-12 big.csv,2600.0,1.0,65,0,1,0,-0.8399999999999999,,-1.4
2026-04-12,20.7,logs/Older/4-12 big.csv,2600.0,1.17,53,0,1,0,-0.8783018867924527,,-1.4
2026-04-12,20.7,logs/Older/4-12 big.csv,2600.0,1.36,22,0,1,0,-1.2409090909090912,,-1.4
2026-04-12,20.7,logs/Older/4-12 big.csv,3000.0,0.73,1,0,0,0,-1.05,,-1.05
2026-04-12,20.7,logs/Older/4-12 big.csv,3000.0,1.0,32,0,1,0,-1.00625,,-1.4
2026-04-12,20.7,logs/Older/4-12 big.csv,3000.0,1.17,13,0,0,0,-0.9961538461538458,,-1.4
2026-04-12,20.7,logs/Older/4-12 big.csv,3000.0,1.36,5,0,0,0,-0.91,,-1.05
2026-04-12,20.7,logs/Older/4-12 big.csv,3300.0,1.0,79,0,1,0,-0.8550632911392406,,-1.4
2026-04-12,20.7,logs/Older/4-12 big.csv,3300.0,1.17,72,0,4,0,-1.701388888888889,,-2.8
2026-04-12,20.7,logs/Older/4-12 big.csv,3300.0,1.36,36,0,2,0,-1.4874999999999998,,-4.2
2026-04-12,20.7,logs/Older/4-12 big.csv,3300.0,1.51,1,0,1,0,-1.4,,-1.4
2026-04-12,20.7,logs/Older/4-12 big.csv,3300.0,2.9,5,0,1,0,-1.4,,-1.4
2026-04-12,20.7,logs/Older/4-12 big.csv,3700.0,0.73,1,0,0,0,-0.35,,-0.35
2026-04-12,20.7,logs/Older/4-12 big.csv,3700.0,1.0,3,0,0,0,-0.6999999999999998,,-0.7
2026-04-12,20.7,logs/Older/4-12 big.csv,3700.0,1.17,7,0,0,0,-1.05,,-1.05
2026-04-12,20.7,logs/Older/4-12 big.csv,3700.0,1.78,3,0,1,0,-1.3999999999999997,,-1.4
2026-04-12,20.7,logs/Older/4-12 big.csv,3700.0,1.95,7,0,0,0,-1.4,,-1.4
2026-04-12,20.7,logs/Older/4-12 big.csv,3700.0,2.12,5,0,0,0,-1.3299999999999998,,-1.4
2026-04-12,20.7,logs/Older/4-12 big.csv,3700.0,2.28,5,0,0,0,-1.05,,-1.05
2026-04-12,20.7,logs/Older/4-12 big.csv,3700.0,2.44,5,0,0,0,-1.05,,-1.05
2026-04-12,20.7,logs/Older/4-12 big.csv,3700.0,2.6,31,0,0,0,-0.5758064516129034,,-1.05
2026-04-12,20.7,logs/Older/4-12 big.csv,3700.0,2.9,8,0,0,0,-1.4,,-1.4
2026-04-12,20.7,logs/Older/4-12 big.csv,4000.0,0.73,1,0,0,0,-0.7,,-0.7
2026-04-12,20.7,logs/Older/4-12 big.csv,4000.0,1.0,6,0,0,0,-0.8750000000000001,,-1.05
2026-04-12,20.7,logs/Older/4-12 big.csv,4400.0,2.6,7,0,1,0,-1.4,,-1.4
2026-04-12,20.7,logs/Older/4-12 big.csv,4400.0,2.9,14,0,0,0,-1.225,,-1.4
2026-04-12,20.7,logs/Older/4-12 big.csv,4800.0,2.6,1,0,0,0,-1.05,,-1.05
2026-04-12,20.7,logs/Older/4-12 big.csv,4800.0,2.9,1,0,0,0,-1.05,,-1.05
2026-04-23,20.8,logs/April/4-23/log0001.csv,3000.0,1.0,1,0,1,0,-1.4,,-1.4
2026-04-23,20.8,logs/April/4-23/log0001.csv,3300.0,1.0,10,0,0,0,-1.4,,-1.4
2026-06-15,20.17a,logs/6-15/log0001.csv,1200.0,1.0,4,0,0,0,-1.4,,-1.4
2026-06-15,20.17a,logs/6-15/log0001.csv,1200.0,1.17,5,0,0,0,-1.4,,-1.4
2026-06-15,20.17a,logs/6-15/log0001.csv,1200.0,1.36,1,0,0,0,-1.4,,-1.4
2026-06-15,20.17a,logs/6-15/log0001.csv,1600.0,1.0,12,0,0,0,-1.1375000000000002,,-1.4
2026-06-15,20.17a,logs/6-15/log0001.csv,1900.0,1.0,10,0,0,0,-0.945,,-1.4
2026-06-15,20.17a,logs/6-15/log0001.csv,1900.0,1.17,7,0,2,0,-1.4,,-1.4
2026-06-15,20.17a,logs/6-15/log0001.csv,1900.0,1.36,5,0,0,0,-1.4,,-1.4
2026-06-15,20.17a,logs/6-15/log0001.csv,2200.0,1.0,7,0,0,0,-0.7000000000000001,,-0.7
2026-06-15,20.17a,logs/6-15/log0001.csv,2200.0,1.17,2,0,0,0,-0.7,,-0.7
2026-06-15,20.17a,logs/6-15/log0001.csv,2200.0,1.36,30,0,0,0,-0.9566666666666666,,-1.4
2026-06-15,20.17a,logs/6-15/log0001.csv,2600.0,1.0,6,0,0,0,-0.4083333333333334,,-0.7
2026-06-15,20.17a,logs/6-15/log0001.csv,2600.0,1.17,6,0,0,0,-0.35,,-0.35
2026-06-15,20.17a,logs/6-15/log0001.csv,2600.0,1.36,16,0,0,0,-0.3937499999999999,,-0.7
2026-06-15,20.17a,logs/6-15/log0001.csv,3000.0,1.0,17,0,1,0,-8.655879411764705,,-11.8
2026-06-15,20.17a,logs/6-15/log0001.csv,3000.0,1.17,38,0,8,0,-8.675000000000002,,-11.8
2026-06-13,20.17a,logs/6-13 17a leak fix/log0001.csv,1600.0,0.73,5,0,0,0,-2.3799998,,-3.85
2026-06-13,20.17a,logs/6-13 17a leak fix/log0001.csv,1600.0,1.0,30,0,5,0,-2.52,,-4.2
2026-06-13,20.17a,logs/6-13 17a leak fix/log0001.csv,1900.0,1.0,50,0,0,0,-1.9740000000000004,,-2.45
2026-06-13,20.17a,logs/6-13 17a leak fix/log0001.csv,2200.0,1.17,20,0,3,0,-3.937499999999999,,-4.2
2026-06-13,20.17a,logs/6-13 17a leak fix/log0001.csv,2600.0,0.73,2,0,0,0,-1.225,,-1.4
2026-06-13,20.17a,logs/6-13 17a leak fix/log0001.csv,2600.0,1.0,4,0,0,0,-1.4,,-1.4
2026-06-13,20.17a,logs/6-13 17a leak fix/log0001.csv,2600.0,1.17,17,0,1,0,-3.1088235294117648,,-3.85
2026-06-13,20.17a,logs/6-13 17a leak fix/log0001.csv,2600.0,1.36,14,0,0,0,-3.475,,-3.5
2026-06-13,20.17a,logs/6-13 17a leak fix/log0001.csv,3000.0,1.36,15,0,0,0,-3.1033333333333326,,-3.15
2026-06-13,20.17a,logs/6-13 17a leak fix/log0001.csv,3000.0,1.51,3,0,0,0,-2.7999999999999994,,-2.8
2026-06-13,20.17a,logs/6-13 17a leak fix/log0001.csv,3300.0,1.51,4,0,0,0,-2.8,,-2.8
2026-06-13,20.17a,logs/6-13 17a leak fix/log0001.csv,3300.0,1.64,11,0,0,0,-2.609090909090909,,-2.8
2026-06-13,20.17a,logs/6-13 17a leak fix/log0001.csv,3300.0,1.78,2,0,0,0,-2.45,,-2.45
2026-06-13,20.17a,logs/6-13 17a leak fix/log0001.csv,3700.0,1.78,6,0,0,0,-2.45,,-2.45
2026-06-13,20.17a,logs/6-13 17a leak fix/log0001.csv,3700.0,1.95,9,0,0,0,-2.1,,-2.1
2026-06-13,20.17a,logs/6-13 17a leak fix/log0001.csv,4000.0,1.78,5,0,0,0,-1.75,,-1.75
2026-06-13,20.17a,logs/6-13 17a leak fix/log0001.csv,4000.0,1.95,11,0,0,0,-1.9090909090909087,,-2.1
2026-06-13,20.17a,logs/6-13 17a leak fix/log0001.csv,4400.0,1.78,3,0,0,0,-1.5166666666666666,,-1.75
2026-06-14,20.17a,logs/6-13 17a leak fix/log0002.csv,1600.0,1.0,2,0,0,0,-1.4,,-1.4
2026-06-14,20.17a,logs/6-13 17a leak fix/log0002.csv,1900.0,1.0,3,0,1,0,-1.3999999999999997,,-1.4
2026-06-14,20.17a,logs/6-13 17a leak fix/log0002.csv,1900.0,1.17,3,0,0,0,-1.3999999999999997,,-1.4
2026-06-14,20.17a,logs/6-13 17a leak fix/log0002.csv,2200.0,1.0,13,0,0,0,-1.211538461538462,,-1.4
2026-06-14,20.17a,logs/6-13 17a leak fix/log0002.csv,2200.0,1.17,1,0,0,0,-1.05,,-1.05
2026-06-14,20.17a,logs/6-13 17a leak fix/log0002.csv,2600.0,1.0,8,0,1,0,-1.925,,-2.45
2026-06-14,20.17a,logs/6-13 17a leak fix/log0002.csv,2600.0,1.17,2,0,0,0,-2.45,,-2.45
2026-06-14,20.17a,logs/6-13 17a leak fix/log0002.csv,3000.0,1.0,7,0,0,0,-2.45,,-2.45
2026-06-14,20.17a,logs/6-13 17a leak fix/log0002.csv,3000.0,1.17,1,0,0,0,-2.1,,-2.1
2026-06-14,20.17a,logs/6-13 17a leak fix/log0002.csv,3300.0,1.17,4,0,0,0,-2.1,,-2.1
2026-06-14,20.17a,logs/6-13 17a leak fix/log0002.csv,3300.0,1.36,3,0,0,0,-2.1,,-2.1
2026-06-14,20.17a,logs/6-13 17a leak fix/log0002.csv,3700.0,1.36,1,0,0,0,-2.1,,-2.1
2026-06-14,20.17a,logs/6-13 17a leak fix/log0002.csv,3700.0,1.51,3,0,0,0,-2.1,,-2.1
2026-06-14,20.17a,logs/6-13 17a leak fix/log0002.csv,4000.0,1.51,1,0,0,0,-2.1,,-2.1
2026-06-14,20.17a,logs/6-13 17a leak fix/log0002.csv,4000.0,1.64,5,0,0,0,-1.82,,-2.1
2026-06-14,20.17a,logs/6-13 17a leak fix/log0002.csv,4400.0,1.78,1,0,0,0,-1.75,,-1.75
2026-06-14,20.17a,logs/6-13 17a leak fix/log0002.csv,4400.0,1.95,5,0,0,0,-1.75,,-1.75
2026-06-14,20.17a,logs/6-13 17a leak fix/log0002.csv,4800.0,2.12,4,0,0,0,-1.75,,-1.75
2026-06-14,20.17a,logs/6-13 17a leak fix/log0002.csv,5200.0,2.12,3,0,0,0,-1.3999999999999997,,-1.4
2026-06-21,20.18,logs/6-21 pcv fix 20.18/6-21 6 logs combined.csv,1900.0,0.73,2,0,0,0,-1.0499999999999998,,-1.4
2026-06-21,20.18,logs/6-21 pcv fix 20.18/6-21 6 logs combined.csv,1900.0,1.0,4,0,1,0,-1.4,,-1.4
2026-06-21,20.18,logs/6-21 pcv fix 20.18/6-21 6 logs combined.csv,1900.0,1.17,23,0,4,0,-1.947826086956521,,-2.8
2026-06-21,20.18,logs/6-21 pcv fix 20.18/6-21 6 logs combined.csv,2200.0,0.57,1,0,0,0,-2.1,,-2.1
2026-06-21,20.18,logs/6-21 pcv fix 20.18/6-21 6 logs combined.csv,2200.0,0.73,1,0,0,0,-0.7,,-0.7
2026-06-21,20.18,logs/6-21 pcv fix 20.18/6-21 6 logs combined.csv,2200.0,1.0,23,0,4,0,-1.415217391304347,,-3.5
2026-06-21,20.18,logs/6-21 pcv fix 20.18/6-21 6 logs combined.csv,2200.0,1.17,120,0,12,0,-1.86375,,-4.2
2026-06-21,20.18,logs/6-21 pcv fix 20.18/6-21 6 logs combined.csv,2200.0,1.36,93,0,2,0,-3.4736559139784946,,-4.2
2026-06-21,20.18,logs/6-21 pcv fix 20.18/6-21 6 logs combined.csv,2200.0,1.51,21,0,0,0,-2.4666666666666672,,-2.8
2026-06-21,20.18,logs/6-21 pcv fix 20.18/6-21 6 logs combined.csv,2200.0,1.64,3,0,0,0,-2.1,,-2.1
2026-06-21,20.18,logs/6-21 pcv fix 20.18/6-21 6 logs combined.csv,2600.0,0.27,3,0,0,0,-1.6333243333333332,,-2.79999
2026-06-21,20.18,logs/6-21 pcv fix 20.18/6-21 6 logs combined.csv,2600.0,0.57,3,0,0,0,-3.266666666666667,,-5.6
2026-06-21,20.18,logs/6-21 pcv fix 20.18/6-21 6 logs combined.csv,2600.0,0.73,11,0,0,0,-1.90909,,-7.35
2026-06-21,20.18,logs/6-21 pcv fix 20.18/6-21 6 logs combined.csv,2600.0,1.0,87,0,4,0,-1.2752873563218388,,-2.8
2026-06-21,20.18,logs/6-21 pcv fix 20.18/6-21 6 logs combined.csv,2600.0,1.17,333,0,11,0,-1.5986486486486484,,-8.4
2026-06-21,20.18,logs/6-21 pcv fix 20.18/6-21 6 logs combined.csv,2600.0,1.36,101,0,2,0,-3.621287128712871,,-8.05
2026-06-21,20.18,logs/6-21 pcv fix 20.18/6-21 6 logs combined.csv,2600.0,1.51,12,0,2,0,-2.3041666666666667,,-3.5
2026-06-21,20.18,logs/6-21 pcv fix 20.18/6-21 6 logs combined.csv,2600.0,1.64,22,0,0,0,-1.7499999999999998,,-2.1
2026-06-21,20.18,logs/6-21 pcv fix 20.18/6-21 6 logs combined.csv,2600.0,1.78,53,0,0,0,-0.8584900377358488,,-1.75
2026-06-21,20.18,logs/6-21 pcv fix 20.18/6-21 6 logs combined.csv,3000.0,0.27,1,0,0,0,-0.94999,,-0.94999
2026-06-21,20.18,logs/6-21 pcv fix 20.18/6-21 6 logs combined.csv,3000.0,0.57,1,0,0,0,-5.49999,,-5.49999
2026-06-21,20.18,logs/6-21 pcv fix 20.18/6-21 6 logs combined.csv,3000.0,0.73,7,0,1,0,-2.650000000000001,,-6.65
2026-06-21,20.18,logs/6-21 pcv fix 20.18/6-21 6 logs combined.csv,3000.0,1.0,149,1,8,1,-1.2661073825503355,,-5.6
2026-06-21,20.18,logs/6-21 pcv fix 20.18/6-21 6 logs combined.csv,3000.0,1.17,56,3,2,3,-1.5500000000000005,,-5.6
2026-06-21,20.18,logs/6-21 pcv fix 20.18/6-21 6 logs combined.csv,3000.0,1.36,36,0,7,0,-2.216666666666667,,-8.4
2026-06-21,20.18,logs/6-21 pcv fix 20.18/6-21 6 logs combined.csv,3000.0,1.51,72,0,7,0,-3.886805,,-11.8
2026-06-21,20.18,logs/6-21 pcv fix 20.18/6-21 6 logs combined.csv,3000.0,1.64,148,0,2,0,-2.619594594594594,,-11.8
2026-06-21,20.18,logs/6-21 pcv fix 20.18/6-21 6 logs combined.csv,3000.0,1.78,28,0,0,0,-7.549999999999998,,-9.45
2026-06-21,20.18,logs/6-21 pcv fix 20.18/6-21 6 logs combined.csv,3000.0,2.12,2,0,1,0,-2.1,,-2.8
2026-06-21,20.18,logs/6-21 pcv fix 20.18/6-21 6 logs combined.csv,3000.0,2.28,1,0,0,0,-2.8,,-2.8
2026-06-21,20.18,logs/6-21 pcv fix 20.18/6-21 6 logs combined.csv,3300.0,0.27,2,0,0,0,-3.22499,,-4.09999
2026-06-21,20.18,logs/6-21 pcv fix 20.18/6-21 6 logs combined.csv,3300.0,0.57,1,0,0,0,-6.89999,,-6.89999
2026-06-21,20.18,logs/6-21 pcv fix 20.18/6-21 6 logs combined.csv,3300.0,0.73,4,0,0,0,-3.737499750000001,,-10.05
2026-06-21,20.18,logs/6-21 pcv fix 20.18/6-21 6 logs combined.csv,3300.0,1.0,105,1,2,1,-1.2847619047619048,,-11.45
2026-06-21,20.18,logs/6-21 pcv fix 20.18/6-21 6 logs combined.csv,3300.0,1.17,3,0,0,0,-3.15,,-3.15
2026-06-21,20.18,logs/6-21 pcv fix 20.18/6-21 6 logs combined.csv,3300.0,1.36,9,2,0,2,-3.033333333333333,,-3.5
2026-06-21,20.18,logs/6-21 pcv fix 20.18/6-21 6 logs combined.csv,3300.0,1.51,8,0,1,0,-8.6875,,-11.8
2026-06-21,20.18,logs/6-21 pcv fix 20.18/6-21 6 logs combined.csv,3300.0,1.64,10,0,0,0,-8.889999999999999,,-11.8
2026-06-21,20.18,logs/6-21 pcv fix 20.18/6-21 6 logs combined.csv,3300.0,1.78,10,0,1,0,-1.085,,-3.5
2026-06-21,20.18,logs/6-21 pcv fix 20.18/6-21 6 logs combined.csv,3300.0,1.95,3,0,0,0,-3.5,,-3.5
2026-06-21,20.18,logs/6-21 pcv fix 20.18/6-21 6 logs combined.csv,3300.0,2.12,8,0,0,0,-2.84375,,-3.85
2026-06-21,20.18,logs/6-21 pcv fix 20.18/6-21 6 logs combined.csv,3300.0,2.28,31,0,1,0,-3.6919354838709664,,-4.2
2026-06-21,20.18,logs/6-21 pcv fix 20.18/6-21 6 logs combined.csv,3300.0,2.44,4,0,0,0,-4.2,,-4.2
2026-06-21,20.18,logs/6-21 pcv fix 20.18/6-21 6 logs combined.csv,3300.0,2.9,2,0,1,0,-1.4,,-1.4
2026-06-21,20.18,logs/6-21 pcv fix 20.18/6-21 6 logs combined.csv,3700.0,1.0,49,0,1,0,-0.6000000000000001,,-1.4
2026-06-21,20.18,logs/6-21 pcv fix 20.18/6-21 6 logs combined.csv,3700.0,1.17,21,0,0,0,-1.2166666666666668,,-1.4
2026-06-21,20.18,logs/6-21 pcv fix 20.18/6-21 6 logs combined.csv,4000.0,0.57,1,0,1,0,-1.05,,-1.05
2026-07-12,20.18,logs/7-12 20.18/7-12 20.18.csv,1600.0,1.0,4,0,0,0,-1.4,,-1.4
2026-07-12,20.18,logs/7-12 20.18/7-12 20.18.csv,1600.0,1.17,12,0,1,0,-1.3708333333333333,,-1.4
2026-07-12,20.18,logs/7-12 20.18/7-12 20.18.csv,1900.0,1.0,111,0,8,0,-1.8729729729729736,,-5.6
2026-07-12,20.18,logs/7-12 20.18/7-12 20.18.csv,1900.0,1.17,40,0,3,0,-1.53125,,-4.2
2026-07-12,20.18,logs/7-12 20.18/7-12 20.18.csv,2200.0,0.73,3,0,0,0,-0.46666633333333324,,-0.7
2026-07-12,20.18,logs/7-12 20.18/7-12 20.18.csv,2200.0,1.0,235,37,5,37,-2.5914893617021275,,-5.6
2026-07-12,20.18,logs/7-12 20.18/7-12 20.18.csv,2200.0,1.17,326,226,16,226,-2.08819018404908,,-5.6
2026-07-12,20.18,logs/7-12 20.18/7-12 20.18.csv,2200.0,1.36,4,28,0,28,-4.374999999999999,,-5.6
2026-07-12,20.18,logs/7-12 20.18/7-12 20.18.csv,2600.0,0.27,1,0,0,0,-1.05,,-1.05
2026-07-12,20.18,logs/7-12 20.18/7-12 20.18.csv,2600.0,0.57,1,0,0,0,-2.1,,-2.1
2026-07-12,20.18,logs/7-12 20.18/7-12 20.18.csv,2600.0,0.73,4,0,0,0,-1.48749975,,-3.5
2026-07-12,20.18,logs/7-12 20.18/7-12 20.18.csv,2600.0,1.0,349,15,9,15,-1.7239254985673351,,-7.0
2026-07-12,20.18,logs/7-12 20.18/7-12 20.18.csv,2600.0,1.17,491,169,25,169,-2.124949083503055,,-8.4
2026-07-12,20.18,logs/7-12 20.18/7-12 20.18.csv,2600.0,1.36,80,34,2,34,-1.575,,-8.4
2026-07-12,20.18,logs/7-12 20.18/7-12 20.18.csv,2600.0,1.51,27,7,0,7,-1.101851851851852,,-1.4
2026-07-12,20.18,logs/7-12 20.18/7-12 20.18.csv,2600.0,1.64,40,0,0,0,-0.60375,,-1.05
2026-07-12,20.18,logs/7-12 20.18/7-12 20.18.csv,2600.0,1.78,18,0,0,0,-0.4277777777777777,,-0.7
2026-07-12,20.18,logs/7-12 20.18/7-12 20.18.csv,3000.0,0.73,5,0,0,0,-1.4699996,,-3.5
2026-07-12,20.18,logs/7-12 20.18/7-12 20.18.csv,3000.0,1.0,340,0,8,0,-2.2667647058823532,,-7.0
2026-07-12,20.18,logs/7-12 20.18/7-12 20.18.csv,3000.0,1.17,52,1,1,1,-1.7769230576923079,,-8.4
2026-07-12,20.18,logs/7-12 20.18/7-12 20.18.csv,3000.0,1.36,42,0,0,0,-3.2666657142857143,,-8.05
2026-07-12,20.18,logs/7-12 20.18/7-12 20.18.csv,3000.0,1.51,31,0,1,0,-0.6209677419354841,,-1.4
2026-07-12,20.18,logs/7-12 20.18/7-12 20.18.csv,3300.0,1.0,82,0,0,0,-1.071341463414634,,-3.85
2026-07-12,20.18,logs/7-12 20.18/7-12 20.18.csv,3300.0,1.17,11,0,0,0,-1.1136363636363635,,-3.5
2026-07-12,20.18,logs/7-12 20.18/7-12 20.18.csv,3300.0,1.36,12,0,0,0,-1.166666666666667,,-1.4
2026-07-12,20.18,logs/7-12 20.18/7-12 20.18.csv,3300.0,1.51,14,1,0,1,-0.7249999999999999,,-1.4
2026-07-12,20.18,logs/7-12 20.18/7-12 20.18.csv,3700.0,1.0,17,0,0,0,-0.5558823529411764,,-1.05
2026-07-12,20.18,logs/7-12 20.18/7-12 20.18.csv,3700.0,1.17,14,0,0,0,-2.5000000000000004,,-3.5
2026-07-12,20.18,logs/7-12 20.18/7-12 20.18.csv,3700.0,1.36,6,0,0,0,-0.35000000000000003,,-0.35
2026-07-12,20.18,logs/7-12 20.18/7-12 20.18.csv,4000.0,1.17,17,0,0,0,-2.0176470588235293,,-3.5
2026-07-12,20.18,logs/7-12 20.18/7-12 20.18.csv,4000.0,1.36,1,0,0,0,-0.35,,-0.35
2026-07-12,20.18,logs/7-12 20.18/7-12 20.18.csv,4400.0,1.0,11,0,0,0,-2.45,,-3.15
2026-07-12,20.18,logs/7-12 20.18/7-12 20.18.csv,4400.0,1.17,12,0,0,0,-1.1374999999999997,,-3.15
2026-07-12,20.18,logs/7-12 20.18/7-12 20.18.csv,4800.0,1.0,8,0,0,0,-0.7874999999999999,,-2.8
