rpm,mp,mode,err,n
1050,-9.88,OL,-3.45,1
1050,-9.88,all,-3.45,1
1050,-9.38,OL,4.88,1
1050,-9.38,all,4.88,1
1050,-8.62,CL,-9.38,1
1050,-8.62,all,-9.38,1
1050,-8.38,OL,3.3,1
1050,-8.38,CL,-7.03,1
1050,-8.38,all,-1.87,2
1050,-8.12,CL,-6.25,1
1050,-8.12,all,-6.25,1
1050,-7.62,CL,-2.35,2
1050,-7.62,all,-2.35,2
1050,-5.88,OL,3.53,8
1050,-5.88,all,3.53,8
1050,-3.38,CL,3.12,3
1050,-3.38,all,3.12,3
1050,-3.12,CL,3.12,9
1050,-3.12,all,3.12,9
1050,-1.88,OL,8.22,4
1050,-1.88,all,8.22,4
1150,-9.62,CL,2.73,2
1150,-9.62,all,2.73,2
1150,-9.38,OL,3.25,1
1150,-9.38,CL,4.69,3
1150,-9.38,all,4.69,4
1150,-9.12,CL,-10.55,6
1150,-9.12,all,-10.55,6
1150,-8.88,OL,6.14,2
1150,-8.88,CL,-10.16,1
1150,-8.88,all,5.73,3
1150,-8.62,OL,5.4,5
1150,-8.62,CL,-10.94,2
1150,-8.62,all,5.15,7
1150,-8.38,OL,1.64,5
1150,-8.38,all,1.64,5
1150,-8.12,OL,1.58,15
1150,-8.12,CL,-1.56,4
1150,-8.12,all,0.42,19
1150,-7.62,OL,2.33,2
1150,-7.62,all,2.33,2
1150,-7.38,OL,1.75,12
1150,-7.38,all,1.75,12
1150,-6.88,OL,2.92,2
1150,-6.88,all,2.92,2
1150,-6.38,OL,4.52,4
1150,-6.38,all,4.52,4
1150,-5.88,OL,-0.66,11
1150,-5.88,all,-0.66,11
1150,-3.62,OL,2.26,3
1150,-3.62,all,2.26,3
1150,-3.12,CL,2.34,1
1150,-3.12,all,2.34,1
1250,-9.62,OL,3.16,1
1250,-9.62,CL,-6.25,1
1250,-9.62,all,-1.54,2
1250,-9.38,OL,3.97,1
1250,-9.38,CL,0.78,8
1250,-9.38,all,0.78,9
1250,-9.12,CL,-5.47,11
1250,-9.12,all,-5.47,11
1250,-8.88,OL,1.91,4
1250,-8.88,all,1.91,4
1250,-8.62,OL,4.02,15
1250,-8.62,CL,-2.34,2
1250,-8.62,all,3.97,17
1250,-8.38,OL,-3.84,1
1250,-8.38,all,-3.84,1
1250,-7.88,CL,-3.12,3
1250,-7.88,all,-3.12,3
1250,-7.12,CL,-5.47,2
1250,-7.12,all,-5.47,2
1250,-6.12,OL,0.06,1
1250,-6.12,all,0.06,1
1250,-5.88,OL,0.3,2
1250,-5.88,all,0.3,2
1250,-5.12,CL,-7.82,1
1250,-5.12,all,-7.82,1
1250,-4.88,OL,4.46,2
1250,-4.88,CL,-7.03,1
1250,-4.88,all,1.65,3
1250,-4.62,OL,2.84,5
1250,-4.62,all,2.84,5
1250,-4.38,OL,5.0,1
1250,-4.38,all,5.0,1
1250,-4.12,OL,6.96,1
1250,-4.12,all,6.96,1
1250,-3.88,OL,9.05,1
1250,-3.88,all,9.05,1
1250,-2.62,OL,5.58,12
1250,-2.62,all,5.58,12
1350,-9.88,CL,-7.03,9
1350,-9.88,all,-7.03,9
1350,-9.62,CL,1.17,6
1350,-9.62,all,1.17,6
1350,-9.38,OL,16.46,2
1350,-9.38,CL,2.73,14
1350,-9.38,all,3.12,16
1350,-9.12,CL,-0.78,4
1350,-9.12,all,-0.78,4
1350,-8.88,OL,-3.4,6
1350,-8.88,all,-3.4,6
1350,-8.62,OL,-0.24,1
1350,-8.62,all,-0.24,1
1350,-8.38,OL,4.3,5
1350,-8.38,all,4.3,5
1350,-7.62,CL,-3.12,5
1350,-7.62,all,-3.12,5
1350,-7.12,OL,-2.29,2
1350,-7.12,all,-2.29,2
1350,-6.88,CL,3.12,3
1350,-6.88,all,3.12,3
1350,-6.62,CL,3.91,9
1350,-6.62,all,3.91,9
1350,-6.38,OL,-4.7,1
1350,-6.38,all,-4.7,1
1350,-4.88,CL,-5.47,14
1350,-4.88,all,-5.47,14
1350,-4.62,OL,3.33,14
1350,-4.62,CL,-4.3,2
1350,-4.62,all,2.56,16
1350,-4.38,OL,2.27,3
1350,-4.38,all,2.27,3
1350,-4.12,OL,2.9,1
1350,-4.12,all,2.9,1
1450,-9.88,CL,0.0,20
1450,-9.88,all,0.0,20
1450,-9.62,CL,-0.78,18
1450,-9.62,all,-0.78,18
1450,-9.38,CL,0.0,7
1450,-9.38,all,0.0,7
1450,-9.12,OL,2.75,2
1450,-9.12,CL,-3.12,8
1450,-9.12,all,-2.73,10
1450,-8.88,OL,-1.35,4
1450,-8.88,all,-1.35,4
1450,-8.62,OL,-0.59,4
1450,-8.62,all,-0.59,4
1450,-8.38,OL,2.32,1
1450,-8.38,all,2.32,1
1450,-8.12,OL,0.52,5
1450,-8.12,all,0.52,5
1450,-7.62,CL,-0.78,1
1450,-7.62,all,-0.78,1
1450,-7.38,OL,-5.0,5
1450,-7.38,CL,-0.78,4
1450,-7.38,all,-0.82,9
1450,-7.12,OL,-2.16,9
1450,-7.12,CL,-0.78,3
1450,-7.12,all,-1.47,12
1450,-6.88,CL,1.17,4
1450,-6.88,all,1.17,4
1450,-6.62,OL,-2.55,15
1450,-6.62,CL,-5.47,29
1450,-6.62,all,-4.69,44
1450,-6.38,OL,-5.55,16
1450,-6.38,all,-5.55,16
1450,-6.12,OL,-4.34,7
1450,-6.12,all,-4.34,7
1450,-5.88,OL,-2.2,5
1450,-5.88,all,-2.2,5
1450,-5.62,OL,-1.38,7
1450,-5.62,CL,-7.03,4
1450,-5.62,all,-2.67,11
1450,-5.38,OL,-6.6,3
1450,-5.38,CL,-9.38,6
1450,-5.38,all,-7.14,9
1450,-4.88,CL,-2.73,10
1450,-4.88,all,-2.73,10
1450,-4.62,OL,3.67,5
1450,-4.62,CL,-5.08,10
1450,-4.62,all,-1.56,15
1450,-4.38,OL,4.07,9
1450,-4.38,all,4.07,9
1450,-4.12,OL,2.09,3
1450,-4.12,all,2.09,3
1550,-10.38,CL,7.03,3
1550,-10.38,all,7.03,3
1550,-10.12,CL,1.56,5
1550,-10.12,all,1.56,5
1550,-9.88,CL,3.12,10
1550,-9.88,all,3.12,10
1550,-9.62,CL,8.21,10
1550,-9.62,all,8.21,10
1550,-9.38,OL,0.86,2
1550,-9.38,CL,-2.34,41
1550,-9.38,all,-2.34,43
1550,-9.12,OL,4.24,8
1550,-9.12,CL,-1.56,8
1550,-9.12,all,3.0,16
1550,-8.88,OL,6.84,5
1550,-8.88,CL,-5.47,5
1550,-8.88,all,-2.09,10
1550,-8.62,CL,-6.25,2
1550,-8.62,all,-6.25,2
1550,-8.38,CL,-12.5,3
1550,-8.38,all,-12.5,3
1550,-8.12,OL,0.86,5
1550,-8.12,all,0.86,5
1550,-7.38,OL,-2.66,8
1550,-7.38,CL,-1.17,4
1550,-7.38,all,-1.91,12
1550,-7.12,OL,1.86,5
1550,-7.12,all,1.86,5
1550,-6.88,CL,-0.78,18
1550,-6.88,all,-0.78,18
1550,-6.62,OL,-4.23,2
1550,-6.62,CL,-1.56,30
1550,-6.62,all,-1.56,32
1550,-6.38,OL,1.39,16
1550,-6.38,all,1.39,16
1550,-6.12,OL,-3.38,2
1550,-6.12,all,-3.38,2
1550,-5.62,OL,1.35,10
1550,-5.62,CL,-3.52,2
1550,-5.62,all,-1.59,12
1550,-5.38,OL,5.48,4
1550,-5.38,all,5.48,4
1550,-4.62,OL,2.88,1
1550,-4.62,all,2.88,1
1550,-3.88,OL,5.28,7
1550,-3.88,CL,-6.25,3
1550,-3.88,all,3.46,10
1550,-3.38,OL,5.38,4
1550,-3.38,all,5.38,4
1550,-1.38,OL,4.39,1
1550,-1.38,all,4.39,1
1550,-1.12,OL,5.85,2
1550,-1.12,all,5.85,2
1550,-0.88,OL,5.26,1
1550,-0.88,all,5.26,1
1550,-0.38,OL,3.72,2
1550,-0.38,all,3.72,2
1550,-0.12,OL,2.26,5
1550,-0.12,all,2.26,5
1650,-10.88,CL,3.91,1
1650,-10.88,all,3.91,1
1650,-10.38,CL,3.91,12
1650,-10.38,all,3.91,12
1650,-10.12,CL,6.25,23
1650,-10.12,all,6.25,23
1650,-9.88,OL,2.57,3
1650,-9.88,CL,3.91,15
1650,-9.88,all,3.52,18
1650,-9.62,OL,3.94,2
1650,-9.62,CL,3.91,3
1650,-9.62,all,3.91,5
1650,-9.38,OL,6.48,1
1650,-9.38,CL,-3.12,31
1650,-9.38,all,-3.12,32
1650,-9.12,OL,15.45,7
1650,-9.12,CL,-1.17,22
1650,-9.12,all,-0.78,29
1650,-8.88,OL,0.9,3
1650,-8.88,CL,-3.12,10
1650,-8.88,all,-2.34,13
1650,-8.62,OL,-4.38,13
1650,-8.62,all,-4.38,13
1650,-8.38,OL,-3.04,5
1650,-8.38,CL,-11.72,11
1650,-8.38,all,-9.59,16
1650,-8.12,OL,-0.6,22
1650,-8.12,CL,5.47,12
1650,-8.12,all,0.67,34
1650,-7.88,OL,2.3,10
1650,-7.88,CL,7.81,10
1650,-7.88,all,5.41,20
1650,-7.62,OL,-1.34,4
1650,-7.62,CL,-1.56,7
1650,-7.62,all,-1.56,11
1650,-7.38,OL,0.7,1
1650,-7.38,CL,-3.91,8
1650,-7.38,all,-3.91,9
1650,-7.12,OL,5.2,5
1650,-7.12,CL,-3.12,3
1650,-7.12,all,-1.67,8
1650,-6.88,OL,2.79,1
1650,-6.88,CL,-4.69,25
1650,-6.88,all,-4.69,26
1650,-6.62,OL,-4.25,17
1650,-6.62,CL,-1.95,8
1650,-6.62,all,-3.47,25
1650,-6.38,OL,0.83,10
1650,-6.38,CL,0.39,4
1650,-6.38,all,0.49,14
1650,-6.12,OL,0.06,5
1650,-6.12,CL,3.12,1
1650,-6.12,all,0.35,6
1650,-5.88,OL,-0.63,11
1650,-5.88,CL,-4.69,10
1650,-5.88,all,-2.39,21
1650,-5.62,OL,6.82,4
1650,-5.62,CL,-3.91,1
1650,-5.62,all,6.73,5
1650,-5.38,OL,5.5,9
1650,-5.38,CL,-3.12,7
1650,-5.38,all,-2.28,16
1650,-5.12,OL,9.06,1
1650,-5.12,CL,-3.91,4
1650,-5.12,all,-3.91,5
1650,-4.88,OL,4.62,2
1650,-4.88,CL,-1.56,7
1650,-4.88,all,-0.78,9
1650,-4.62,OL,3.21,7
1650,-4.62,CL,-3.52,6
1650,-4.62,all,2.85,13
1650,-4.38,OL,3.79,2
1650,-4.38,CL,-3.13,6
1650,-4.38,all,-2.74,8
1650,-4.12,OL,4.69,4
1650,-4.12,CL,-3.91,6
1650,-4.12,all,-3.91,10
1650,-3.88,OL,3.35,8
1650,-3.88,CL,-5.86,4
1650,-3.88,all,1.42,12
1650,-3.62,OL,5.72,7
1650,-3.62,CL,-8.59,18
1650,-3.62,all,-7.81,25
1650,-3.38,OL,5.05,14
1650,-3.38,all,5.05,14
1650,-3.12,OL,2.88,4
1650,-3.12,all,2.88,4
1650,-2.88,OL,3.29,1
1650,-2.88,all,3.29,1
1650,-2.62,OL,2.44,9
1650,-2.62,all,2.44,9
1650,-2.12,OL,3.44,22
1650,-2.12,all,3.44,22
1650,-1.88,OL,6.57,2
1650,-1.88,all,6.57,2
1650,-1.62,OL,5.12,4
1650,-1.62,all,5.12,4
1650,-0.62,OL,9.2,1
1650,-0.62,all,9.2,1
1650,-0.12,OL,-3.38,1
1650,-0.12,all,-3.38,1
1750,-10.62,CL,0.0,1
1750,-10.62,all,0.0,1
1750,-10.38,OL,1.85,2
1750,-10.38,CL,0.78,7
1750,-10.38,all,0.78,9
1750,-10.12,OL,1.58,8
1750,-10.12,CL,3.12,67
1750,-10.12,all,3.12,75
1750,-9.88,OL,-4.24,13
1750,-9.88,CL,3.91,54
1750,-9.88,all,3.12,67
1750,-9.62,OL,6.02,10
1750,-9.62,CL,3.12,27
1750,-9.62,all,3.12,37
1750,-9.38,OL,-1.59,22
1750,-9.38,CL,0.0,24
1750,-9.38,all,-0.78,46
1750,-9.12,OL,-2.0,16
1750,-9.12,CL,-0.78,35
1750,-9.12,all,-0.78,51
1750,-8.88,OL,-1.06,29
1750,-8.88,CL,0.78,38
1750,-8.88,all,0.0,67
1750,-8.62,OL,-5.75,4
1750,-8.62,CL,0.0,12
1750,-8.62,all,0.0,16
1750,-8.38,OL,-0.19,28
1750,-8.38,CL,3.12,41
1750,-8.38,all,2.34,69
1750,-8.12,OL,-1.87,43
1750,-8.12,CL,-1.56,8
1750,-8.12,all,-1.56,51
1750,-7.88,OL,-1.67,4
1750,-7.88,CL,1.17,12
1750,-7.88,all,0.39,16
1750,-7.62,OL,1.12,4
1750,-7.62,CL,-0.39,8
1750,-7.62,all,1.12,12
1750,-7.38,OL,2.69,7
1750,-7.38,CL,3.91,63
1750,-7.38,all,3.53,70
1750,-7.12,OL,1.18,11
1750,-7.12,CL,-3.91,13
1750,-7.12,all,-0.36,24
1750,-6.88,OL,0.01,2
1750,-6.88,CL,4.69,36
1750,-6.88,all,4.69,38
1750,-6.62,OL,-3.69,5
1750,-6.62,CL,1.56,41
1750,-6.62,all,1.17,46
1750,-6.38,OL,-2.67,13
1750,-6.38,CL,1.95,2
1750,-6.38,all,-2.04,15
1750,-6.12,OL,-2.19,9
1750,-6.12,CL,0.78,9
1750,-6.12,all,-0.9,18
1750,-5.88,OL,-0.48,8
1750,-5.88,CL,-6.25,15
1750,-5.88,all,-0.77,23
1750,-5.62,OL,-0.56,20
1750,-5.62,CL,-7.03,19
1750,-5.62,all,-0.73,39
1750,-5.38,OL,-0.32,7
1750,-5.38,CL,-1.56,10
1750,-5.38,all,-0.91,17
1750,-5.12,OL,-0.65,1
1750,-5.12,all,-0.65,1
1750,-4.88,OL,1.56,21
1750,-4.88,CL,-0.78,10
1750,-4.88,all,1.13,31
1750,-4.62,OL,1.41,62
1750,-4.62,CL,0.0,34
1750,-4.62,all,0.92,96
1750,-4.38,OL,6.0,6
1750,-4.38,CL,1.56,14
1750,-4.38,all,2.33,20
1750,-4.12,OL,7.47,12
1750,-4.12,CL,1.56,6
1750,-4.12,all,1.56,18
1750,-3.88,OL,3.5,15
1750,-3.88,CL,-7.81,9
1750,-3.88,all,-0.48,24
1750,-3.62,OL,4.23,11
1750,-3.62,all,4.23,11
1750,-3.38,OL,5.36,5
1750,-3.38,all,5.36,5
1750,-3.12,OL,3.71,35
1750,-3.12,all,3.71,35
1750,-2.88,OL,4.63,10
1750,-2.88,all,4.63,10
1750,-2.62,OL,3.33,7
1750,-2.62,all,3.33,7
1750,-2.38,OL,3.15,5
1750,-2.38,all,3.15,5
1750,-2.12,OL,6.73,3
1750,-2.12,all,6.73,3
1750,-1.88,OL,5.53,30
1750,-1.88,all,5.53,30
1750,-1.38,OL,5.55,2
1750,-1.38,all,5.55,2
1750,-1.12,OL,2.9,1
1750,-1.12,all,2.9,1
1750,-0.88,OL,3.73,10
1750,-0.88,all,3.73,10
1750,-0.62,OL,5.37,10
1750,-0.62,all,5.37,10
1750,-0.38,OL,5.77,4
1750,-0.38,all,5.77,4
1750,0.12,OL,0.76,2
1750,0.12,all,0.76,2
1850,-10.88,CL,2.73,8
1850,-10.88,all,2.73,8
1850,-10.62,CL,5.47,7
1850,-10.62,all,5.47,7
1850,-10.38,OL,-4.56,3
1850,-10.38,CL,-1.56,24
1850,-10.38,all,-1.56,27
1850,-10.12,OL,1.51,9
1850,-10.12,CL,1.56,113
1850,-10.12,all,1.56,122
1850,-9.88,OL,-0.16,48
1850,-9.88,CL,2.34,169
1850,-9.88,all,2.34,217
1850,-9.62,OL,1.95,38
1850,-9.62,CL,3.12,47
1850,-9.62,all,3.12,85
1850,-9.38,OL,-0.4,68
1850,-9.38,CL,2.34,116
1850,-9.38,all,2.34,184
1850,-9.12,OL,0.52,37
1850,-9.12,CL,5.47,44
1850,-9.12,all,3.91,81
1850,-8.88,OL,1.66,46
1850,-8.88,CL,3.12,110
1850,-8.88,all,3.12,156
1850,-8.62,OL,-4.4,4
1850,-8.62,CL,-0.39,34
1850,-8.62,all,-0.39,38
1850,-8.38,OL,-0.43,81
1850,-8.38,CL,2.34,49
1850,-8.38,all,0.76,130
1850,-8.12,OL,-5.93,47
1850,-8.12,CL,4.69,69
1850,-8.12,all,3.91,116
1850,-7.88,OL,-1.41,57
1850,-7.88,CL,3.91,20
1850,-7.88,all,-0.28,77
1850,-7.62,OL,1.03,16
1850,-7.62,CL,1.56,73
1850,-7.62,all,1.56,89
1850,-7.38,OL,3.73,18
1850,-7.38,CL,2.34,47
1850,-7.38,all,2.34,65
1850,-7.12,OL,5.85,49
1850,-7.12,CL,0.0,38
1850,-7.12,all,3.12,87
1850,-6.88,OL,-0.13,33
1850,-6.88,CL,2.34,9
1850,-6.88,all,0.4,42
1850,-6.62,OL,-1.29,13
1850,-6.62,CL,2.34,45
1850,-6.62,all,2.34,58
1850,-6.38,OL,-0.21,23
1850,-6.38,CL,1.56,49
1850,-6.38,all,1.56,72
1850,-6.12,OL,1.97,18
1850,-6.12,CL,2.34,24
1850,-6.12,all,2.34,42
1850,-5.88,OL,1.92,30
1850,-5.88,CL,1.95,82
1850,-5.88,all,1.92,112
1850,-5.62,OL,1.33,19
1850,-5.62,CL,0.78,49
1850,-5.62,all,1.06,68
1850,-5.38,OL,2.56,21
1850,-5.38,CL,3.91,48
1850,-5.38,all,3.91,69
1850,-5.12,OL,0.83,3
1850,-5.12,CL,3.12,30
1850,-5.12,all,3.12,33
1850,-4.88,OL,4.7,51
1850,-4.88,CL,2.34,44
1850,-4.88,all,3.12,95
1850,-4.62,OL,1.03,26
1850,-4.62,CL,3.12,214
1850,-4.62,all,3.11,240
1850,-4.38,OL,6.36,13
1850,-4.38,CL,3.12,102
1850,-4.38,all,3.12,115
1850,-4.12,OL,4.88,17
1850,-4.12,CL,2.34,45
1850,-4.12,all,2.34,62
1850,-3.88,OL,0.26,28
1850,-3.88,CL,-1.56,22
1850,-3.88,all,-0.21,50
1850,-3.62,OL,-1.55,35
1850,-3.62,CL,-2.34,2
1850,-3.62,all,-1.56,37
1850,-3.38,OL,-1.5,21
1850,-3.38,all,-1.5,21
1850,-3.12,OL,2.16,59
1850,-3.12,CL,-1.56,10
1850,-3.12,all,1.56,69
1850,-2.88,OL,2.17,83
1850,-2.88,CL,-1.17,2
1850,-2.88,all,2.17,85
1850,-2.62,OL,1.95,18
1850,-2.62,all,1.95,18
1850,-2.38,OL,6.44,1
1850,-2.38,CL,-7.03,1
1850,-2.38,all,-0.3,2
1850,-2.12,OL,6.13,34
1850,-2.12,CL,-6.25,1
1850,-2.12,all,6.03,35
1850,-1.88,OL,5.29,23
1850,-1.88,all,5.29,23
1850,-1.62,OL,3.78,20
1850,-1.62,all,3.78,20
1850,-1.38,OL,5.52,14
1850,-1.38,all,5.52,14
1850,-1.12,OL,5.2,26
1850,-1.12,all,5.2,26
1850,-0.88,OL,0.57,20
1850,-0.88,all,0.57,20
1850,-0.62,OL,5.17,10
1850,-0.62,all,5.17,10
1850,-0.38,OL,2.65,21
1850,-0.38,all,2.65,21
1850,-0.12,OL,-4.1,33
1850,-0.12,all,-4.1,33
1850,0.12,OL,-0.48,12
1850,0.12,CL,-1.56,1
1850,0.12,all,-0.75,13
1850,0.38,OL,1.2,7
1850,0.38,all,1.2,7
1850,0.62,OL,-4.25,3
1850,0.62,all,-4.25,3
1850,1.12,OL,-1.4,21
1850,1.12,all,-1.4,21
1850,1.38,OL,-0.89,1
1850,1.38,all,-0.89,1
1950,-10.88,OL,0.01,6
1950,-10.88,CL,2.34,31
1950,-10.88,all,2.34,37
1950,-10.62,OL,2.87,5
1950,-10.62,CL,5.08,16
1950,-10.62,all,4.69,21
1950,-10.38,OL,3.03,16
1950,-10.38,CL,3.12,140
1950,-10.38,all,3.12,156
1950,-10.12,OL,-0.37,38
1950,-10.12,CL,1.56,121
1950,-10.12,all,1.56,159
1950,-9.88,OL,-3.21,51
1950,-9.88,CL,0.78,243
1950,-9.88,all,0.78,294
1950,-9.62,OL,-2.36,47
1950,-9.62,CL,0.78,181
1950,-9.62,all,0.78,228
1950,-9.38,OL,-2.54,87
1950,-9.38,CL,0.78,201
1950,-9.38,all,0.37,288
1950,-9.12,OL,-0.71,48
1950,-9.12,CL,2.34,249
1950,-9.12,all,1.56,297
1950,-8.88,OL,-1.57,57
1950,-8.88,CL,0.0,125
1950,-8.88,all,-0.58,182
1950,-8.62,OL,0.74,36
1950,-8.62,CL,-3.52,34
1950,-8.62,all,-2.6,70
1950,-8.38,OL,-1.31,76
1950,-8.38,CL,0.0,112
1950,-8.38,all,0.0,188
1950,-8.12,OL,-2.51,62
1950,-8.12,CL,0.78,79
1950,-8.12,all,-0.78,141
1950,-7.88,OL,-2.57,27
1950,-7.88,CL,-0.78,10
1950,-7.88,all,-2.15,37
1950,-7.62,OL,-0.65,69
1950,-7.62,CL,-1.56,103
1950,-7.62,all,-1.56,172
1950,-7.38,OL,1.43,45
1950,-7.38,CL,-3.12,50
1950,-7.38,all,-1.61,95
1950,-7.12,OL,0.2,42
1950,-7.12,CL,-3.12,55
1950,-7.12,all,-2.34,97
1950,-6.88,OL,-2.23,24
1950,-6.88,CL,-2.34,72
1950,-6.88,all,-2.34,96
1950,-6.62,OL,0.24,13
1950,-6.62,CL,-3.91,47
1950,-6.62,all,-3.12,60
1950,-6.38,OL,3.7,2
1950,-6.38,CL,-1.17,54
1950,-6.38,all,-0.78,56
1950,-6.12,OL,-2.9,8
1950,-6.12,CL,1.56,77
1950,-6.12,all,0.78,85
1950,-5.88,OL,1.48,82
1950,-5.88,CL,0.0,52
1950,-5.88,all,0.78,134
1950,-5.62,OL,2.53,50
1950,-5.62,CL,-0.78,51
1950,-5.62,all,0.0,101
1950,-5.38,OL,2.99,49
1950,-5.38,CL,0.78,82
1950,-5.38,all,1.56,131
1950,-5.12,OL,3.66,45
1950,-5.12,CL,0.0,67
1950,-5.12,all,1.51,112
1950,-4.88,OL,3.71,85
1950,-4.88,CL,0.0,95
1950,-4.88,all,1.26,180
1950,-4.62,OL,3.47,58
1950,-4.62,CL,0.78,221
1950,-4.62,all,0.78,279
1950,-4.38,OL,2.49,21
1950,-4.38,CL,0.0,245
1950,-4.38,all,0.0,266
1950,-4.12,OL,1.97,20
1950,-4.12,CL,1.56,84
1950,-4.12,all,1.56,104
1950,-3.88,OL,1.84,52
1950,-3.88,CL,-0.78,182
1950,-3.88,all,0.0,234
1950,-3.62,OL,3.8,69
1950,-3.62,CL,-1.56,47
1950,-3.62,all,1.14,116
1950,-3.38,OL,3.17,29
1950,-3.38,CL,-2.34,61
1950,-3.38,all,-2.34,90
1950,-3.12,OL,5.29,44
1950,-3.12,CL,-3.91,60
1950,-3.12,all,-1.56,104
1950,-2.88,OL,4.65,71
1950,-2.88,CL,-1.56,125
1950,-2.88,all,-0.78,196
1950,-2.62,OL,4.77,53
1950,-2.62,CL,-4.69,16
1950,-2.62,all,3.88,69
1950,-2.38,OL,3.36,31
1950,-2.38,CL,-5.47,14
1950,-2.38,all,1.04,45
1950,-2.12,OL,3.54,66
1950,-2.12,CL,-3.91,35
1950,-2.12,all,0.62,101
1950,-1.88,OL,5.82,42
1950,-1.88,CL,-3.91,6
1950,-1.88,all,5.61,48
1950,-1.62,OL,4.9,76
1950,-1.62,CL,-3.12,82
1950,-1.62,all,-1.56,158
1950,-1.38,OL,2.82,25
1950,-1.38,CL,-2.34,5
1950,-1.38,all,2.59,30
1950,-1.12,OL,7.77,21
1950,-1.12,CL,-1.56,14
1950,-1.12,all,5.64,35
1950,-0.88,OL,3.76,66
1950,-0.88,all,3.76,66
1950,-0.62,OL,5.74,33
1950,-0.62,all,5.74,33
1950,-0.38,OL,4.44,110
1950,-0.38,CL,-2.34,21
1950,-0.38,all,3.02,131
1950,-0.12,OL,1.72,73
1950,-0.12,CL,1.56,56
1950,-0.12,all,1.56,129
1950,0.12,OL,-0.93,78
1950,0.12,CL,-0.78,7
1950,0.12,all,-0.87,85
1950,0.38,OL,1.09,10
1950,0.38,all,1.09,10
1950,0.62,OL,0.1,2
1950,0.62,all,0.1,2
1950,0.88,OL,-9.14,14
1950,0.88,all,-9.14,14
1950,1.12,OL,-5.25,58
1950,1.12,all,-5.25,58
1950,1.38,OL,-2.64,20
1950,1.38,all,-2.64,20
1950,1.62,OL,-2.69,33
1950,1.62,all,-2.69,33
2050,-10.88,OL,3.22,12
2050,-10.88,CL,4.69,19
2050,-10.88,all,4.69,31
2050,-10.62,OL,8.03,5
2050,-10.62,CL,4.69,17
2050,-10.62,all,5.47,22
2050,-10.38,OL,2.16,47
2050,-10.38,CL,4.69,124
2050,-10.38,all,4.69,171
2050,-10.12,OL,-4.29,48
2050,-10.12,CL,2.34,96
2050,-10.12,all,0.78,144
2050,-9.88,OL,-3.84,125
2050,-9.88,CL,1.56,105
2050,-9.88,all,-0.78,230
2050,-9.62,OL,-3.77,117
2050,-9.62,CL,0.78,195
2050,-9.62,all,-0.53,312
2050,-9.38,OL,-2.77,118
2050,-9.38,CL,2.34,364
2050,-9.38,all,0.78,482
2050,-9.12,OL,-0.94,88
2050,-9.12,CL,2.34,462
2050,-9.12,all,1.71,550
2050,-8.88,OL,-0.44,121
2050,-8.88,CL,1.56,264
2050,-8.88,all,0.63,385
2050,-8.62,OL,0.58,87
2050,-8.62,CL,-2.34,112
2050,-8.62,all,-0.78,199
2050,-8.38,OL,-2.51,103
2050,-8.38,CL,-2.34,186
2050,-8.38,all,-2.34,289
2050,-8.12,OL,-3.4,148
2050,-8.12,CL,-1.56,334
2050,-8.12,all,-2.34,482
2050,-7.88,OL,-0.15,70
2050,-7.88,CL,-3.12,92
2050,-7.88,all,-1.6,162
2050,-7.62,OL,-0.43,197
2050,-7.62,CL,-4.69,324
2050,-7.62,all,-2.57,521
2050,-7.38,OL,-0.04,156
2050,-7.38,CL,-3.12,327
2050,-7.38,all,-2.34,483
2050,-7.12,OL,0.11,216
2050,-7.12,CL,-5.47,163
2050,-7.12,all,-2.21,379
2050,-6.88,OL,-1.34,125
2050,-6.88,CL,-1.56,59
2050,-6.88,all,-1.56,184
2050,-6.62,OL,0.79,178
2050,-6.62,CL,-2.34,139
2050,-6.62,all,-0.76,317
2050,-6.38,OL,1.66,70
2050,-6.38,CL,-1.56,176
2050,-6.38,all,-0.78,246
2050,-6.12,OL,0.95,75
2050,-6.12,CL,-1.56,68
2050,-6.12,all,-0.57,143
2050,-5.88,OL,2.32,162
2050,-5.88,CL,0.78,168
2050,-5.88,all,1.6,330
2050,-5.62,OL,1.62,220
2050,-5.62,CL,-2.34,176
2050,-5.62,all,-0.43,396
2050,-5.38,OL,1.04,145
2050,-5.38,CL,-0.78,98
2050,-5.38,all,0.15,243
2050,-5.12,OL,2.39,113
2050,-5.12,CL,0.0,89
2050,-5.12,all,0.78,202
2050,-4.88,OL,1.19,171
2050,-4.88,CL,-0.78,185
2050,-4.88,all,0.5,356
2050,-4.62,OL,-0.27,162
2050,-4.62,CL,-2.34,161
2050,-4.62,all,-1.56,323
2050,-4.38,OL,0.75,193
2050,-4.38,CL,-1.56,108
2050,-4.38,all,-0.78,301
2050,-4.12,OL,2.21,99
2050,-4.12,CL,-1.56,89
2050,-4.12,all,-0.78,188
2050,-3.88,OL,1.06,211
2050,-3.88,CL,-3.91,151
2050,-3.88,all,-1.34,362
2050,-3.62,OL,1.74,262
2050,-3.62,CL,-3.91,134
2050,-3.62,all,-0.43,396
2050,-3.38,OL,2.07,79
2050,-3.38,CL,-1.56,56
2050,-3.38,all,0.06,135
2050,-3.12,OL,4.29,124
2050,-3.12,CL,-4.69,137
2050,-3.12,all,-1.56,261
2050,-2.88,OL,4.11,223
2050,-2.88,CL,-3.12,102
2050,-2.88,all,2.6,325
2050,-2.62,OL,2.79,112
2050,-2.62,CL,-3.12,134
2050,-2.62,all,-0.78,246
2050,-2.38,OL,1.76,52
2050,-2.38,CL,-2.34,92
2050,-2.38,all,-0.78,144
2050,-2.12,OL,3.54,91
2050,-2.12,CL,-2.34,113
2050,-2.12,all,-0.78,204
2050,-1.88,OL,2.62,56
2050,-1.88,CL,-2.34,108
2050,-1.88,all,-1.59,164
2050,-1.62,OL,4.1,51
2050,-1.62,CL,-2.34,162
2050,-1.62,all,-2.34,213
2050,-1.38,OL,4.98,40
2050,-1.38,CL,-1.56,24
2050,-1.38,all,3.55,64
2050,-1.12,OL,2.02,165
2050,-1.12,CL,-1.56,61
2050,-1.12,all,-0.82,226
2050,-0.88,OL,0.85,81
2050,-0.88,CL,-2.34,20
2050,-0.88,all,-0.37,101
2050,-0.62,OL,0.47,40
2050,-0.62,CL,-1.56,1
2050,-0.62,all,0.46,41
2050,-0.38,OL,0.24,52
2050,-0.38,CL,-1.56,3
2050,-0.38,all,0.19,55
2050,-0.12,OL,-2.89,16
2050,-0.12,CL,0.0,1
2050,-0.12,all,-2.72,17
2050,0.12,OL,1.68,18
2050,0.12,all,1.68,18
2050,0.38,OL,0.76,24
2050,0.38,all,0.76,24
2050,0.62,OL,-1.99,59
2050,0.62,all,-1.99,59
2050,0.88,OL,-3.93,47
2050,0.88,all,-3.93,47
2050,1.12,OL,-1.26,47
2050,1.12,all,-1.26,47
2050,1.38,OL,-4.71,3
2050,1.38,all,-4.71,3
2150,-10.88,OL,11.19,13
2150,-10.88,CL,5.47,18
2150,-10.88,all,5.47,31
2150,-10.62,OL,-3.38,53
2150,-10.62,CL,6.64,32
2150,-10.62,all,0.53,85
2150,-10.38,OL,-4.24,48
2150,-10.38,CL,3.91,129
2150,-10.38,all,2.34,177
2150,-10.12,OL,-1.24,115
2150,-10.12,CL,3.12,155
2150,-10.12,all,1.56,270
2150,-9.88,OL,-3.04,249
2150,-9.88,CL,1.56,255
2150,-9.88,all,-0.6,504
2150,-9.62,OL,-2.15,44
2150,-9.62,CL,1.56,186
2150,-9.62,all,1.56,230
2150,-9.38,OL,-1.2,165
2150,-9.38,CL,3.12,490
2150,-9.38,all,2.34,655
2150,-9.12,OL,-2.64,164
2150,-9.12,CL,1.56,524
2150,-9.12,all,0.27,688
2150,-8.88,OL,-1.99,143
2150,-8.88,CL,-2.34,488
2150,-8.88,all,-2.29,631
2150,-8.62,OL,-3.82,121
2150,-8.62,CL,-2.34,229
2150,-8.62,all,-3.52,350
2150,-8.38,OL,-2.74,238
2150,-8.38,CL,-3.91,570
2150,-8.38,all,-3.91,808
2150,-8.12,OL,-1.9,250
2150,-8.12,CL,-5.47,466
2150,-8.12,all,-4.69,716
2150,-7.88,OL,-0.06,101
2150,-7.88,CL,-3.91,379
2150,-7.88,all,-3.12,480
2150,-7.62,OL,-0.02,118
2150,-7.62,CL,-3.91,622
2150,-7.62,all,-3.12,740
2150,-7.38,OL,0.45,145
2150,-7.38,CL,-4.69,554
2150,-7.38,all,-3.91,699
2150,-7.12,OL,-0.7,213
2150,-7.12,CL,-3.91,451
2150,-7.12,all,-3.12,664
2150,-6.88,OL,0.4,78
2150,-6.88,CL,-2.34,253
2150,-6.88,all,-1.56,331
2150,-6.62,OL,0.16,142
2150,-6.62,CL,-1.56,477
2150,-6.62,all,-0.78,619
2150,-6.38,OL,0.79,130
2150,-6.38,CL,-2.34,486
2150,-6.38,all,-1.56,616
2150,-6.12,OL,1.19,72
2150,-6.12,CL,-2.34,167
2150,-6.12,all,-1.56,239
2150,-5.88,OL,1.98,187
2150,-5.88,CL,-1.56,349
2150,-5.88,all,0.0,536
2150,-5.62,OL,1.09,320
2150,-5.62,CL,-2.34,379
2150,-5.62,all,-0.4,699
2150,-5.38,OL,0.69,247
2150,-5.38,CL,-2.34,398
2150,-5.38,all,-0.78,645
2150,-5.12,OL,-0.46,81
2150,-5.12,CL,-1.56,198
2150,-5.12,all,-1.56,279
2150,-4.88,OL,0.45,187
2150,-4.88,CL,-2.34,543
2150,-4.88,all,-2.34,730
2150,-4.62,OL,1.24,187
2150,-4.62,CL,-2.34,323
2150,-4.62,all,-1.56,510
2150,-4.38,OL,1.39,231
2150,-4.38,CL,0.0,311
2150,-4.38,all,0.78,542
2150,-4.12,OL,2.25,94
2150,-4.12,CL,-2.34,225
2150,-4.12,all,-2.34,319
2150,-3.88,OL,2.22,153
2150,-3.88,CL,-2.34,243
2150,-3.88,all,-2.34,396
2150,-3.62,OL,1.72,154
2150,-3.62,CL,-3.12,272
2150,-3.62,all,-1.56,426
2150,-3.38,OL,1.05,120
2150,-3.38,CL,-3.91,153
2150,-3.38,all,-1.56,273
2150,-3.12,OL,1.64,162
2150,-3.12,CL,-3.91,306
2150,-3.12,all,-3.12,468
2150,-2.88,OL,1.8,287
2150,-2.88,CL,-3.12,315
2150,-2.88,all,-1.56,602
2150,-2.62,OL,1.95,220
2150,-2.62,CL,-2.34,214
2150,-2.62,all,-1.56,434
2150,-2.38,OL,1.14,87
2150,-2.38,CL,-2.34,41
2150,-2.38,all,-0.77,128
2150,-2.12,OL,3.03,231
2150,-2.12,CL,-2.34,42
2150,-2.12,all,2.33,273
2150,-1.88,OL,2.99,119
2150,-1.88,CL,-0.78,91
2150,-1.88,all,0.78,210
2150,-1.62,OL,1.27,175
2150,-1.62,CL,-1.56,40
2150,-1.62,all,0.73,215
2150,-1.38,OL,0.39,134
2150,-1.38,CL,-1.56,19
2150,-1.38,all,0.11,153
2150,-1.12,OL,-1.62,208
2150,-1.12,CL,-0.78,3
2150,-1.12,all,-1.61,211
2150,-0.88,OL,-2.58,115
2150,-0.88,all,-2.58,115
2150,-0.62,OL,-4.18,38
2150,-0.62,all,-4.18,38
2150,-0.38,OL,-1.1,22
2150,-0.38,all,-1.1,22
2150,-0.12,OL,-0.04,17
2150,-0.12,all,-0.04,17
2150,0.12,OL,0.95,22
2150,0.12,all,0.95,22
2150,0.38,OL,-1.19,30
2150,0.38,all,-1.19,30
2150,0.62,OL,-1.26,58
2150,0.62,all,-1.26,58
2150,0.88,OL,-1.71,85
2150,0.88,all,-1.71,85
2150,1.12,OL,-1.2,23
2150,1.12,all,-1.2,23
2150,1.38,OL,-1.39,15
2150,1.38,all,-1.39,15
2150,1.62,OL,3.03,20
2150,1.62,all,3.03,20
2150,1.88,OL,-0.07,37
2150,1.88,all,-0.07,37
2250,-10.88,OL,-1.32,17
2250,-10.88,CL,2.73,40
2250,-10.88,all,2.34,57
2250,-10.62,OL,-1.39,25
2250,-10.62,CL,-1.17,68
2250,-10.62,all,-1.39,93
2250,-10.38,OL,-4.45,51
2250,-10.38,CL,3.12,130
2250,-10.38,all,1.56,181
2250,-10.12,OL,-0.43,140
2250,-10.12,CL,2.34,221
2250,-10.12,all,0.78,361
2250,-9.88,OL,-1.86,406
2250,-9.88,CL,0.78,277
2250,-9.88,all,-0.59,683
2250,-9.62,OL,-0.71,225
2250,-9.62,CL,3.91,147
2250,-9.62,all,-0.07,372
2250,-9.38,OL,-2.25,472
2250,-9.38,CL,1.56,515
2250,-9.38,all,0.0,987
2250,-9.12,OL,-3.18,615
2250,-9.12,CL,-0.78,627
2250,-9.12,all,-2.34,1242
2250,-8.88,OL,-2.38,340
2250,-8.88,CL,-2.34,567
2250,-8.88,all,-2.34,907
2250,-8.62,OL,-3.5,279
2250,-8.62,CL,-2.34,633
2250,-8.62,all,-3.12,912
2250,-8.38,OL,-2.87,298
2250,-8.38,CL,-3.91,845
2250,-8.38,all,-3.91,1143
2250,-8.12,OL,-1.94,282
2250,-8.12,CL,-5.47,841
2250,-8.12,all,-4.69,1123
2250,-7.88,OL,-1.63,283
2250,-7.88,CL,-5.47,383
2250,-7.88,all,-4.69,666
2250,-7.62,OL,-0.73,332
2250,-7.62,CL,-5.47,482
2250,-7.62,all,-3.91,814
2250,-7.38,OL,-2.56,395
2250,-7.38,CL,-4.69,586
2250,-7.38,all,-3.91,981
2250,-7.12,OL,-1.34,265
2250,-7.12,CL,-3.91,605
2250,-7.12,all,-3.12,870
2250,-6.88,OL,-0.75,239
2250,-6.88,CL,-3.91,324
2250,-6.88,all,-2.55,563
2250,-6.62,OL,1.26,241
2250,-6.62,CL,-3.12,823
2250,-6.62,all,-3.12,1064
2250,-6.38,OL,2.14,208
2250,-6.38,CL,-3.12,576
2250,-6.38,all,-1.66,784
2250,-6.12,OL,0.76,115
2250,-6.12,CL,-2.34,301
2250,-6.12,all,-1.56,416
2250,-5.88,OL,-1.61,247
2250,-5.88,CL,-2.34,460
2250,-5.88,all,-2.34,707
2250,-5.62,OL,-1.45,356
2250,-5.62,CL,-2.34,452
2250,-5.62,all,-2.34,808
2250,-5.38,OL,-1.43,269
2250,-5.38,CL,-3.12,339
2250,-5.38,all,-3.12,608
2250,-5.12,OL,-0.65,168
2250,-5.12,CL,-3.12,251
2250,-5.12,all,-2.86,419
2250,-4.88,OL,1.04,161
2250,-4.88,CL,-4.69,280
2250,-4.88,all,-3.91,441
2250,-4.62,OL,-0.93,304
2250,-4.62,CL,-3.91,392
2250,-4.62,all,-3.12,696
2250,-4.38,OL,2.33,330
2250,-4.38,CL,-3.91,365
2250,-4.38,all,-1.56,695
2250,-4.12,OL,0.62,210
2250,-4.12,CL,-3.12,205
2250,-4.12,all,-2.34,415
2250,-3.88,OL,0.08,274
2250,-3.88,CL,-3.91,349
2250,-3.88,all,-2.34,623
2250,-3.62,OL,1.19,253
2250,-3.62,CL,-3.12,270
2250,-3.62,all,-2.14,523
2250,-3.38,OL,-1.63,168
2250,-3.38,CL,-2.34,120
2250,-3.38,all,-2.04,288
2250,-3.12,OL,1.15,266
2250,-3.12,CL,-1.56,316
2250,-3.12,all,-0.78,582
2250,-2.88,OL,1.19,249
2250,-2.88,CL,-1.56,333
2250,-2.88,all,-0.78,582
2250,-2.62,OL,0.79,278
2250,-2.62,CL,-0.78,239
2250,-2.62,all,0.0,517
2250,-2.38,OL,1.6,104
2250,-2.38,CL,-0.78,86
2250,-2.38,all,0.0,190
2250,-2.12,OL,1.98,222
2250,-2.12,CL,0.0,191
2250,-2.12,all,0.78,413
2250,-1.88,OL,0.85,238
2250,-1.88,CL,0.0,83
2250,-1.88,all,0.53,321
2250,-1.62,OL,-0.96,333
2250,-1.62,CL,-0.78,26
2250,-1.62,all,-0.78,359
2250,-1.38,OL,-1.77,167
2250,-1.38,all,-1.77,167
2250,-1.12,OL,-3.87,264
2250,-1.12,all,-3.87,264
2250,-0.88,OL,-4.45,160
2250,-0.88,all,-4.45,160
2250,-0.62,OL,-1.41,44
2250,-0.62,all,-1.41,44
2250,-0.38,OL,-3.39,66
2250,-0.38,all,-3.39,66
2250,-0.12,OL,-2.86,64
2250,-0.12,all,-2.86,64
2250,0.12,OL,-1.73,20
2250,0.12,all,-1.73,20
2250,0.38,OL,-2.76,24
2250,0.38,all,-2.76,24
2250,0.62,OL,-3.5,48
2250,0.62,all,-3.5,48
2250,0.88,OL,-3.66,25
2250,0.88,all,-3.66,25
2250,1.12,OL,2.95,10
2250,1.12,all,2.95,10
2250,1.38,OL,2.7,29
2250,1.38,all,2.7,29
2250,1.62,OL,3.05,5
2250,1.62,all,3.05,5
2350,-10.88,OL,1.33,17
2350,-10.88,CL,2.34,27
2350,-10.88,all,2.34,44
2350,-10.62,OL,5.29,8
2350,-10.62,CL,-3.91,31
2350,-10.62,all,-3.18,39
2350,-10.38,OL,-1.33,110
2350,-10.38,CL,3.12,135
2350,-10.38,all,2.0,245
2350,-10.12,OL,-0.73,111
2350,-10.12,CL,3.52,230
2350,-10.12,all,2.34,341
2350,-9.88,OL,-1.94,399
2350,-9.88,CL,2.34,400
2350,-9.88,all,0.71,799
2350,-9.62,OL,-3.67,145
2350,-9.62,CL,-0.78,202
2350,-9.62,all,-1.56,347
2350,-9.38,OL,-2.59,324
2350,-9.38,CL,0.0,697
2350,-9.38,all,-0.81,1021
2350,-9.12,OL,-2.51,438
2350,-9.12,CL,-3.12,766
2350,-9.12,all,-2.63,1204
2350,-8.88,OL,-2.56,430
2350,-8.88,CL,-3.12,822
2350,-8.88,all,-3.12,1252
2350,-8.62,OL,-2.44,402
2350,-8.62,CL,-3.12,420
2350,-8.62,all,-3.12,822
2350,-8.38,OL,-3.94,402
2350,-8.38,CL,-3.91,826
2350,-8.38,all,-3.91,1228
2350,-8.12,OL,-3.32,344
2350,-8.12,CL,-5.47,403
2350,-8.12,all,-4.06,747
2350,-7.88,OL,-1.25,114
2350,-7.88,CL,-4.69,303
2350,-7.88,all,-4.69,417
2350,-7.62,OL,-1.44,262
2350,-7.62,CL,-3.91,268
2350,-7.62,all,-2.89,530
2350,-7.38,OL,-1.91,309
2350,-7.38,CL,-4.68,377
2350,-7.38,all,-3.4,686
2350,-7.12,OL,0.16,175
2350,-7.12,CL,-3.12,413
2350,-7.12,all,-3.12,588
2350,-6.88,OL,0.83,87
2350,-6.88,CL,-3.12,175
2350,-6.88,all,-2.34,262
2350,-6.62,OL,0.18,178
2350,-6.62,CL,-3.12,498
2350,-6.62,all,-2.34,676
2350,-6.38,OL,0.28,241
2350,-6.38,CL,-2.34,635
2350,-6.38,all,-2.34,876
2350,-6.12,OL,1.33,163
2350,-6.12,CL,-2.34,273
2350,-6.12,all,-1.56,436
2350,-5.88,OL,0.52,284
2350,-5.88,CL,-2.34,727
2350,-5.88,all,-2.34,1011
2350,-5.62,OL,0.65,160
2350,-5.62,CL,-2.34,868
2350,-5.62,all,-2.34,1028
2350,-5.38,OL,1.35,255
2350,-5.38,CL,-3.12,639
2350,-5.38,all,-2.34,894
2350,-5.12,OL,2.0,110
2350,-5.12,CL,-2.34,192
2350,-5.12,all,-0.78,302
2350,-4.88,OL,1.72,210
2350,-4.88,CL,-2.34,269
2350,-4.88,all,-0.78,479
2350,-4.62,OL,0.33,253
2350,-4.62,CL,-1.56,425
2350,-4.62,all,-1.56,678
2350,-4.38,OL,-0.48,314
2350,-4.38,CL,-2.34,363
2350,-4.38,all,-2.34,677
2350,-4.12,OL,0.24,143
2350,-4.12,CL,-2.34,205
2350,-4.12,all,-1.56,348
2350,-3.88,OL,-2.86,351
2350,-3.88,CL,0.0,615
2350,-3.88,all,-0.78,966
2350,-3.62,OL,-0.91,199
2350,-3.62,CL,-0.78,454
2350,-3.62,all,-0.78,653
2350,-3.38,OL,-0.42,134
2350,-3.38,CL,0.0,236
2350,-3.38,all,0.0,370
2350,-3.12,OL,0.35,233
2350,-3.12,CL,0.0,259
2350,-3.12,all,0.0,492
2350,-2.88,OL,1.12,298
2350,-2.88,CL,0.78,408
2350,-2.88,all,0.78,706
2350,-2.62,OL,0.18,493
2350,-2.62,CL,-0.78,251
2350,-2.62,all,-0.36,744
2350,-2.38,OL,0.86,238
2350,-2.38,CL,-0.78,75
2350,-2.38,all,0.0,313
2350,-2.12,OL,0.0,402
2350,-2.12,CL,-0.78,52
2350,-2.12,all,-0.2,454
2350,-1.88,OL,-0.7,519
2350,-1.88,CL,1.17,12
2350,-1.88,all,-0.69,531
2350,-1.62,OL,-1.8,413
2350,-1.62,CL,-0.78,1
2350,-1.62,all,-1.8,414
2350,-1.38,OL,-2.95,206
2350,-1.38,all,-2.95,206
2350,-1.12,OL,-3.17,299
2350,-1.12,all,-3.17,299
2350,-0.88,OL,-2.67,159
2350,-0.88,all,-2.67,159
2350,-0.62,OL,-2.55,86
2350,-0.62,all,-2.55,86
2350,-0.38,OL,-2.64,173
2350,-0.38,all,-2.64,173
2350,-0.12,OL,-0.44,102
2350,-0.12,all,-0.44,102
2350,0.12,OL,-1.18,49
2350,0.12,all,-1.18,49
2350,0.38,OL,3.67,5
2350,0.38,all,3.67,5
2350,0.62,OL,0.6,21
2350,0.62,all,0.6,21
2350,0.88,OL,2.2,20
2350,0.88,all,2.2,20
2350,1.12,OL,2.63,7
2350,1.12,all,2.63,7
2350,1.38,OL,1.19,20
2350,1.38,all,1.19,20
2350,1.62,OL,3.59,46
2350,1.62,all,3.59,46
2350,1.88,OL,2.59,109
2350,1.88,all,2.59,109
2350,2.12,OL,5.29,29
2350,2.12,all,5.29,29
2350,2.38,OL,6.11,8
2350,2.38,all,6.11,8
2350,2.62,OL,-0.25,21
2350,2.62,all,-0.25,21
2350,2.88,OL,3.55,30
2350,2.88,all,3.55,30
2350,3.12,OL,0.23,3
2350,3.12,all,0.23,3
2350,3.38,OL,-0.08,3
2350,3.38,all,-0.08,3
2350,3.62,OL,-2.35,2
2350,3.62,all,-2.35,2
2450,-10.88,OL,3.29,35
2450,-10.88,CL,3.91,44
2450,-10.88,all,3.56,79
2450,-10.62,OL,-0.73,33
2450,-10.62,CL,-0.78,80
2450,-10.62,all,-0.78,113
2450,-10.38,OL,0.51,102
2450,-10.38,CL,0.0,84
2450,-10.38,all,0.16,186
2450,-10.12,OL,-1.07,135
2450,-10.12,CL,0.0,205
2450,-10.12,all,-0.1,340
2450,-9.88,OL,-1.9,194
2450,-9.88,CL,1.56,320
2450,-9.88,all,0.0,514
2450,-9.62,OL,-1.9,145
2450,-9.62,CL,0.0,342
2450,-9.62,all,-0.75,487
2450,-9.38,OL,-2.77,287
2450,-9.38,CL,-0.78,924
2450,-9.38,all,-1.56,1211
2450,-9.12,OL,-1.94,187
2450,-9.12,CL,-2.35,649
2450,-9.12,all,-2.35,836
2450,-8.88,OL,-2.81,378
2450,-8.88,CL,-2.34,579
2450,-8.88,all,-2.55,957
2450,-8.62,OL,-2.25,177
2450,-8.62,CL,-3.12,363
2450,-8.62,all,-2.6,540
2450,-8.38,OL,-4.14,312
2450,-8.38,CL,-3.91,569
2450,-8.38,all,-3.91,881
2450,-8.12,OL,-3.55,359
2450,-8.12,CL,-3.12,528
2450,-8.12,all,-3.12,887
2450,-7.88,OL,-0.86,176
2450,-7.88,CL,-3.91,349
2450,-7.88,all,-3.12,525
2450,-7.62,OL,-2.56,385
2450,-7.62,CL,-2.34,583
2450,-7.62,all,-2.34,968
2450,-7.38,OL,0.51,356
2450,-7.38,CL,-3.12,475
2450,-7.38,all,-1.92,831
2450,-7.12,OL,0.03,203
2450,-7.12,CL,-2.34,425
2450,-7.12,all,-2.34,628
2450,-6.88,OL,0.59,93
2450,-6.88,CL,-1.95,164
2450,-6.88,all,-0.78,257
2450,-6.62,OL,0.0,350
2450,-6.62,CL,-1.56,335
2450,-6.62,all,-0.78,685
2450,-6.38,OL,0.16,298
2450,-6.38,CL,-1.56,580
2450,-6.38,all,-0.78,878
2450,-6.12,OL,0.42,148
2450,-6.12,CL,-2.34,470
2450,-6.12,all,-2.34,618
2450,-5.88,OL,0.32,430
2450,-5.88,CL,-2.34,525
2450,-5.88,all,-1.56,955
2450,-5.62,OL,-1.5,371
2450,-5.62,CL,-2.34,351
2450,-5.62,all,-2.34,722
2450,-5.38,OL,-1.21,263
2450,-5.38,CL,-3.12,586
2450,-5.38,all,-2.34,849
2450,-5.12,OL,0.16,110
2450,-5.12,CL,-2.34,185
2450,-5.12,all,-1.56,295
2450,-4.88,OL,-1.07,232
2450,-4.88,CL,-2.34,318
2450,-4.88,all,-1.56,550
2450,-4.62,OL,-0.82,231
2450,-4.62,CL,-2.34,284
2450,-4.62,all,-2.34,515
2450,-4.38,OL,0.81,241
2450,-4.38,CL,-2.34,344
2450,-4.38,all,-1.56,585
2450,-4.12,OL,2.36,173
2450,-4.12,CL,-0.78,217
2450,-4.12,all,0.0,390
2450,-3.88,OL,1.31,218
2450,-3.88,CL,0.0,547
2450,-3.88,all,0.0,765
2450,-3.62,OL,0.34,213
2450,-3.62,CL,0.78,751
2450,-3.62,all,0.78,964
2450,-3.38,OL,-0.25,117
2450,-3.38,CL,0.78,239
2450,-3.38,all,0.78,356
2450,-3.12,OL,0.39,251
2450,-3.12,CL,0.0,490
2450,-3.12,all,0.37,741
2450,-2.88,OL,-0.0,323
2450,-2.88,CL,-0.78,467
2450,-2.88,all,-0.78,790
2450,-2.62,OL,-0.75,494
2450,-2.62,CL,-0.78,105
2450,-2.62,all,-0.78,599
2450,-2.38,OL,-0.74,282
2450,-2.38,CL,0.0,5
2450,-2.38,all,-0.66,287
2450,-2.12,OL,-0.65,336
2450,-2.12,CL,0.0,1
2450,-2.12,all,-0.65,337
2450,-1.88,OL,-0.23,441
2450,-1.88,all,-0.23,441
2450,-1.62,OL,-1.53,266
2450,-1.62,all,-1.53,266
2450,-1.38,OL,-0.93,152
2450,-1.38,all,-0.93,152
2450,-1.12,OL,-2.35,142
2450,-1.12,all,-2.35,142
2450,-0.88,OL,-1.37,44
2450,-0.88,all,-1.37,44
2450,-0.62,OL,-3.52,26
2450,-0.62,all,-3.52,26
2450,-0.38,OL,-0.9,88
2450,-0.38,all,-0.9,88
2450,-0.12,OL,2.01,150
2450,-0.12,all,2.01,150
2450,0.12,OL,1.66,118
2450,0.12,all,1.66,118
2450,0.38,OL,2.34,95
2450,0.38,all,2.34,95
2450,0.62,OL,2.29,53
2450,0.62,all,2.29,53
2450,0.88,OL,4.18,37
2450,0.88,all,4.18,37
2450,1.12,OL,2.91,15
2450,1.12,all,2.91,15
2450,1.38,OL,4.19,28
2450,1.38,all,4.19,28
2450,1.62,OL,2.8,46
2450,1.62,all,2.8,46
2450,1.88,OL,4.0,76
2450,1.88,all,4.0,76
2450,2.12,OL,0.47,25
2450,2.12,all,0.47,25
2450,2.38,OL,0.99,56
2450,2.38,all,0.99,56
2450,2.62,OL,2.16,17
2450,2.62,all,2.16,17
2450,2.88,OL,0.13,17
2450,2.88,all,0.13,17
2450,3.12,OL,-1.11,14
2450,3.12,all,-1.11,14
2450,3.38,OL,-0.39,39
2450,3.38,all,-0.39,39
2450,3.62,OL,-6.45,43
2450,3.62,all,-6.45,43
2450,3.88,OL,-3.86,13
2450,3.88,all,-3.86,13
2450,4.12,OL,-4.61,12
2450,4.12,all,-4.61,12
2450,4.38,OL,-4.92,16
2450,4.38,all,-4.92,16
2450,4.62,OL,-5.11,2
2450,4.62,all,-5.11,2
2550,-10.88,OL,-2.41,80
2550,-10.88,CL,0.78,92
2550,-10.88,all,0.0,172
2550,-10.62,OL,-1.94,55
2550,-10.62,CL,0.78,114
2550,-10.62,all,0.78,169
2550,-10.38,OL,-1.94,154
2550,-10.38,CL,-0.78,158
2550,-10.38,all,-1.56,312
2550,-10.12,OL,0.16,138
2550,-10.12,CL,0.0,212
2550,-10.12,all,0.0,350
2550,-9.88,OL,-1.47,252
2550,-9.88,CL,0.78,326
2550,-9.88,all,-0.78,578
2550,-9.62,OL,-1.26,132
2550,-9.62,CL,-0.78,310
2550,-9.62,all,-0.78,442
2550,-9.38,OL,-1.94,345
2550,-9.38,CL,-1.57,618
2550,-9.38,all,-1.93,963
2550,-9.12,OL,-1.6,298
2550,-9.12,CL,-3.12,629
2550,-9.12,all,-2.34,927
2550,-8.88,OL,-2.16,250
2550,-8.88,CL,-3.12,572
2550,-8.88,all,-3.12,822
2550,-8.62,OL,-1.67,111
2550,-8.62,CL,-3.12,378
2550,-8.62,all,-3.12,489
2550,-8.38,OL,-3.51,208
2550,-8.38,CL,-3.12,495
2550,-8.38,all,-3.13,703
2550,-8.12,OL,-0.75,271
2550,-8.12,CL,-2.34,531
2550,-8.12,all,-1.82,802
2550,-7.88,OL,0.28,128
2550,-7.88,CL,-1.56,274
2550,-7.88,all,-1.32,402
2550,-7.62,OL,-0.73,215
2550,-7.62,CL,-1.56,762
2550,-7.62,all,-1.56,977
2550,-7.38,OL,-1.86,289
2550,-7.38,CL,-3.12,720
2550,-7.38,all,-3.12,1009
2550,-7.12,OL,-1.32,371
2550,-7.12,CL,-1.56,603
2550,-7.12,all,-1.56,974
2550,-6.88,OL,-2.86,183
2550,-6.88,CL,-1.56,290
2550,-6.88,all,-2.34,473
2550,-6.62,OL,-0.71,312
2550,-6.62,CL,-2.34,282
2550,-6.62,all,-1.56,594
2550,-6.38,OL,-1.92,389
2550,-6.38,CL,-2.34,402
2550,-6.38,all,-2.18,791
2550,-6.12,OL,-2.53,176
2550,-6.12,CL,-3.12,171
2550,-6.12,all,-3.12,347
2550,-5.88,OL,-1.29,371
2550,-5.88,CL,-3.12,324
2550,-5.88,all,-2.34,695
2550,-5.62,OL,-1.72,381
2550,-5.62,CL,-2.34,422
2550,-5.62,all,-2.34,803
2550,-5.38,OL,-1.0,290
2550,-5.38,CL,-2.34,362
2550,-5.38,all,-1.96,652
2550,-5.12,OL,0.43,122
2550,-5.12,CL,-3.12,116
2550,-5.12,all,-1.56,238
2550,-4.88,OL,-0.91,306
2550,-4.88,CL,-2.34,311
2550,-4.88,all,-2.34,617
2550,-4.62,OL,0.9,152
2550,-4.62,CL,-2.34,402
2550,-4.62,all,-1.56,554
2550,-4.38,OL,1.92,113
2550,-4.38,CL,-0.78,314
2550,-4.38,all,-0.78,427
2550,-4.12,OL,-1.43,125
2550,-4.12,CL,0.0,107
2550,-4.12,all,0.0,232
2550,-3.88,OL,1.28,72
2550,-3.88,CL,0.78,202
2550,-3.88,all,0.78,274
2550,-3.62,OL,0.33,119
2550,-3.62,CL,0.78,198
2550,-3.62,all,0.78,317
2550,-3.38,OL,1.0,63
2550,-3.38,CL,-0.78,98
2550,-3.38,all,0.0,161
2550,-3.12,OL,-0.35,162
2550,-3.12,CL,-0.78,163
2550,-3.12,all,-0.78,325
2550,-2.88,OL,-0.83,334
2550,-2.88,CL,-0.78,154
2550,-2.88,all,-0.78,488
2550,-2.62,OL,-0.98,317
2550,-2.62,CL,0.78,13
2550,-2.62,all,-0.84,330
2550,-2.38,OL,0.22,70
2550,-2.38,all,0.22,70
2550,-2.12,OL,-0.56,227
2550,-2.12,all,-0.56,227
2550,-1.88,OL,-1.28,195
2550,-1.88,all,-1.28,195
2550,-1.62,OL,-0.6,143
2550,-1.62,all,-0.6,143
2550,-1.38,OL,0.47,127
2550,-1.38,all,0.47,127
2550,-1.12,OL,-2.22,139
2550,-1.12,all,-2.22,139
2550,-0.88,OL,0.51,147
2550,-0.88,all,0.51,147
2550,-0.62,OL,0.49,41
2550,-0.62,all,0.49,41
2550,-0.38,OL,1.97,101
2550,-0.38,all,1.97,101
2550,-0.12,OL,3.72,111
2550,-0.12,all,3.72,111
2550,0.12,OL,3.62,70
2550,0.12,all,3.62,70
2550,0.38,OL,3.52,47
2550,0.38,all,3.52,47
2550,0.62,OL,3.72,114
2550,0.62,all,3.72,114
2550,0.88,OL,4.21,74
2550,0.88,all,4.21,74
2550,1.12,OL,6.0,10
2550,1.12,all,6.0,10
2550,1.38,OL,6.69,8
2550,1.38,all,6.69,8
2550,1.62,OL,1.15,34
2550,1.62,all,1.15,34
2550,1.88,OL,3.33,31
2550,1.88,all,3.33,31
2550,2.12,OL,4.12,7
2550,2.12,all,4.12,7
2550,2.38,OL,2.87,47
2550,2.38,all,2.87,47
2550,2.62,OL,1.83,18
2550,2.62,all,1.83,18
2550,2.88,OL,1.72,11
2550,2.88,all,1.72,11
2550,3.12,OL,0.16,7
2550,3.12,all,0.16,7
2550,3.38,OL,-4.01,14
2550,3.38,all,-4.01,14
2550,3.62,OL,-4.95,20
2550,3.62,all,-4.95,20
2550,3.88,OL,-4.01,15
2550,3.88,all,-4.01,15
2550,4.12,OL,-5.96,26
2550,4.12,all,-5.96,26
2550,4.38,OL,-5.67,11
2550,4.38,all,-5.67,11
2550,4.62,OL,-7.53,34
2550,4.62,all,-7.53,34
2650,-10.88,OL,-0.35,79
2650,-10.88,CL,1.56,106
2650,-10.88,all,0.78,185
2650,-10.62,OL,5.33,65
2650,-10.62,CL,0.0,161
2650,-10.62,all,0.0,226
2650,-10.38,OL,1.09,110
2650,-10.38,CL,1.56,315
2650,-10.38,all,1.56,425
2650,-10.12,OL,3.57,125
2650,-10.12,CL,1.56,340
2650,-10.12,all,1.56,465
2650,-9.88,OL,-2.24,172
2650,-9.88,CL,2.34,619
2650,-9.88,all,0.78,791
2650,-9.62,OL,-3.47,143
2650,-9.62,CL,0.0,254
2650,-9.62,all,-1.56,397
2650,-9.38,OL,-2.69,206
2650,-9.38,CL,-3.12,704
2650,-9.38,all,-3.12,910
2650,-9.12,OL,-2.91,256
2650,-9.12,CL,-2.34,1089
2650,-9.12,all,-2.34,1345
2650,-8.88,OL,-2.79,219
2650,-8.88,CL,-3.12,637
2650,-8.88,all,-3.12,856
2650,-8.62,OL,-3.18,280
2650,-8.62,CL,-3.12,618
2650,-8.62,all,-3.13,898
2650,-8.38,OL,-1.93,402
2650,-8.38,CL,-3.91,799
2650,-8.38,all,-3.13,1201
2650,-8.12,OL,-2.18,336
2650,-8.12,CL,-4.69,658
2650,-8.12,all,-3.91,994
2650,-7.88,OL,-0.8,118
2650,-7.88,CL,-2.34,478
2650,-7.88,all,-2.34,596
2650,-7.62,OL,-1.08,148
2650,-7.62,CL,-2.34,676
2650,-7.62,all,-2.34,824
2650,-7.38,OL,-0.42,206
2650,-7.38,CL,-2.34,374
2650,-7.38,all,-2.34,580
2650,-7.12,OL,-0.25,214
2650,-7.12,CL,-2.34,309
2650,-7.12,all,-1.56,523
2650,-6.88,OL,-0.38,110
2650,-6.88,CL,-3.9,171
2650,-6.88,all,-2.45,281
2650,-6.62,OL,0.53,274
2650,-6.62,CL,-3.12,367
2650,-6.62,all,-1.62,641
2650,-6.38,OL,-0.22,236
2650,-6.38,CL,-2.34,274
2650,-6.38,all,-1.56,510
2650,-6.12,OL,-0.19,145
2650,-6.12,CL,-3.91,138
2650,-6.12,all,-2.18,283
2650,-5.88,OL,-0.96,234
2650,-5.88,CL,-3.91,342
2650,-5.88,all,-3.12,576
2650,-5.62,OL,0.28,184
2650,-5.62,CL,-3.12,227
2650,-5.62,all,-1.56,411
2650,-5.38,OL,-0.67,184
2650,-5.38,CL,-2.34,260
2650,-5.38,all,-2.34,444
2650,-5.12,OL,1.45,102
2650,-5.12,CL,-3.91,82
2650,-5.12,all,-1.56,184
2650,-4.88,OL,0.35,295
2650,-4.88,CL,-2.34,268
2650,-4.88,all,-0.93,563
2650,-4.62,OL,0.04,223
2650,-4.62,CL,-2.34,165
2650,-4.62,all,-0.78,388
2650,-4.38,OL,-0.82,136
2650,-4.38,CL,-0.78,254
2650,-4.38,all,-0.78,390
2650,-4.12,OL,-0.53,63
2650,-4.12,CL,0.0,136
2650,-4.12,all,0.0,199
2650,-3.88,OL,-0.22,184
2650,-3.88,CL,0.0,222
2650,-3.88,all,0.0,406
2650,-3.62,OL,0.72,287
2650,-3.62,CL,-1.56,318
2650,-3.62,all,-0.78,605
2650,-3.38,OL,-0.71,168
2650,-3.38,CL,-2.34,49
2650,-3.38,all,-1.12,217
2650,-3.12,OL,-0.83,288
2650,-3.12,CL,-1.56,70
2650,-3.12,all,-0.87,358
2650,-2.88,OL,1.16,340
2650,-2.88,CL,-0.78,12
2650,-2.88,all,0.96,352
2650,-2.62,OL,0.67,267
2650,-2.62,all,0.67,267
2650,-2.38,OL,1.6,92
2650,-2.38,all,1.6,92
2650,-2.12,OL,-0.79,251
2650,-2.12,all,-0.79,251
2650,-1.88,OL,-0.54,211
2650,-1.88,all,-0.54,211
2650,-1.62,OL,0.08,209
2650,-1.62,all,0.08,209
2650,-1.38,OL,1.41,135
2650,-1.38,all,1.41,135
2650,-1.12,OL,0.23,250
2650,-1.12,all,0.23,250
2650,-0.88,OL,-0.65,176
2650,-0.88,all,-0.65,176
2650,-0.62,OL,0.39,84
2650,-0.62,all,0.39,84
2650,-0.38,OL,0.83,148
2650,-0.38,all,0.83,148
2650,-0.12,OL,3.78,204
2650,-0.12,all,3.78,204
2650,0.12,OL,2.82,73
2650,0.12,all,2.82,73
2650,0.38,OL,3.32,60
2650,0.38,all,3.32,60
2650,0.62,OL,3.98,161
2650,0.62,all,3.98,161
2650,0.88,OL,4.14,133
2650,0.88,all,4.14,133
2650,1.12,OL,3.15,42
2650,1.12,all,3.15,42
2650,1.38,OL,4.02,50
2650,1.38,all,4.02,50
2650,1.62,OL,4.2,30
2650,1.62,all,4.2,30
2650,1.88,OL,2.03,24
2650,1.88,all,2.03,24
2650,2.12,OL,1.03,7
2650,2.12,all,1.03,7
2650,2.38,OL,1.58,8
2650,2.38,all,1.58,8
2650,2.62,OL,-1.74,9
2650,2.62,all,-1.74,9
2650,2.88,OL,-4.09,10
2650,2.88,all,-4.09,10
2650,3.12,OL,-2.37,6
2650,3.12,all,-2.37,6
2650,3.38,OL,-4.6,17
2650,3.38,all,-4.6,17
2650,3.62,OL,-6.45,14
2650,3.62,all,-6.45,14
2650,3.88,OL,-3.77,4
2650,3.88,all,-3.77,4
2650,4.12,OL,-3.91,20
2650,4.12,all,-3.91,20
2650,4.38,OL,-5.95,18
2650,4.38,all,-5.95,18
2650,4.62,OL,-4.51,27
2650,4.62,all,-4.51,27
2650,4.88,OL,-6.49,14
2650,4.88,all,-6.49,14
2650,5.12,OL,-8.39,8
2650,5.12,all,-8.39,8
2650,5.38,OL,-7.52,9
2650,5.38,all,-7.52,9
2650,5.62,OL,-6.06,3
2650,5.62,all,-6.06,3
2750,-10.88,OL,0.85,86
2750,-10.88,CL,-0.78,64
2750,-10.88,all,-0.09,150
2750,-10.62,OL,-0.06,67
2750,-10.62,CL,-0.78,123
2750,-10.62,all,-0.78,190
2750,-10.38,OL,2.19,81
2750,-10.38,CL,0.0,405
2750,-10.38,all,0.0,486
2750,-10.12,OL,-4.01,76
2750,-10.12,CL,-0.78,507
2750,-10.12,all,-1.56,583
2750,-9.88,OL,-3.06,140
2750,-9.88,CL,-2.34,668
2750,-9.88,all,-2.34,808
2750,-9.62,OL,-2.79,47
2750,-9.62,CL,-2.34,448
2750,-9.62,all,-2.34,495
2750,-9.38,OL,-1.82,240
2750,-9.38,CL,-3.91,734
2750,-9.38,all,-3.12,974
2750,-9.12,OL,-2.41,231
2750,-9.12,CL,-3.12,967
2750,-9.12,all,-3.12,1198
2750,-8.88,OL,-2.31,281
2750,-8.88,CL,-3.12,890
2750,-8.88,all,-2.81,1171
2750,-8.62,OL,-1.99,200
2750,-8.62,CL,-3.91,575
2750,-8.62,all,-3.12,775
2750,-8.38,OL,-3.3,357
2750,-8.38,CL,-4.69,766
2750,-8.38,all,-4.14,1123
2750,-8.12,OL,-3.09,346
2750,-8.12,CL,-3.12,763
2750,-8.12,all,-3.12,1109
2750,-7.88,OL,-1.33,157
2750,-7.88,CL,-3.12,392
2750,-7.88,all,-2.34,549
2750,-7.62,OL,-1.5,205
2750,-7.62,CL,-0.78,804
2750,-7.62,all,-0.78,1009
2750,-7.38,OL,0.14,197
2750,-7.38,CL,-1.17,846
2750,-7.38,all,-0.78,1043
2750,-7.12,OL,-0.75,294
2750,-7.12,CL,-2.34,453
2750,-7.12,all,-1.56,747
2750,-6.88,OL,-3.09,137
2750,-6.88,CL,-1.56,147
2750,-6.88,all,-2.34,284
2750,-6.62,OL,-0.63,239
2750,-6.62,CL,-2.34,441
2750,-6.62,all,-1.92,680
2750,-6.38,OL,-1.27,285
2750,-6.38,CL,-2.34,410
2750,-6.38,all,-1.59,695
2750,-6.12,OL,-1.81,173
2750,-6.12,CL,-0.78,216
2750,-6.12,all,-1.56,389
2750,-5.88,OL,-1.29,368
2750,-5.88,CL,-2.34,539
2750,-5.88,all,-1.89,907
2750,-5.62,OL,-0.18,318
2750,-5.62,CL,-3.91,426
2750,-5.62,all,-3.12,744
2750,-5.38,OL,-0.49,319
2750,-5.38,CL,-3.12,457
2750,-5.38,all,-2.34,776
2750,-5.12,OL,-1.03,183
2750,-5.12,CL,-1.56,263
2750,-5.12,all,-1.38,446
2750,-4.88,OL,-0.92,310
2750,-4.88,CL,-2.34,298
2750,-4.88,all,-2.28,608
2750,-4.62,OL,-0.36,431
2750,-4.62,CL,-2.34,290
2750,-4.62,all,-1.56,721
2750,-4.38,OL,-1.11,322
2750,-4.38,CL,-1.56,302
2750,-4.38,all,-1.56,624
2750,-4.12,OL,-2.73,98
2750,-4.12,CL,-2.34,179
2750,-4.12,all,-2.34,277
2750,-3.88,OL,-0.62,268
2750,-3.88,CL,-3.91,250
2750,-3.88,all,-2.54,518
2750,-3.62,OL,-0.19,280
2750,-3.62,CL,-3.91,253
2750,-3.62,all,-2.89,533
2750,-3.38,OL,-0.48,104
2750,-3.38,CL,-3.91,86
2750,-3.38,all,-2.34,190
2750,-3.12,OL,0.19,329
2750,-3.12,CL,-2.34,98
2750,-3.12,all,-0.49,427
2750,-2.88,OL,0.59,409
2750,-2.88,CL,-0.78,16
2750,-2.88,all,0.43,425
2750,-2.62,OL,1.0,319
2750,-2.62,CL,-0.78,1
2750,-2.62,all,0.98,320
2750,-2.38,OL,0.15,110
2750,-2.38,all,0.15,110
2750,-2.12,OL,0.09,306
2750,-2.12,all,0.09,306
2750,-1.88,OL,0.12,440
2750,-1.88,all,0.12,440
2750,-1.62,OL,0.41,310
2750,-1.62,all,0.41,310
2750,-1.38,OL,0.22,288
2750,-1.38,all,0.22,288
2750,-1.12,OL,-0.19,296
2750,-1.12,all,-0.19,296
2750,-0.88,OL,1.17,191
2750,-0.88,all,1.17,191
2750,-0.62,OL,2.27,112
2750,-0.62,all,2.27,112
2750,-0.38,OL,2.05,281
2750,-0.38,all,2.05,281
2750,-0.12,OL,2.69,149
2750,-0.12,all,2.69,149
2750,0.12,OL,3.66,81
2750,0.12,all,3.66,81
2750,0.38,OL,4.72,54
2750,0.38,all,4.72,54
2750,0.62,OL,3.73,175
2750,0.62,all,3.73,175
2750,0.88,OL,2.58,124
2750,0.88,all,2.58,124
2750,1.12,OL,1.26,47
2750,1.12,all,1.26,47
2750,1.38,OL,1.64,83
2750,1.38,all,1.64,83
2750,1.62,OL,0.54,25
2750,1.62,all,0.54,25
2750,1.88,OL,-1.23,19
2750,1.88,all,-1.23,19
2750,2.12,OL,-3.57,8
2750,2.12,all,-3.57,8
2750,2.38,OL,-3.44,85
2750,2.38,all,-3.44,85
2750,2.62,OL,-6.92,38
2750,2.62,all,-6.92,38
2750,2.88,OL,-6.59,29
2750,2.88,all,-6.59,29
2750,3.12,OL,-6.12,8
2750,3.12,all,-6.12,8
2750,3.38,OL,-8.86,8
2750,3.38,all,-8.86,8
2750,3.62,OL,-11.01,5
2750,3.62,all,-11.01,5
2750,4.12,OL,-6.4,12
2750,4.12,all,-6.4,12
2750,4.38,OL,-5.31,10
2750,4.38,all,-5.31,10
2750,4.62,OL,-2.73,5
2750,4.62,all,-2.73,5
2750,4.88,OL,-4.19,3
2750,4.88,all,-4.19,3
2750,5.12,OL,-6.01,7
2750,5.12,all,-6.01,7
2850,-10.88,OL,-0.33,136
2850,-10.88,CL,-0.78,158
2850,-10.88,all,-0.69,294
2850,-10.62,OL,-0.27,101
2850,-10.62,CL,-1.95,174
2850,-10.62,all,-1.51,275
2850,-10.38,OL,-1.37,222
2850,-10.38,CL,-1.56,278
2850,-10.38,all,-1.49,500
2850,-10.12,OL,-3.28,136
2850,-10.12,CL,-3.12,300
2850,-10.12,all,-3.12,436
2850,-9.88,OL,-2.69,364
2850,-9.88,CL,-1.56,561
2850,-9.88,all,-1.63,925
2850,-9.62,OL,-3.81,258
2850,-9.62,CL,-2.34,369
2850,-9.62,all,-2.76,627
2850,-9.38,OL,-2.91,328
2850,-9.38,CL,-1.56,788
2850,-9.38,all,-1.76,1116
2850,-9.12,OL,-2.65,278
2850,-9.12,CL,-1.56,1265
2850,-9.12,all,-2.12,1543
2850,-8.88,OL,-3.43,216
2850,-8.88,CL,-3.13,781
2850,-8.88,all,-3.16,997
2850,-8.62,OL,-2.25,111
2850,-8.62,CL,-3.91,643
2850,-8.62,all,-3.91,754
2850,-8.38,OL,-3.35,303
2850,-8.38,CL,-3.12,753
2850,-8.38,all,-3.12,1056
2850,-8.12,OL,-0.91,284
2850,-8.12,CL,-3.12,664
2850,-8.12,all,-3.12,948
2850,-7.88,OL,-1.57,171
2850,-7.88,CL,-2.34,463
2850,-7.88,all,-2.34,634
2850,-7.62,OL,-1.85,194
2850,-7.62,CL,-2.34,686
2850,-7.62,all,-2.34,880
2850,-7.38,OL,-1.86,177
2850,-7.38,CL,-2.34,454
2850,-7.38,all,-2.34,631
2850,-7.12,OL,-1.03,322
2850,-7.12,CL,-3.12,416
2850,-7.12,all,-1.63,738
2850,-6.88,OL,-3.45,193
2850,-6.88,CL,-2.34,334
2850,-6.88,all,-2.58,527
2850,-6.62,OL,-1.63,252
2850,-6.62,CL,-3.12,392
2850,-6.62,all,-2.34,644
2850,-6.38,OL,-1.37,351
2850,-6.38,CL,-3.12,425
2850,-6.38,all,-2.45,776
2850,-6.12,OL,-2.15,185
2850,-6.12,CL,-3.12,304
2850,-6.12,all,-3.12,489
2850,-5.88,OL,-2.08,370
2850,-5.88,CL,-3.12,486
2850,-5.88,all,-2.82,856
2850,-5.62,OL,-2.1,319
2850,-5.62,CL,-3.91,636
2850,-5.62,all,-3.31,955
2850,-5.38,OL,-1.28,290
2850,-5.38,CL,-3.91,411
2850,-5.38,all,-3.12,701
2850,-5.12,OL,-1.76,178
2850,-5.12,CL,-3.12,215
2850,-5.12,all,-2.55,393
2850,-4.88,OL,-1.32,417
2850,-4.88,CL,-2.34,348
2850,-4.88,all,-2.34,765
2850,-4.62,OL,-0.51,341
2850,-4.62,CL,-2.34,309
2850,-4.62,all,-1.56,650
2850,-4.38,OL,-1.02,303
2850,-4.38,CL,-2.34,236
2850,-4.38,all,-1.56,539
2850,-4.12,OL,-1.98,181
2850,-4.12,CL,-4.69,153
2850,-4.12,all,-3.12,334
2850,-3.88,OL,-1.09,284
2850,-3.88,CL,-3.12,225
2850,-3.88,all,-2.34,509
2850,-3.62,OL,-1.33,357
2850,-3.62,CL,-5.47,169
2850,-3.62,all,-2.69,526
2850,-3.38,OL,-0.78,287
2850,-3.38,CL,-4.69,96
2850,-3.38,all,-1.68,383
2850,-3.12,OL,0.1,396
2850,-3.12,CL,-2.34,153
2850,-3.12,all,-0.21,549
2850,-2.88,OL,0.92,522
2850,-2.88,CL,0.0,25
2850,-2.88,all,0.76,547
2850,-2.62,OL,0.33,593
2850,-2.62,CL,-0.78,1
2850,-2.62,all,0.31,594
2850,-2.38,OL,-0.24,347
2850,-2.38,all,-0.24,347
2850,-2.12,OL,-1.08,804
2850,-2.12,all,-1.08,804
2850,-1.88,OL,-0.38,449
2850,-1.88,all,-0.38,449
2850,-1.62,OL,0.03,349
2850,-1.62,all,0.03,349
2850,-1.38,OL,1.98,216
2850,-1.38,all,1.98,216
2850,-1.12,OL,1.32,312
2850,-1.12,all,1.32,312
2850,-0.88,OL,1.44,266
2850,-0.88,all,1.44,266
2850,-0.62,OL,2.75,125
2850,-0.62,all,2.75,125
2850,-0.38,OL,2.98,232
2850,-0.38,all,2.98,232
2850,-0.12,OL,3.24,172
2850,-0.12,all,3.24,172
2850,0.12,OL,4.45,183
2850,0.12,all,4.45,183
2850,0.38,OL,4.09,67
2850,0.38,all,4.09,67
2850,0.62,OL,4.11,178
2850,0.62,all,4.11,178
2850,0.88,OL,3.27,181
2850,0.88,all,3.27,181
2850,1.12,OL,0.87,43
2850,1.12,all,0.87,43
2850,1.38,OL,-0.25,125
2850,1.38,all,-0.25,125
2850,1.62,OL,-4.58,47
2850,1.62,all,-4.58,47
2850,1.88,OL,-4.87,72
2850,1.88,all,-4.87,72
2850,2.12,OL,-5.57,31
2850,2.12,all,-5.57,31
2850,2.38,OL,-7.58,34
2850,2.38,all,-7.58,34
2850,2.62,OL,-6.83,13
2850,2.62,all,-6.83,13
2850,2.88,OL,-3.69,73
2850,2.88,all,-3.69,73
2850,3.12,OL,-5.86,39
2850,3.12,all,-5.86,39
2850,3.38,OL,-6.18,17
2850,3.38,all,-6.18,17
2850,3.62,OL,-3.52,2
2850,3.62,all,-3.52,2
2850,4.38,OL,-4.63,2
2850,4.38,all,-4.63,2
2850,4.62,OL,-3.01,1
2850,4.62,all,-3.01,1
2950,-10.88,OL,-2.24,90
2950,-10.88,CL,1.17,100
2950,-10.88,all,-0.04,190
2950,-10.62,OL,2.75,41
2950,-10.62,CL,-2.34,154
2950,-10.62,all,-2.34,195
2950,-10.38,OL,-1.03,203
2950,-10.38,CL,0.78,355
2950,-10.38,all,0.0,558
2950,-10.12,OL,-3.57,183
2950,-10.12,CL,0.78,243
2950,-10.12,all,-0.78,426
2950,-9.88,OL,-3.76,292
2950,-9.88,CL,-2.34,594
2950,-9.88,all,-3.12,886
2950,-9.62,OL,-3.19,258
2950,-9.62,CL,-3.12,336
2950,-9.62,all,-3.12,594
2950,-9.38,OL,-2.89,455
2950,-9.38,CL,-1.56,860
2950,-9.38,all,-2.34,1315
2950,-9.12,OL,-2.8,410
2950,-9.12,CL,-1.56,786
2950,-9.12,all,-2.34,1196
2950,-8.88,OL,-2.81,176
2950,-8.88,CL,-0.78,747
2950,-8.88,all,-1.56,923
2950,-8.62,OL,-2.96,135
2950,-8.62,CL,-0.79,461
2950,-8.62,all,-1.56,596
2950,-8.38,OL,-3.39,458
2950,-8.38,CL,-1.56,796
2950,-8.38,all,-2.25,1254
2950,-8.12,OL,-2.77,198
2950,-8.12,CL,-2.34,661
2950,-8.12,all,-2.34,859
2950,-7.88,OL,-1.5,217
2950,-7.88,CL,-2.34,529
2950,-7.88,all,-2.34,746
2950,-7.62,OL,-2.23,320
2950,-7.62,CL,-3.12,983
2950,-7.62,all,-3.12,1303
2950,-7.38,OL,-2.2,295
2950,-7.38,CL,-3.91,847
2950,-7.38,all,-3.63,1142
2950,-7.12,OL,-2.57,310
2950,-7.12,CL,-3.12,760
2950,-7.12,all,-3.01,1070
2950,-6.88,OL,-1.89,209
2950,-6.88,CL,-3.12,254
2950,-6.88,all,-3.12,463
2950,-6.62,OL,-0.94,390
2950,-6.62,CL,-4.69,798
2950,-6.62,all,-3.91,1188
2950,-6.38,OL,-1.32,388
2950,-6.38,CL,-4.69,491
2950,-6.38,all,-3.52,879
2950,-6.12,OL,-1.56,239
2950,-6.12,CL,-4.69,301
2950,-6.12,all,-3.74,540
2950,-5.88,OL,-1.41,401
2950,-5.88,CL,-4.69,451
2950,-5.88,all,-3.15,852
2950,-5.62,OL,-2.62,522
2950,-5.62,CL,-3.91,460
2950,-5.62,all,-3.49,982
2950,-5.38,OL,-0.33,383
2950,-5.38,CL,-3.12,574
2950,-5.38,all,-2.34,957
2950,-5.12,OL,-2.38,277
2950,-5.12,CL,-2.34,310
2950,-5.12,all,-2.34,587
2950,-4.88,OL,-1.35,490
2950,-4.88,CL,-1.56,722
2950,-4.88,all,-1.56,1212
2950,-4.62,OL,-0.87,490
2950,-4.62,CL,-2.34,370
2950,-4.62,all,-1.56,860
2950,-4.38,OL,-1.31,364
2950,-4.38,CL,-2.34,227
2950,-4.38,all,-1.85,591
2950,-4.12,OL,-0.88,250
2950,-4.12,CL,-3.9,155
2950,-4.12,all,-1.6,405
2950,-3.88,OL,-1.51,393
2950,-3.88,CL,-3.12,294
2950,-3.88,all,-1.94,687
2950,-3.62,OL,-1.03,480
2950,-3.62,CL,-2.34,184
2950,-3.62,all,-1.56,664
2950,-3.38,OL,0.07,262
2950,-3.38,CL,-1.56,128
2950,-3.38,all,-0.78,390
2950,-3.12,OL,-0.22,537
2950,-3.12,CL,0.0,192
2950,-3.12,all,-0.07,729
2950,-2.88,OL,0.17,657
2950,-2.88,CL,0.0,45
2950,-2.88,all,0.1,702
2950,-2.62,OL,-1.17,685
2950,-2.62,CL,-0.39,6
2950,-2.62,all,-1.13,691
2950,-2.38,OL,-0.6,274
2950,-2.38,all,-0.6,274
2950,-2.12,OL,-1.46,572
2950,-2.12,all,-1.46,572
2950,-1.88,OL,0.9,356
2950,-1.88,all,0.9,356
2950,-1.62,OL,-0.04,318
2950,-1.62,all,-0.04,318
2950,-1.38,OL,0.91,229
2950,-1.38,all,0.91,229
2950,-1.12,OL,0.41,467
2950,-1.12,all,0.41,467
2950,-0.88,OL,2.62,386
2950,-0.88,all,2.62,386
2950,-0.62,OL,2.13,145
2950,-0.62,all,2.13,145
2950,-0.38,OL,3.24,251
2950,-0.38,all,3.24,251
2950,-0.12,OL,2.96,255
2950,-0.12,all,2.96,255
2950,0.12,OL,3.65,303
2950,0.12,all,3.65,303
2950,0.38,OL,2.88,115
2950,0.38,all,2.88,115
2950,0.62,OL,-0.34,223
2950,0.62,all,-0.34,223
2950,0.88,OL,-1.48,269
2950,0.88,all,-1.48,269
2950,1.12,OL,-4.21,50
2950,1.12,all,-4.21,50
2950,1.38,OL,-6.8,80
2950,1.38,all,-6.8,80
2950,1.62,OL,-8.47,88
2950,1.62,all,-8.47,88
2950,1.88,OL,-9.29,138
2950,1.88,all,-9.29,138
2950,2.12,OL,-8.77,13
2950,2.12,all,-8.77,13
2950,2.38,OL,-7.01,25
2950,2.38,all,-7.01,25
2950,2.62,OL,-5.11,26
2950,2.62,all,-5.11,26
2950,2.88,OL,-5.33,67
2950,2.88,all,-5.33,67
2950,3.12,OL,-5.65,42
2950,3.12,all,-5.65,42
2950,3.38,OL,-7.01,55
2950,3.38,all,-7.01,55
2950,3.62,OL,-6.19,22
2950,3.62,all,-6.19,22
2950,3.88,OL,-5.76,4
2950,3.88,all,-5.76,4
2950,4.12,OL,-4.51,14
2950,4.12,all,-4.51,14
2950,4.38,OL,-4.94,6
2950,4.38,all,-4.94,6
2950,4.62,OL,-3.01,4
2950,4.62,all,-3.01,4
2950,4.88,OL,-2.83,2
2950,4.88,all,-2.83,2
2950,5.12,OL,0.78,5
2950,5.12,all,0.78,5
2950,5.38,OL,1.76,2
2950,5.38,all,1.76,2
2950,5.62,OL,-2.94,2
2950,5.62,all,-2.94,2
3050,-10.88,OL,-1.29,64
3050,-10.88,CL,2.34,130
3050,-10.88,all,1.56,194
3050,-10.62,OL,3.13,8
3050,-10.62,CL,3.12,62
3050,-10.62,all,3.12,70
3050,-10.38,OL,-0.18,35
3050,-10.38,CL,0.0,151
3050,-10.38,all,0.0,186
3050,-10.12,OL,-1.6,111
3050,-10.12,CL,-2.34,302
3050,-10.12,all,-2.22,413
3050,-9.88,OL,-2.58,273
3050,-9.88,CL,-1.56,381
3050,-9.88,all,-1.56,654
3050,-9.62,OL,-2.89,105
3050,-9.62,CL,-1.56,345
3050,-9.62,all,-2.34,450
3050,-9.38,OL,-1.86,309
3050,-9.38,CL,0.0,750
3050,-9.38,all,-0.78,1059
3050,-9.12,OL,-2.82,318
3050,-9.12,CL,-0.78,959
3050,-9.12,all,-1.32,1277
3050,-8.88,OL,-3.36,245
3050,-8.88,CL,-1.56,806
3050,-8.88,all,-2.34,1051
3050,-8.62,OL,-3.23,296
3050,-8.62,CL,-2.34,487
3050,-8.62,all,-2.34,783
3050,-8.38,OL,-3.11,497
3050,-8.38,CL,-2.34,653
3050,-8.38,all,-2.34,1150
3050,-8.12,OL,-2.71,344
3050,-8.12,CL,-0.78,884
3050,-8.12,all,-1.56,1228
3050,-7.88,OL,-2.55,76
3050,-7.88,CL,0.78,308
3050,-7.88,all,0.0,384
3050,-7.62,OL,-3.18,286
3050,-7.62,CL,-2.34,812
3050,-7.62,all,-2.34,1098
3050,-7.38,OL,-2.38,275
3050,-7.38,CL,-3.12,787
3050,-7.38,all,-2.99,1062
3050,-7.12,OL,-3.5,374
3050,-7.12,CL,-3.91,1045
3050,-7.12,all,-3.91,1419
3050,-6.88,OL,-2.95,207
3050,-6.88,CL,-4.69,335
3050,-6.88,all,-3.4,542
3050,-6.62,OL,-2.02,456
3050,-6.62,CL,-5.47,554
3050,-6.62,all,-3.91,1010
3050,-6.38,OL,-1.91,205
3050,-6.38,CL,-3.91,437
3050,-6.38,all,-3.23,642
3050,-6.12,OL,-1.08,133
3050,-6.12,CL,-3.91,257
3050,-6.12,all,-3.12,390
3050,-5.88,OL,-1.6,439
3050,-5.88,CL,-2.34,654
3050,-5.88,all,-2.34,1093
3050,-5.62,OL,-1.8,438
3050,-5.62,CL,-1.95,638
3050,-5.62,all,-1.8,1076
3050,-5.38,OL,-1.34,421
3050,-5.38,CL,0.0,896
3050,-5.38,all,-0.78,1317
3050,-5.12,OL,-1.29,210
3050,-5.12,CL,0.0,371
3050,-5.12,all,-0.53,581
3050,-4.88,OL,-2.0,605
3050,-4.88,CL,0.0,668
3050,-4.88,all,-0.78,1273
3050,-4.62,OL,-2.17,646
3050,-4.62,CL,0.0,624
3050,-4.62,all,-1.33,1270
3050,-4.38,OL,-2.51,544
3050,-4.38,CL,-0.78,355
3050,-4.38,all,-1.92,899
3050,-4.12,OL,-1.3,296
3050,-4.12,CL,-2.34,195
3050,-4.12,all,-1.56,491
3050,-3.88,OL,-1.29,464
3050,-3.88,CL,-2.34,460
3050,-3.88,all,-1.61,924
3050,-3.62,OL,-1.41,605
3050,-3.62,CL,-1.56,174
3050,-3.62,all,-1.46,779
3050,-3.38,OL,-0.87,310
3050,-3.38,CL,-0.78,80
3050,-3.38,all,-0.78,390
3050,-3.12,OL,0.54,699
3050,-3.12,CL,-0.78,57
3050,-3.12,all,0.27,756
3050,-2.88,OL,0.15,771
3050,-2.88,CL,-0.78,15
3050,-2.88,all,0.08,786
3050,-2.62,OL,0.22,768
3050,-2.62,all,0.22,768
3050,-2.38,OL,1.04,292
3050,-2.38,all,1.04,292
3050,-2.12,OL,2.22,498
3050,-2.12,all,2.22,498
3050,-1.88,OL,2.71,438
3050,-1.88,all,2.71,438
3050,-1.62,OL,0.78,272
3050,-1.62,all,0.78,272
3050,-1.38,OL,2.57,269
3050,-1.38,all,2.57,269
3050,-1.12,OL,1.83,413
3050,-1.12,all,1.83,413
3050,-0.88,OL,1.59,437
3050,-0.88,all,1.59,437
3050,-0.62,OL,3.74,150
3050,-0.62,all,3.74,150
3050,-0.38,OL,3.38,271
3050,-0.38,all,3.38,271
3050,-0.12,OL,2.75,320
3050,-0.12,all,2.75,320
3050,0.12,OL,2.53,276
3050,0.12,all,2.53,276
3050,0.38,OL,1.68,76
3050,0.38,all,1.68,76
3050,0.62,OL,-1.0,134
3050,0.62,all,-1.0,134
3050,0.88,OL,-4.78,142
3050,0.88,all,-4.78,142
3050,1.12,OL,-6.83,62
3050,1.12,all,-6.83,62
3050,1.38,OL,-11.31,94
3050,1.38,all,-11.31,94
3050,1.62,OL,-9.81,51
3050,1.62,all,-9.81,51
3050,1.88,OL,-9.47,42
3050,1.88,all,-9.47,42
3050,2.12,OL,-9.87,16
3050,2.12,all,-9.87,16
3050,2.38,OL,-10.06,34
3050,2.38,all,-10.06,34
3050,2.62,OL,-7.22,28
3050,2.62,all,-7.22,28
3050,2.88,OL,-3.68,6
3050,2.88,all,-3.68,6
3050,3.12,OL,-5.96,15
3050,3.12,all,-5.96,15
3050,3.38,OL,-4.74,49
3050,3.38,all,-4.74,49
3050,3.62,OL,-5.12,47
3050,3.62,all,-5.12,47
3050,3.88,OL,-5.61,7
3050,3.88,all,-5.61,7
3050,4.12,OL,-3.76,27
3050,4.12,all,-3.76,27
3050,4.38,OL,-0.32,5
3050,4.38,all,-0.32,5
3050,4.88,OL,-2.32,1
3050,4.88,all,-2.32,1
3050,5.12,OL,-1.21,2
3050,5.12,all,-1.21,2
3050,5.38,OL,1.33,2
3050,5.38,all,1.33,2
3050,5.62,OL,0.79,1
3050,5.62,all,0.79,1
3150,-10.88,OL,-1.44,74
3150,-10.88,CL,3.12,124
3150,-10.88,all,1.45,198
3150,-10.62,OL,-2.21,24
3150,-10.62,CL,3.91,74
3150,-10.62,all,3.12,98
3150,-10.38,OL,-1.47,22
3150,-10.38,CL,-1.56,165
3150,-10.38,all,-1.56,187
3150,-10.12,OL,-2.57,62
3150,-10.12,CL,0.0,245
3150,-10.12,all,-0.86,307
3150,-9.88,OL,-3.5,75
3150,-9.88,CL,-2.34,425
3150,-9.88,all,-2.34,500
3150,-9.62,OL,-2.91,164
3150,-9.62,CL,-2.34,328
3150,-9.62,all,-2.34,492
3150,-9.38,OL,-2.25,200
3150,-9.38,CL,-1.56,663
3150,-9.38,all,-1.56,863
3150,-9.12,OL,-3.49,473
3150,-9.12,CL,-1.56,846
3150,-9.12,all,-2.34,1319
3150,-8.88,OL,-3.48,457
3150,-8.88,CL,-2.34,1145
3150,-8.88,all,-2.75,1602
3150,-8.62,OL,-3.29,286
3150,-8.62,CL,-2.34,291
3150,-8.62,all,-2.56,577
3150,-8.38,OL,-3.53,282
3150,-8.38,CL,-3.12,579
3150,-8.38,all,-3.12,861
3150,-8.12,OL,-2.24,130
3150,-8.12,CL,-3.12,517
3150,-8.12,all,-2.5,647
3150,-7.88,OL,-2.51,133
3150,-7.88,CL,-1.56,165
3150,-7.88,all,-2.34,298
3150,-7.62,OL,-2.58,210
3150,-7.62,CL,-2.34,485
3150,-7.62,all,-2.34,695
3150,-7.38,OL,-2.56,302
3150,-7.38,CL,-3.91,690
3150,-7.38,all,-3.82,992
3150,-7.12,OL,-1.92,438
3150,-7.12,CL,-3.91,806
3150,-7.12,all,-3.12,1244
3150,-6.88,OL,-2.55,166
3150,-6.88,CL,-3.91,373
3150,-6.88,all,-3.12,539
3150,-6.62,OL,-2.22,310
3150,-6.62,CL,-3.12,577
3150,-6.62,all,-2.55,887
3150,-6.38,OL,-2.31,306
3150,-6.38,CL,-2.34,604
3150,-6.38,all,-2.34,910
3150,-6.12,OL,0.1,143
3150,-6.12,CL,-1.56,274
3150,-6.12,all,-1.56,417
3150,-5.88,OL,-1.43,503
3150,-5.88,CL,-0.78,851
3150,-5.88,all,-0.78,1354
3150,-5.62,OL,-1.99,401
3150,-5.62,CL,0.0,684
3150,-5.62,all,-0.62,1085
3150,-5.38,OL,-2.84,378
3150,-5.38,CL,0.79,748
3150,-5.38,all,0.0,1126
3150,-5.12,OL,-2.95,216
3150,-5.12,CL,0.78,369
3150,-5.12,all,-0.71,585
3150,-4.88,OL,-2.03,431
3150,-4.88,CL,0.78,597
3150,-4.88,all,0.0,1028
3150,-4.62,OL,-1.62,545
3150,-4.62,CL,-0.78,634
3150,-4.62,all,-1.03,1179
3150,-4.38,OL,-0.59,467
3150,-4.38,CL,-0.78,366
3150,-4.38,all,-0.78,833
3150,-4.12,OL,-0.99,411
3150,-4.12,CL,-0.78,191
3150,-4.12,all,-0.78,602
3150,-3.88,OL,0.29,749
3150,-3.88,CL,0.0,219
3150,-3.88,all,0.0,968
3150,-3.62,OL,0.5,880
3150,-3.62,CL,-0.78,25
3150,-3.62,all,0.42,905
3150,-3.38,OL,-0.3,473
3150,-3.38,CL,0.0,1
3150,-3.38,all,-0.29,474
3150,-3.12,OL,-0.44,984
3150,-3.12,CL,-0.78,1
3150,-3.12,all,-0.44,985
3150,-2.88,OL,-1.86,930
3150,-2.88,all,-1.86,930
3150,-2.62,OL,-0.22,700
3150,-2.62,all,-0.22,700
3150,-2.38,OL,1.71,429
3150,-2.38,all,1.71,429
3150,-2.12,OL,1.79,708
3150,-2.12,all,1.79,708
3150,-1.88,OL,2.26,738
3150,-1.88,all,2.26,738
3150,-1.62,OL,2.39,512
3150,-1.62,all,2.39,512
3150,-1.38,OL,1.61,285
3150,-1.38,all,1.61,285
3150,-1.12,OL,2.15,424
3150,-1.12,all,2.15,424
3150,-0.88,OL,3.71,483
3150,-0.88,all,3.71,483
3150,-0.62,OL,3.75,229
3150,-0.62,all,3.75,229
3150,-0.38,OL,3.51,333
3150,-0.38,all,3.51,333
3150,-0.12,OL,0.3,398
3150,-0.12,all,0.3,398
3150,0.12,OL,-1.55,293
3150,0.12,all,-1.55,293
3150,0.38,OL,-3.39,108
3150,0.38,all,-3.39,108
3150,0.62,OL,-4.73,156
3150,0.62,all,-4.73,156
3150,0.88,OL,-7.96,220
3150,0.88,all,-7.96,220
3150,1.12,OL,-10.66,60
3150,1.12,all,-10.66,60
3150,1.38,OL,-11.22,76
3150,1.38,all,-11.22,76
3150,1.62,OL,-9.8,58
3150,1.62,all,-9.8,58
3150,1.88,OL,-8.01,54
3150,1.88,all,-8.01,54
3150,2.12,OL,-6.5,31
3150,2.12,all,-6.5,31
3150,2.38,OL,-9.06,82
3150,2.38,all,-9.06,82
3150,2.62,OL,-4.63,36
3150,2.62,all,-4.63,36
3150,2.88,OL,-4.75,54
3150,2.88,all,-4.75,54
3150,3.12,OL,-3.72,22
3150,3.12,all,-3.72,22
3150,3.38,OL,-0.59,13
3150,3.38,all,-0.59,13
3150,3.62,OL,-1.1,50
3150,3.62,all,-1.1,50
3150,3.88,OL,-5.68,16
3150,3.88,all,-5.68,16
3150,4.12,OL,-0.16,31
3150,4.12,all,-0.16,31
3150,4.38,OL,1.6,6
3150,4.38,all,1.6,6
3150,4.88,OL,-0.5,3
3150,4.88,all,-0.5,3
3150,5.12,OL,0.16,9
3150,5.12,all,0.16,9
3150,5.38,OL,3.49,17
3150,5.38,all,3.49,17
3150,5.62,OL,2.64,13
3150,5.62,all,2.64,13
3150,5.88,OL,-0.66,1
3150,5.88,all,-0.66,1
3250,-10.88,OL,-1.03,49
3250,-10.88,CL,3.12,70
3250,-10.88,all,2.34,119
3250,-10.62,OL,-1.13,46
3250,-10.62,CL,-2.34,113
3250,-10.62,all,-1.56,159
3250,-10.38,OL,-4.1,45
3250,-10.38,CL,-0.78,66
3250,-10.38,all,-2.18,111
3250,-10.12,OL,-3.89,37
3250,-10.12,CL,-4.69,89
3250,-10.12,all,-4.26,126
3250,-9.88,OL,-1.82,51
3250,-9.88,CL,-2.34,286
3250,-9.88,all,-2.34,337
3250,-9.62,OL,-1.8,40
3250,-9.62,CL,-2.34,138
3250,-9.62,all,-2.34,178
3250,-9.38,OL,-3.42,258
3250,-9.38,CL,-2.34,507
3250,-9.38,all,-2.86,765
3250,-9.12,OL,-3.89,136
3250,-9.12,CL,-1.56,463
3250,-9.12,all,-2.34,599
3250,-8.88,OL,-3.91,196
3250,-8.88,CL,-1.56,401
3250,-8.88,all,-2.34,597
3250,-8.62,OL,-3.89,121
3250,-8.62,CL,-1.56,236
3250,-8.62,all,-2.34,357
3250,-8.38,OL,-0.99,105
3250,-8.38,CL,-1.56,344
3250,-8.38,all,-1.56,449
3250,-8.12,OL,-2.54,165
3250,-8.12,CL,-0.78,422
3250,-8.12,all,-1.56,587
3250,-7.88,OL,-3.18,122
3250,-7.88,CL,0.78,232
3250,-7.88,all,-0.78,354
3250,-7.62,OL,-2.21,245
3250,-7.62,CL,-0.78,400
3250,-7.62,all,-1.26,645
3250,-7.38,OL,-2.53,252
3250,-7.38,CL,0.78,480
3250,-7.38,all,-0.78,732
3250,-7.12,OL,-1.93,252
3250,-7.12,CL,0.78,674
3250,-7.12,all,0.0,926
3250,-6.88,OL,-0.14,123
3250,-6.88,CL,0.78,313
3250,-6.88,all,0.78,436
3250,-6.62,OL,-0.94,334
3250,-6.62,CL,0.0,422
3250,-6.62,all,-0.78,756
3250,-6.38,OL,-2.25,315
3250,-6.38,CL,0.0,601
3250,-6.38,all,-0.78,916
3250,-6.12,OL,-1.63,175
3250,-6.12,CL,1.56,287
3250,-6.12,all,0.14,462
3250,-5.88,OL,-0.73,289
3250,-5.88,CL,2.34,694
3250,-5.88,all,1.56,983
3250,-5.62,OL,-1.2,397
3250,-5.62,CL,3.91,386
3250,-5.62,all,1.29,783
3250,-5.38,OL,-0.75,401
3250,-5.38,CL,3.13,385
3250,-5.38,all,0.81,786
3250,-5.12,OL,-0.68,235
3250,-5.12,CL,-0.78,155
3250,-5.12,all,-0.78,390
3250,-4.88,OL,-0.78,528
3250,-4.88,CL,0.0,303
3250,-4.88,all,-0.39,831
3250,-4.62,OL,0.16,750
3250,-4.62,CL,0.0,455
3250,-4.62,all,0.0,1205
3250,-4.38,OL,1.45,957
3250,-4.38,CL,0.0,389
3250,-4.38,all,0.75,1346
3250,-4.12,OL,1.84,631
3250,-4.12,CL,0.0,39
3250,-4.12,all,1.69,670
3250,-3.88,OL,1.63,1527
3250,-3.88,CL,0.0,6
3250,-3.88,all,1.63,1533
3250,-3.62,OL,1.17,1295
3250,-3.62,all,1.17,1295
3250,-3.38,OL,-0.91,714
3250,-3.38,all,-0.91,714
3250,-3.12,OL,-0.18,1292
3250,-3.12,all,-0.18,1292
3250,-2.88,OL,1.03,1394
3250,-2.88,all,1.03,1394
3250,-2.62,OL,2.51,1459
3250,-2.62,all,2.51,1459
3250,-2.38,OL,2.61,495
3250,-2.38,all,2.61,495
3250,-2.12,OL,3.91,804
3250,-2.12,all,3.91,804
3250,-1.88,OL,4.05,832
3250,-1.88,all,4.05,832
3250,-1.62,OL,4.23,750
3250,-1.62,all,4.23,750
3250,-1.38,OL,3.8,470
3250,-1.38,all,3.8,470
3250,-1.12,OL,3.42,915
3250,-1.12,all,3.42,915
3250,-0.88,OL,3.29,873
3250,-0.88,all,3.29,873
3250,-0.62,OL,2.42,271
3250,-0.62,all,2.42,271
3250,-0.38,OL,0.99,389
3250,-0.38,all,0.99,389
3250,-0.12,OL,-3.08,297
3250,-0.12,all,-3.08,297
3250,0.12,OL,-6.4,360
3250,0.12,all,-6.4,360
3250,0.38,OL,-5.08,103
3250,0.38,all,-5.08,103
3250,0.62,OL,-8.55,236
3250,0.62,all,-8.55,236
3250,0.88,OL,-9.36,173
3250,0.88,all,-9.36,173
3250,1.12,OL,-6.85,50
3250,1.12,all,-6.85,50
3250,1.38,OL,-6.75,62
3250,1.38,all,-6.75,62
3250,1.62,OL,-8.9,101
3250,1.62,all,-8.9,101
3250,1.88,OL,-9.7,46
3250,1.88,all,-9.7,46
3250,2.12,OL,-8.66,54
3250,2.12,all,-8.66,54
3250,2.38,OL,-6.63,64
3250,2.38,all,-6.63,64
3250,2.62,OL,-4.89,29
3250,2.62,all,-4.89,29
3250,2.88,OL,-6.39,14
3250,2.88,all,-6.39,14
3250,3.12,OL,-1.19,3
3250,3.12,all,-1.19,3
3250,3.38,OL,-1.81,24
3250,3.38,all,-1.81,24
3250,3.62,OL,-2.42,58
3250,3.62,all,-2.42,58
3250,3.88,OL,-2.93,27
3250,3.88,all,-2.93,27
3250,4.12,OL,-5.41,70
3250,4.12,all,-5.41,70
3250,4.38,OL,-0.71,13
3250,4.38,all,-0.71,13
3250,4.62,OL,2.33,12
3250,4.62,all,2.33,12
3250,4.88,OL,1.94,2
3250,4.88,all,1.94,2
3250,5.12,OL,1.64,6
3250,5.12,all,1.64,6
3250,5.38,OL,-2.09,22
3250,5.38,all,-2.09,22
3250,5.62,OL,-2.25,2
3250,5.62,all,-2.25,2
3350,-10.88,OL,1.54,10
3350,-10.88,CL,9.37,95
3350,-10.88,all,8.59,105
3350,-10.62,OL,1.26,11
3350,-10.62,CL,3.12,19
3350,-10.62,all,2.34,30
3350,-10.38,OL,-4.14,39
3350,-10.38,CL,3.12,63
3350,-10.38,all,0.91,102
3350,-10.12,OL,-1.44,43
3350,-10.12,CL,-0.78,44
3350,-10.12,all,-1.22,87
3350,-9.88,OL,-1.94,107
3350,-9.88,CL,-2.35,264
3350,-9.88,all,-2.35,371
3350,-9.62,OL,-2.56,36
3350,-9.62,CL,2.34,177
3350,-9.62,all,1.56,213
3350,-9.38,OL,-2.81,53
3350,-9.38,CL,2.34,193
3350,-9.38,all,0.78,246
3350,-9.12,OL,-2.68,152
3350,-9.12,CL,1.56,146
3350,-9.12,all,-0.86,298
3350,-8.88,OL,-1.93,99
3350,-8.88,CL,2.34,265
3350,-8.88,all,1.56,364
3350,-8.62,OL,-1.41,51
3350,-8.62,CL,3.12,89
3350,-8.62,all,0.95,140
3350,-8.38,OL,-1.85,96
3350,-8.38,CL,3.91,299
3350,-8.38,all,2.34,395
3350,-8.12,OL,-2.89,178
3350,-8.12,CL,3.91,262
3350,-8.12,all,1.39,440
3350,-7.88,OL,-4.45,167
3350,-7.88,CL,3.12,107
3350,-7.88,all,-1.78,274
3350,-7.62,OL,-3.68,300
3350,-7.62,CL,3.52,218
3350,-7.62,all,-1.03,518
3350,-7.38,OL,-4.38,172
3350,-7.38,CL,4.69,370
3350,-7.38,all,1.56,542
3350,-7.12,OL,-0.56,154
3350,-7.12,CL,2.34,515
3350,-7.12,all,1.56,669
3350,-6.88,OL,-0.83,68
3350,-6.88,CL,2.34,342
3350,-6.88,all,2.34,410
3350,-6.62,OL,0.46,286
3350,-6.62,CL,4.69,759
3350,-6.62,all,4.34,1045
3350,-6.38,OL,-1.44,240
3350,-6.38,CL,6.25,376
3350,-6.38,all,3.12,616
3350,-6.12,OL,0.64,154
3350,-6.12,CL,6.25,325
3350,-6.12,all,4.69,479
3350,-5.88,OL,-0.62,299
3350,-5.88,CL,7.03,502
3350,-5.88,all,3.91,801
3350,-5.62,OL,-0.42,280
3350,-5.62,CL,7.81,633
3350,-5.62,all,5.47,913
3350,-5.38,OL,-0.85,417
3350,-5.38,CL,5.47,659
3350,-5.38,all,3.06,1076
3350,-5.12,OL,-0.04,247
3350,-5.12,CL,2.34,229
3350,-5.12,all,0.79,476
3350,-4.88,OL,1.2,601
3350,-4.88,CL,0.78,384
3350,-4.88,all,0.95,985
3350,-4.62,OL,3.56,1110
3350,-4.62,CL,0.0,143
3350,-4.62,all,3.19,1253
3350,-4.38,OL,4.02,1143
3350,-4.38,CL,0.0,49
3350,-4.38,all,3.89,1192
3350,-4.12,OL,3.7,664
3350,-4.12,all,3.7,664
3350,-3.88,OL,3.84,1743
3350,-3.88,all,3.84,1743
3350,-3.62,OL,3.08,1827
3350,-3.62,all,3.08,1827
3350,-3.38,OL,1.04,765
3350,-3.38,all,1.04,765
3350,-3.12,OL,1.93,1679
3350,-3.12,all,1.93,1679
3350,-2.88,OL,2.16,1477
3350,-2.88,all,2.16,1477
3350,-2.62,OL,2.91,1588
3350,-2.62,all,2.91,1588
3350,-2.38,OL,3.53,765
3350,-2.38,all,3.53,765
3350,-2.12,OL,3.82,1304
3350,-2.12,all,3.82,1304
3350,-1.88,OL,4.47,1423
3350,-1.88,all,4.47,1423
3350,-1.62,OL,4.53,1020
3350,-1.62,all,4.53,1020
3350,-1.38,OL,3.83,509
3350,-1.38,all,3.83,509
3350,-1.12,OL,2.49,779
3350,-1.12,all,2.49,779
3350,-0.88,OL,-0.34,733
3350,-0.88,all,-0.34,733
3350,-0.62,OL,-3.19,404
3350,-0.62,all,-3.19,404
3350,-0.38,OL,-2.38,809
3350,-0.38,all,-2.38,809
3350,-0.12,OL,-3.77,390
3350,-0.12,all,-3.77,390
3350,0.12,OL,-7.42,294
3350,0.12,all,-7.42,294
3350,0.38,OL,-6.54,128
3350,0.38,all,-6.54,128
3350,0.62,OL,-9.06,282
3350,0.62,all,-9.06,282
3350,0.88,OL,-9.31,337
3350,0.88,all,-9.31,337
3350,1.12,OL,-8.46,101
3350,1.12,all,-8.46,101
3350,1.38,OL,-8.01,158
3350,1.38,all,-8.01,158
3350,1.62,OL,-8.14,201
3350,1.62,all,-8.14,201
3350,1.88,OL,-6.02,31
3350,1.88,all,-6.02,31
3350,2.12,OL,-7.32,25
3350,2.12,all,-7.32,25
3350,2.38,OL,-6.64,36
3350,2.38,all,-6.64,36
3350,2.62,OL,-4.69,78
3350,2.62,all,-4.69,78
3350,2.88,OL,-3.32,105
3350,2.88,all,-3.32,105
3350,3.12,OL,-0.73,65
3350,3.12,all,-0.73,65
3350,3.38,OL,-2.91,94
3350,3.38,all,-2.91,94
3350,3.62,OL,-2.94,50
3350,3.62,all,-2.94,50
3350,3.88,OL,-2.54,36
3350,3.88,all,-2.54,36
3350,4.12,OL,-1.13,51
3350,4.12,all,-1.13,51
3350,4.38,OL,-2.01,43
3350,4.38,all,-2.01,43
3350,4.62,OL,-2.18,3
3350,4.62,all,-2.18,3
3350,4.88,OL,-2.27,4
3350,4.88,all,-2.27,4
3350,5.12,OL,-2.02,15
3350,5.12,all,-2.02,15
3350,5.38,OL,-3.79,15
3350,5.38,all,-3.79,15
3350,5.62,OL,-5.36,15
3350,5.62,all,-5.36,15
3350,5.88,OL,-6.1,5
3350,5.88,all,-6.1,5
3450,-10.88,CL,5.47,33
3450,-10.88,all,5.47,33
3450,-10.62,OL,-4.05,3
3450,-10.62,CL,1.56,12
3450,-10.62,all,1.56,15
3450,-10.38,OL,4.8,9
3450,-10.38,CL,2.34,41
3450,-10.38,all,3.12,50
3450,-10.12,OL,-3.31,35
3450,-10.12,CL,1.56,76
3450,-10.12,all,-0.07,111
3450,-9.88,OL,-1.3,66
3450,-9.88,CL,1.56,195
3450,-9.88,all,1.04,261
3450,-9.62,OL,0.8,10
3450,-9.62,CL,3.9,208
3450,-9.62,all,3.51,218
3450,-9.38,OL,-0.99,71
3450,-9.38,CL,3.9,181
3450,-9.38,all,1.67,252
3450,-9.12,OL,-4.09,60
3450,-9.12,CL,4.69,347
3450,-9.12,all,3.12,407
3450,-8.88,OL,-4.12,91
3450,-8.88,CL,6.25,265
3450,-8.88,all,3.91,356
3450,-8.62,OL,-7.42,22
3450,-8.62,CL,4.69,105
3450,-8.62,all,3.91,127
3450,-8.38,OL,-2.44,50
3450,-8.38,CL,3.91,274
3450,-8.38,all,3.91,324
3450,-8.12,OL,-1.45,173
3450,-8.12,CL,3.91,257
3450,-8.12,all,2.34,430
3450,-7.88,OL,-3.82,55
3450,-7.88,CL,4.69,100
3450,-7.88,all,3.13,155
3450,-7.62,OL,-3.5,108
3450,-7.62,CL,3.12,408
3450,-7.62,all,2.34,516
3450,-7.38,OL,-3.5,334
3450,-7.38,CL,3.91,208
3450,-7.38,all,-1.03,542
3450,-7.12,OL,-2.57,281
3450,-7.12,CL,4.69,230
3450,-7.12,all,0.78,511
3450,-6.88,OL,1.48,100
3450,-6.88,CL,4.69,198
3450,-6.88,all,3.12,298
3450,-6.62,OL,0.04,202
3450,-6.62,CL,5.47,356
3450,-6.62,all,2.35,558
3450,-6.38,OL,-0.97,268
3450,-6.38,CL,8.59,298
3450,-6.38,all,3.91,566
3450,-6.12,OL,-1.01,168
3450,-6.12,CL,7.81,254
3450,-6.12,all,4.69,422
3450,-5.88,OL,-0.99,462
3450,-5.88,CL,5.47,544
3450,-5.88,all,3.12,1006
3450,-5.62,OL,-1.32,626
3450,-5.62,CL,3.13,429
3450,-5.62,all,0.45,1055
3450,-5.38,OL,-0.34,585
3450,-5.38,CL,2.34,263
3450,-5.38,all,0.49,848
3450,-5.12,OL,1.17,286
3450,-5.12,CL,0.0,114
3450,-5.12,all,1.04,400
3450,-4.88,OL,2.69,1069
3450,-4.88,CL,0.0,137
3450,-4.88,all,2.38,1206
3450,-4.62,OL,3.73,1218
3450,-4.62,CL,-1.17,4
3450,-4.62,all,3.72,1222
3450,-4.38,OL,3.3,1391
3450,-4.38,all,3.3,1391
3450,-4.12,OL,3.7,922
3450,-4.12,all,3.7,922
3450,-3.88,OL,3.59,1689
3450,-3.88,all,3.59,1689
3450,-3.62,OL,3.12,1847
3450,-3.62,all,3.12,1847
3450,-3.38,OL,3.29,776
3450,-3.38,all,3.29,776
3450,-3.12,OL,3.67,2152
3450,-3.12,all,3.67,2152
3450,-2.88,OL,4.14,2178
3450,-2.88,all,4.14,2178
3450,-2.62,OL,4.45,1778
3450,-2.62,all,4.45,1778
3450,-2.38,OL,4.39,824
3450,-2.38,all,4.39,824
3450,-2.12,OL,4.71,1636
3450,-2.12,all,4.71,1636
3450,-1.88,OL,4.11,1439
3450,-1.88,all,4.11,1439
3450,-1.62,OL,3.11,1027
3450,-1.62,all,3.11,1027
3450,-1.38,OL,0.66,604
3450,-1.38,all,0.66,604
3450,-1.12,OL,-1.45,1014
3450,-1.12,all,-1.45,1014
3450,-0.88,OL,-4.51,752
3450,-0.88,all,-4.51,752
3450,-0.62,OL,-5.74,358
3450,-0.62,all,-5.74,358
3450,-0.38,OL,-7.86,549
3450,-0.38,all,-7.86,549
3450,-0.12,OL,-8.21,681
3450,-0.12,all,-8.21,681
3450,0.12,OL,-7.67,631
3450,0.12,all,-7.67,631
3450,0.38,OL,-7.47,311
3450,0.38,all,-7.47,311
3450,0.62,OL,-7.53,524
3450,0.62,all,-7.53,524
3450,0.88,OL,-7.56,423
3450,0.88,all,-7.56,423
3450,1.12,OL,-7.7,161
3450,1.12,all,-7.7,161
3450,1.38,OL,-7.61,256
3450,1.38,all,-7.61,256
3450,1.62,OL,-5.03,222
3450,1.62,all,-5.03,222
3450,1.88,OL,-3.26,157
3450,1.88,all,-3.26,157
3450,2.12,OL,-2.87,60
3450,2.12,all,-2.87,60
3450,2.38,OL,-2.64,153
3450,2.38,all,-2.64,153
3450,2.62,OL,-1.33,96
3450,2.62,all,-1.33,96
3450,2.88,OL,-2.95,59
3450,2.88,all,-2.95,59
3450,3.12,OL,-0.56,26
3450,3.12,all,-0.56,26
3450,3.38,OL,-2.36,52
3450,3.38,all,-2.36,52
3450,3.62,OL,-2.89,22
3450,3.62,all,-2.89,22
3450,3.88,OL,-2.72,21
3450,3.88,all,-2.72,21
3450,4.12,OL,-3.27,17
3450,4.12,all,-3.27,17
3450,4.38,OL,-2.84,41
3450,4.38,all,-2.84,41
3450,4.62,OL,-2.32,19
3450,4.62,all,-2.32,19
3450,4.88,OL,-8.61,19
3450,4.88,all,-8.61,19
3450,5.62,OL,-9.84,1
3450,5.62,all,-9.84,1
3450,5.88,OL,-10.96,9
3450,5.88,all,-10.96,9
3550,-10.88,OL,-7.91,2
3550,-10.88,CL,0.0,19
3550,-10.88,all,-3.12,21
3550,-10.62,OL,-1.13,4
3550,-10.62,CL,-1.56,4
3550,-10.62,all,-1.13,8
3550,-10.38,OL,2.31,10
3550,-10.38,CL,0.0,31
3550,-10.38,all,0.0,41
3550,-10.12,OL,5.62,2
3550,-10.12,CL,5.86,38
3550,-10.12,all,5.62,40
3550,-9.88,OL,0.76,5
3550,-9.88,CL,7.03,105
3550,-9.88,all,7.03,110
3550,-9.62,OL,-4.55,4
3550,-9.62,CL,7.03,129
3550,-9.62,all,7.03,133
3550,-9.38,OL,-3.35,28
3550,-9.38,CL,4.69,228
3550,-9.38,all,3.42,256
3550,-9.12,OL,0.03,31
3550,-9.12,CL,2.35,113
3550,-9.12,all,1.57,144
3550,-8.88,OL,-0.2,52
3550,-8.88,CL,3.91,68
3550,-8.88,all,2.35,120
3550,-8.62,OL,-0.13,24
3550,-8.62,CL,3.12,89
3550,-8.62,all,2.34,113
3550,-8.38,OL,-1.63,47
3550,-8.38,CL,1.18,244
3550,-8.38,all,0.78,291
3550,-8.12,OL,-0.88,69
3550,-8.12,CL,-1.56,82
3550,-8.12,all,-1.15,151
3550,-7.88,OL,-2.49,11
3550,-7.88,CL,-1.56,12
3550,-7.88,all,-1.56,23
3550,-7.62,OL,-2.08,49
3550,-7.62,CL,-0.78,157
3550,-7.62,all,-0.9,206
3550,-7.38,OL,-0.69,106
3550,-7.38,CL,1.56,294
3550,-7.38,all,1.56,400
3550,-7.12,OL,-1.67,214
3550,-7.12,CL,1.57,287
3550,-7.12,all,0.78,501
3550,-6.88,OL,-2.01,133
3550,-6.88,CL,3.91,140
3550,-6.88,all,1.56,273
3550,-6.62,OL,-0.98,207
3550,-6.62,CL,4.3,512
3550,-6.62,all,2.35,719
3550,-6.38,OL,-1.1,345
3550,-6.38,CL,3.91,486
3550,-6.38,all,1.57,831
3550,-6.12,OL,-1.45,206
3550,-6.12,CL,0.78,171
3550,-6.12,all,0.0,377
3550,-5.88,OL,-0.45,422
3550,-5.88,CL,0.0,315
3550,-5.88,all,0.0,737
3550,-5.62,OL,-0.05,678
3550,-5.62,CL,0.78,320
3550,-5.62,all,0.0,998
3550,-5.38,OL,1.0,812
3550,-5.38,CL,0.0,171
3550,-5.38,all,0.78,983
3550,-5.12,OL,2.01,421
3550,-5.12,CL,-2.34,25
3550,-5.12,all,1.9,446
3550,-4.88,OL,3.15,869
3550,-4.88,CL,-0.78,5
3550,-4.88,all,3.15,874
3550,-4.62,OL,2.86,913
3550,-4.62,CL,-0.78,1
3550,-4.62,all,2.86,914
3550,-4.38,OL,3.84,1150
3550,-4.38,all,3.84,1150
3550,-4.12,OL,3.84,629
3550,-4.12,all,3.84,629
3550,-3.88,OL,4.03,1541
3550,-3.88,all,4.03,1541
3550,-3.62,OL,3.76,1731
3550,-3.62,all,3.76,1731
3550,-3.38,OL,3.76,955
3550,-3.38,all,3.76,955
3550,-3.12,OL,4.12,2180
3550,-3.12,all,4.12,2180
3550,-2.88,OL,3.82,2364
3550,-2.88,all,3.82,2364
3550,-2.62,OL,3.94,1912
3550,-2.62,all,3.94,1912
3550,-2.38,OL,3.53,919
3550,-2.38,all,3.53,919
3550,-2.12,OL,2.87,1882
3550,-2.12,all,2.87,1882
3550,-1.88,OL,0.92,1592
3550,-1.88,all,0.92,1592
3550,-1.62,OL,-1.9,1087
3550,-1.62,all,-1.9,1087
3550,-1.38,OL,-4.48,756
3550,-1.38,all,-4.48,756
3550,-1.12,OL,-6.37,1000
3550,-1.12,all,-6.37,1000
3550,-0.88,OL,-7.65,1045
3550,-0.88,all,-7.65,1045
3550,-0.62,OL,-8.21,488
3550,-0.62,all,-8.21,488
3550,-0.38,OL,-7.81,1134
3550,-0.38,all,-7.81,1134
3550,-0.12,OL,-8.04,911
3550,-0.12,all,-8.04,911
3550,0.12,OL,-6.49,852
3550,0.12,all,-6.49,852
3550,0.38,OL,-6.6,308
3550,0.38,all,-6.6,308
3550,0.62,OL,-6.33,401
3550,0.62,all,-6.33,401
3550,0.88,OL,-5.24,366
3550,0.88,all,-5.24,366
3550,1.12,OL,-4.17,147
3550,1.12,all,-4.17,147
3550,1.38,OL,-3.09,176
3550,1.38,all,-3.09,176
3550,1.62,OL,-3.58,240
3550,1.62,all,-3.58,240
3550,1.88,OL,-2.41,137
3550,1.88,all,-2.41,137
3550,2.12,OL,-3.09,61
3550,2.12,all,-3.09,61
3550,2.38,OL,-3.2,66
3550,2.38,all,-3.2,66
3550,2.62,OL,-1.93,16
3550,2.62,all,-1.93,16
3550,2.88,OL,-0.57,15
3550,2.88,all,-0.57,15
3550,3.12,OL,-0.73,24
3550,3.12,all,-0.73,24
3550,3.38,OL,-2.35,27
3550,3.38,all,-2.35,27
3550,3.62,OL,-2.5,44
3550,3.62,all,-2.5,44
3550,3.88,OL,-1.71,27
3550,3.88,all,-1.71,27
3550,4.12,OL,-6.44,47
3550,4.12,all,-6.44,47
3550,4.38,OL,-6.93,25
3550,4.38,all,-6.93,25
3550,4.62,OL,-6.46,25
3550,4.62,all,-6.46,25
3550,4.88,OL,-7.96,10
3550,4.88,all,-7.96,10
3550,5.12,OL,-7.54,15
3550,5.12,all,-7.54,15
3550,5.38,OL,-6.93,3
3550,5.38,all,-6.93,3
3550,5.62,OL,-2.21,8
3550,5.62,all,-2.21,8
3650,-10.88,OL,-6.35,21
3650,-10.88,all,-6.35,21
3650,-10.62,OL,-0.42,11
3650,-10.62,CL,7.03,1
3650,-10.62,all,0.17,12
3650,-10.38,OL,12.36,1
3650,-10.38,CL,2.34,7
3650,-10.38,all,2.73,8
3650,-10.12,CL,4.69,13
3650,-10.12,all,4.69,13
3650,-9.88,OL,-2.44,4
3650,-9.88,CL,7.03,27
3650,-9.88,all,7.03,31
3650,-9.62,OL,-5.82,4
3650,-9.62,CL,3.91,25
3650,-9.62,all,3.12,29
3650,-9.38,OL,-1.2,9
3650,-9.38,CL,2.34,82
3650,-9.38,all,2.34,91
3650,-9.12,OL,-2.14,24
3650,-9.12,CL,5.47,26
3650,-9.12,all,1.37,50
3650,-8.88,OL,-2.26,31
3650,-8.88,CL,0.0,7
3650,-8.88,all,-2.05,38
3650,-8.62,OL,-1.56,49
3650,-8.62,CL,2.34,6
3650,-8.62,all,-1.29,55
3650,-8.38,OL,-4.94,52
3650,-8.38,CL,-0.78,53
3650,-8.38,all,-1.56,105
3650,-8.12,OL,-0.14,16
3650,-8.12,CL,-4.68,21
3650,-8.12,all,-4.56,37
3650,-7.88,OL,0.48,15
3650,-7.88,CL,-6.25,47
3650,-7.88,all,-5.47,62
3650,-7.62,OL,-1.32,70
3650,-7.62,CL,-5.47,61
3650,-7.62,all,-3.91,131
3650,-7.38,OL,-2.56,99
3650,-7.38,CL,-3.9,91
3650,-7.38,all,-3.12,190
3650,-7.12,OL,-2.19,113
3650,-7.12,CL,-1.56,65
3650,-7.12,all,-1.56,178
3650,-6.88,OL,-1.85,48
3650,-6.88,CL,4.69,31
3650,-6.88,all,-0.78,79
3650,-6.62,OL,-0.42,161
3650,-6.62,CL,-0.78,336
3650,-6.62,all,-0.78,497
3650,-6.38,OL,-0.94,121
3650,-6.38,CL,-2.34,219
3650,-6.38,all,-2.34,340
3650,-6.12,OL,-1.24,69
3650,-6.12,CL,-2.34,133
3650,-6.12,all,-1.56,202
3650,-5.88,OL,-0.73,188
3650,-5.88,CL,-1.56,218
3650,-5.88,all,-1.56,406
3650,-5.62,OL,-0.11,396
3650,-5.62,CL,-2.34,197
3650,-5.62,all,-0.78,593
3650,-5.38,OL,0.5,890
3650,-5.38,CL,0.0,6
3650,-5.38,all,0.49,896
3650,-5.12,OL,0.26,487
3650,-5.12,all,0.26,487
3650,-4.88,OL,1.19,880
3650,-4.88,all,1.19,880
3650,-4.62,OL,1.24,935
3650,-4.62,all,1.24,935
3650,-4.38,OL,2.34,1089
3650,-4.38,all,2.34,1089
3650,-4.12,OL,3.1,622
3650,-4.12,all,3.1,622
3650,-3.88,OL,2.76,1242
3650,-3.88,all,2.76,1242
3650,-3.62,OL,2.7,1253
3650,-3.62,all,2.7,1253
3650,-3.38,OL,2.57,663
3650,-3.38,all,2.57,663
3650,-3.12,OL,3.36,1284
3650,-3.12,all,3.36,1284
3650,-2.88,OL,2.84,1517
3650,-2.88,all,2.84,1517
3650,-2.62,OL,2.34,1296
3650,-2.62,all,2.34,1296
3650,-2.38,OL,1.76,542
3650,-2.38,all,1.76,542
3650,-2.12,OL,-0.4,1058
3650,-2.12,all,-0.4,1058
3650,-1.88,OL,-3.99,942
3650,-1.88,all,-3.99,942
3650,-1.62,OL,-6.65,750
3650,-1.62,all,-6.65,750
3650,-1.38,OL,-7.91,557
3650,-1.38,all,-7.91,557
3650,-1.12,OL,-9.1,832
3650,-1.12,all,-9.1,832
3650,-0.88,OL,-8.89,695
3650,-0.88,all,-8.89,695
3650,-0.62,OL,-8.13,387
3650,-0.62,all,-8.13,387
3650,-0.38,OL,-7.67,631
3650,-0.38,all,-7.67,631
3650,-0.12,OL,-6.46,489
3650,-0.12,all,-6.46,489
3650,0.12,OL,-5.0,505
3650,0.12,all,-5.0,505
3650,0.38,OL,-4.74,202
3650,0.38,all,-4.74,202
3650,0.62,OL,-3.41,406
3650,0.62,all,-3.41,406
3650,0.88,OL,-2.43,371
3650,0.88,all,-2.43,371
3650,1.12,OL,-2.22,154
3650,1.12,all,-2.22,154
3650,1.38,OL,-1.45,302
3650,1.38,all,-1.45,302
3650,1.62,OL,-1.65,165
3650,1.62,all,-1.65,165
3650,1.88,OL,-0.44,38
3650,1.88,all,-0.44,38
3650,2.12,OL,-2.97,18
3650,2.12,all,-2.97,18
3650,2.38,OL,-1.15,37
3650,2.38,all,-1.15,37
3650,2.62,OL,-1.96,26
3650,2.62,all,-1.96,26
3650,2.88,OL,-2.57,26
3650,2.88,all,-2.57,26
3650,3.12,OL,-2.84,8
3650,3.12,all,-2.84,8
3650,3.38,OL,-5.4,30
3650,3.38,all,-5.4,30
3650,3.62,OL,-0.96,32
3650,3.62,all,-0.96,32
3650,3.88,OL,-6.41,20
3650,3.88,all,-6.41,20
3650,4.12,OL,-8.17,18
3650,4.12,all,-8.17,18
3650,4.38,OL,-1.14,9
3650,4.38,all,-1.14,9
3650,5.12,OL,-5.64,2
3650,5.12,all,-5.64,2
3650,5.38,OL,-7.83,3
3650,5.38,all,-7.83,3
3650,5.62,OL,-9.09,5
3650,5.62,all,-9.09,5
3750,-10.88,OL,3.49,15
3750,-10.88,all,3.49,15
3750,-10.62,CL,8.59,16
3750,-10.62,all,8.59,16
3750,-10.38,CL,2.34,29
3750,-10.38,all,2.34,29
3750,-10.12,OL,-1.93,5
3750,-10.12,CL,-0.79,6
3750,-10.12,all,-1.28,11
3750,-9.88,OL,-7.37,1
3750,-9.88,CL,5.47,9
3750,-9.88,all,5.47,10
3750,-9.62,OL,-4.93,10
3750,-9.62,CL,7.03,22
3750,-9.62,all,5.47,32
3750,-9.38,OL,-1.76,8
3750,-9.38,CL,2.34,21
3750,-9.38,all,0.78,29
3750,-9.12,OL,-2.18,2
3750,-9.12,CL,-3.12,8
3750,-9.12,all,-2.82,10
3750,-8.88,OL,-3.18,29
3750,-8.88,CL,-5.47,15
3750,-8.88,all,-3.35,44
3750,-8.62,OL,-1.03,7
3750,-8.62,CL,-4.69,21
3750,-8.62,all,-4.29,28
3750,-8.38,OL,-2.44,28
3750,-8.38,CL,-7.03,28
3750,-8.38,all,-4.23,56
3750,-8.12,OL,-1.57,29
3750,-8.12,CL,-6.25,48
3750,-8.12,all,-5.47,77
3750,-7.88,OL,-2.48,18
3750,-7.88,CL,-6.25,19
3750,-7.88,all,-5.58,37
3750,-7.62,OL,0.72,29
3750,-7.62,CL,-5.47,73
3750,-7.62,all,-5.47,102
3750,-7.38,OL,0.21,9
3750,-7.38,CL,-4.69,96
3750,-7.38,all,-4.69,105
3750,-7.12,OL,-0.51,21
3750,-7.12,CL,-3.12,81
3750,-7.12,all,-2.34,102
3750,-6.88,OL,0.77,25
3750,-6.88,CL,-3.12,51
3750,-6.88,all,-2.34,76
3750,-6.62,OL,0.28,51
3750,-6.62,CL,-3.91,130
3750,-6.62,all,-3.12,181
3750,-6.38,OL,-0.98,77
3750,-6.38,CL,-3.9,149
3750,-6.38,all,-3.12,226
3750,-6.12,OL,-0.61,46
3750,-6.12,CL,-4.69,115
3750,-6.12,all,-3.9,161
3750,-5.88,OL,-0.57,134
3750,-5.88,CL,-3.91,134
3750,-5.88,all,-2.43,268
3750,-5.62,OL,-0.85,352
3750,-5.62,CL,-3.12,54
3750,-5.62,all,-1.01,406
3750,-5.38,OL,-0.63,319
3750,-5.38,CL,0.0,9
3750,-5.38,all,-0.6,328
3750,-5.12,OL,1.65,190
3750,-5.12,all,1.65,190
3750,-4.88,OL,0.87,284
3750,-4.88,all,0.87,284
3750,-4.62,OL,1.31,321
3750,-4.62,all,1.31,321
3750,-4.38,OL,1.92,384
3750,-4.38,all,1.92,384
3750,-4.12,OL,1.79,298
3750,-4.12,all,1.79,298
3750,-3.88,OL,2.11,688
3750,-3.88,all,2.11,688
3750,-3.62,OL,2.71,606
3750,-3.62,all,2.71,606
3750,-3.38,OL,2.86,248
3750,-3.38,all,2.86,248
3750,-3.12,OL,3.12,570
3750,-3.12,all,3.12,570
3750,-2.88,OL,1.84,471
3750,-2.88,all,1.84,471
3750,-2.62,OL,-0.22,346
3750,-2.62,all,-0.22,346
3750,-2.38,OL,-2.22,199
3750,-2.38,all,-2.22,199
3750,-2.12,OL,-3.95,425
3750,-2.12,all,-3.95,425
3750,-1.88,OL,-5.66,712
3750,-1.88,all,-5.66,712
3750,-1.62,OL,-9.13,466
3750,-1.62,all,-9.13,466
3750,-1.38,OL,-9.75,330
3750,-1.38,all,-9.75,330
3750,-1.12,OL,-8.64,506
3750,-1.12,all,-8.64,506
3750,-0.88,OL,-9.66,252
3750,-0.88,all,-9.66,252
3750,-0.62,OL,-8.57,152
3750,-0.62,all,-8.57,152
3750,-0.38,OL,-8.5,323
3750,-0.38,all,-8.5,323
3750,-0.12,OL,-7.76,269
3750,-0.12,all,-7.76,269
3750,0.12,OL,-5.61,172
3750,0.12,all,-5.61,172
3750,0.38,OL,-4.38,78
3750,0.38,all,-4.38,78
3750,0.62,OL,-3.09,72
3750,0.62,all,-3.09,72
3750,0.88,OL,-5.16,49
3750,0.88,all,-5.16,49
3750,1.12,OL,-4.65,25
3750,1.12,all,-4.65,25
3750,1.38,OL,-2.91,39
3750,1.38,all,-2.91,39
3750,1.62,OL,-1.62,73
3750,1.62,all,-1.62,73
3750,1.88,OL,-1.74,80
3750,1.88,all,-1.74,80
3750,2.12,OL,-1.76,16
3750,2.12,all,-1.76,16
3750,2.38,OL,-2.97,20
3750,2.38,all,-2.97,20
3750,2.62,OL,-4.66,6
3750,2.62,all,-4.66,6
3750,4.12,OL,-8.39,9
3750,4.12,all,-8.39,9
3750,4.38,OL,-4.22,7
3750,4.38,all,-4.22,7
3750,4.62,OL,-3.39,4
3750,4.62,all,-3.39,4
3850,-10.12,CL,0.78,16
3850,-10.12,all,0.78,16
3850,-9.88,CL,0.78,9
3850,-9.88,all,0.78,9
3850,-9.38,OL,3.27,6
3850,-9.38,all,3.27,6
3850,-9.12,CL,-4.69,1
3850,-9.12,all,-4.69,1
3850,-8.88,OL,2.3,3
3850,-8.88,CL,-5.47,1
3850,-8.88,all,1.46,4
3850,-8.62,OL,-3.82,3
3850,-8.62,CL,-5.47,19
3850,-8.62,all,-5.47,22
3850,-8.38,OL,-4.14,13
3850,-8.38,CL,-5.47,14
3850,-8.38,all,-5.47,27
3850,-8.12,OL,-6.09,43
3850,-8.12,CL,-4.69,13
3850,-8.12,all,-5.61,56
3850,-7.88,OL,-1.13,24
3850,-7.88,CL,-7.03,2
3850,-7.88,all,-1.94,26
3850,-7.62,OL,-4.45,88
3850,-7.62,CL,-5.47,65
3850,-7.62,all,-5.1,153
3850,-7.38,OL,-1.63,19
3850,-7.38,CL,-5.47,125
3850,-7.38,all,-5.47,144
3850,-7.12,OL,-0.07,41
3850,-7.12,CL,-6.25,71
3850,-7.12,all,-4.69,112
3850,-6.88,OL,-0.07,29
3850,-6.88,CL,-10.16,7
3850,-6.88,all,-0.36,36
3850,-6.62,OL,-0.39,37
3850,-6.62,CL,-8.2,24
3850,-6.62,all,-3.89,61
3850,-6.38,OL,-1.32,78
3850,-6.38,CL,-5.47,30
3850,-6.38,all,-2.65,108
3850,-6.12,OL,0.3,58
3850,-6.12,CL,-6.25,19
3850,-6.12,all,-0.87,77
3850,-5.88,OL,-0.56,84
3850,-5.88,CL,-6.25,13
3850,-5.88,all,-0.87,97
3850,-5.62,OL,-1.43,125
3850,-5.62,CL,-2.34,3
3850,-5.62,all,-1.48,128
3850,-5.38,OL,-2.39,71
3850,-5.38,all,-2.39,71
3850,-5.12,OL,-1.42,57
3850,-5.12,all,-1.42,57
3850,-4.88,OL,-1.39,100
3850,-4.88,all,-1.39,100
3850,-4.62,OL,-0.15,115
3850,-4.62,all,-0.15,115
3850,-4.38,OL,-1.15,119
3850,-4.38,all,-1.15,119
3850,-4.12,OL,0.08,46
3850,-4.12,all,0.08,46
3850,-3.88,OL,-1.42,81
3850,-3.88,all,-1.42,81
3850,-3.62,OL,1.53,75
3850,-3.62,all,1.53,75
3850,-3.38,OL,0.0,26
3850,-3.38,all,0.0,26
3850,-3.12,OL,-1.12,59
3850,-3.12,all,-1.12,59
3850,-2.88,OL,-4.65,102
3850,-2.88,all,-4.65,102
3850,-2.62,OL,-4.74,73
3850,-2.62,all,-4.74,73
3850,-2.38,OL,-5.54,56
3850,-2.38,all,-5.54,56
3850,-2.12,OL,-8.01,93
3850,-2.12,all,-8.01,93
3850,-1.88,OL,-9.99,122
3850,-1.88,all,-9.99,122
3850,-1.62,OL,-10.22,107
3850,-1.62,all,-10.22,107
3850,-1.38,OL,-7.99,21
3850,-1.38,all,-7.99,21
3850,-1.12,OL,-4.47,19
3850,-1.12,all,-4.47,19
3850,-0.88,OL,-4.97,24
3850,-0.88,all,-4.97,24
3850,-0.62,OL,-9.32,2
3850,-0.62,all,-9.32,2
3850,-0.38,OL,-6.13,24
3850,-0.38,all,-6.13,24
3850,-0.12,OL,-3.93,25
3850,-0.12,all,-3.93,25
3850,0.12,OL,-2.95,34
3850,0.12,all,-2.95,34
3850,0.38,OL,-3.43,17
3850,0.38,all,-3.43,17
3850,0.62,OL,-2.38,6
3850,0.62,all,-2.38,6
3850,0.88,OL,0.11,9
3850,0.88,all,0.11,9
3850,1.12,OL,1.09,2
3850,1.12,all,1.09,2
3850,1.38,OL,-1.78,4
3850,1.38,all,-1.78,4
3950,-9.38,OL,2.18,16
3950,-9.38,CL,-4.3,6
3950,-9.38,all,0.18,22
3950,-9.12,OL,-5.58,3
3950,-9.12,CL,-5.47,5
3950,-9.12,all,-5.52,8
3950,-8.88,OL,-1.92,4
3950,-8.88,CL,-7.03,1
3950,-8.88,all,-2.21,5
3950,-8.62,OL,-2.1,4
3950,-8.62,CL,-6.25,6
3950,-8.62,all,-5.47,10
3950,-8.38,OL,-1.63,33
3950,-8.38,CL,-8.59,9
3950,-8.38,all,-1.94,42
3950,-8.12,OL,2.2,18
3950,-8.12,CL,-7.81,11
3950,-8.12,all,-0.98,29
3950,-7.88,OL,0.38,13
3950,-7.88,all,0.38,13
3950,-7.62,OL,-2.47,11
3950,-7.62,all,-2.47,11
3950,-7.38,OL,-4.24,1
3950,-7.38,CL,-4.68,1
3950,-7.38,all,-4.46,2
3950,-7.12,OL,-0.98,12
3950,-7.12,all,-0.98,12
3950,-6.88,OL,-0.7,3
3950,-6.88,all,-0.7,3
3950,-6.62,OL,0.3,6
3950,-6.62,CL,-9.77,2
3950,-6.62,all,-0.98,8
3950,-6.38,OL,-2.38,23
3950,-6.38,all,-2.38,23
3950,-6.12,OL,-2.72,25
3950,-6.12,CL,-7.81,3
3950,-6.12,all,-2.9,28
3950,-5.88,OL,-3.18,21
3950,-5.88,CL,-5.47,21
3950,-5.88,all,-5.35,42
3950,-5.62,OL,-0.1,54
3950,-5.62,CL,-2.34,7
3950,-5.62,all,-0.12,61
3950,-5.38,OL,3.83,60
3950,-5.38,all,3.83,60
3950,-5.12,OL,2.55,58
3950,-5.12,all,2.55,58
3950,-4.88,OL,2.9,10
3950,-4.88,all,2.9,10
3950,-4.62,OL,2.74,5
3950,-4.62,all,2.74,5
3950,-4.38,OL,3.99,14
3950,-4.38,all,3.99,14
3950,-4.12,OL,6.31,5
3950,-4.12,all,6.31,5
3950,-3.88,OL,6.67,1
3950,-3.88,all,6.67,1
3950,-3.62,OL,2.12,8
3950,-3.62,all,2.12,8
3950,-3.38,OL,-0.39,15
3950,-3.38,all,-0.39,15
3950,-3.12,OL,4.28,3
3950,-3.12,all,4.28,3
3950,-2.88,OL,3.22,3
3950,-2.88,all,3.22,3
3950,-2.62,OL,0.99,6
3950,-2.62,all,0.99,6
3950,-2.38,OL,-8.63,10
3950,-2.38,all,-8.63,10
3950,-2.12,OL,-9.52,30
3950,-2.12,all,-9.52,30
3950,-1.88,OL,-9.08,21
3950,-1.88,all,-9.08,21
3950,-1.62,OL,-9.9,9
3950,-1.62,all,-9.9,9
3950,-1.38,OL,-8.9,11
3950,-1.38,all,-8.9,11
3950,-1.12,OL,-7.68,17
3950,-1.12,all,-7.68,17
3950,-0.88,OL,-3.32,18
3950,-0.88,all,-3.32,18
3950,-0.62,OL,-3.93,9
3950,-0.62,all,-3.93,9
3950,-0.38,OL,-3.43,17
3950,-0.38,all,-3.43,17
3950,-0.12,OL,-2.07,14
3950,-0.12,all,-2.07,14
3950,0.12,OL,-3.36,30
3950,0.12,all,-3.36,30
3950,0.38,OL,-0.86,3
3950,0.38,all,-0.86,3
3950,0.62,OL,-3.16,9
3950,0.62,all,-3.16,9
3950,0.88,OL,-1.05,15
3950,0.88,all,-1.05,15
3950,1.12,OL,-1.33,15
3950,1.12,all,-1.33,15
3950,1.38,OL,-2.73,10
3950,1.38,all,-2.73,10
3950,1.62,OL,-3.79,17
3950,1.62,all,-3.79,17
3950,1.88,OL,-6.12,24
3950,1.88,all,-6.12,24
3950,2.12,OL,-6.04,3
3950,2.12,all,-6.04,3
3950,2.38,OL,-6.22,9
3950,2.38,all,-6.22,9
3950,2.88,OL,-3.53,1
3950,2.88,all,-3.53,1
3950,3.12,OL,-3.37,1
3950,3.12,all,-3.37,1
3950,3.38,OL,-4.14,1
3950,3.38,all,-4.14,1
3950,5.38,OL,-2.08,3
3950,5.38,all,-2.08,3
3950,5.62,OL,-6.93,10
3950,5.62,all,-6.93,10
3950,5.88,OL,-4.85,3
3950,5.88,all,-4.85,3
4050,-10.12,OL,-4.74,2
4050,-10.12,all,-4.74,2
4050,-9.88,OL,-4.29,10
4050,-9.88,all,-4.29,10
4050,-9.62,OL,-5.24,2
4050,-9.62,all,-5.24,2
4050,-9.38,OL,-4.45,5
4050,-9.38,CL,-3.91,5
4050,-9.38,all,-4.45,10
4050,-9.12,OL,-3.84,37
4050,-9.12,CL,-8.98,2
4050,-9.12,all,-3.89,39
4050,-8.88,OL,-0.47,14
4050,-8.88,CL,-6.64,2
4050,-8.88,all,-0.95,16
4050,-8.62,OL,-1.13,3
4050,-8.62,all,-1.13,3
4050,-8.38,OL,1.71,20
4050,-8.38,CL,-3.91,14
4050,-8.38,all,-0.42,34
4050,-8.12,OL,3.68,4
4050,-8.12,all,3.68,4
4050,-7.88,OL,0.63,5
4050,-7.88,all,0.63,5
4050,-7.62,OL,-1.66,3
4050,-7.62,all,-1.66,3
4050,-7.38,OL,2.2,12
4050,-7.38,all,2.2,12
4050,-7.12,OL,-1.57,13
4050,-7.12,all,-1.57,13
4050,-6.38,OL,0.63,1
4050,-6.38,all,0.63,1
4050,-6.12,OL,-2.43,18
4050,-6.12,all,-2.43,18
4050,-5.88,OL,-4.21,23
4050,-5.88,all,-4.21,23
4050,-5.62,OL,-4.41,21
4050,-5.62,CL,0.0,1
4050,-5.62,all,-4.23,22
4050,-5.38,OL,7.72,8
4050,-5.38,all,7.72,8
4050,-5.12,OL,8.9,3
4050,-5.12,all,8.9,3
4050,-4.62,OL,6.61,1
4050,-4.62,all,6.61,1
4050,-4.38,OL,6.64,5
4050,-4.38,all,6.64,5
4050,-4.12,OL,7.69,3
4050,-4.12,all,7.69,3
4050,-3.88,OL,5.91,19
4050,-3.88,all,5.91,19
4050,-3.62,OL,0.55,21
4050,-3.62,all,0.55,21
4050,-3.38,OL,1.69,17
4050,-3.38,all,1.69,17
4050,-3.12,OL,0.31,3
4050,-3.12,all,0.31,3
4050,-2.88,OL,-2.78,11
4050,-2.88,all,-2.78,11
4050,-2.62,OL,4.96,1
4050,-2.62,all,4.96,1
4050,-1.62,OL,-6.36,1
4050,-1.62,all,-6.36,1
4050,-1.38,OL,-5.6,2
4050,-1.38,all,-5.6,2
4050,-1.12,OL,-9.86,1
4050,-1.12,all,-9.86,1
4050,-0.88,OL,-5.38,1
4050,-0.88,all,-5.38,1
4050,-0.62,OL,0.08,7
4050,-0.62,all,0.08,7
4050,-0.38,OL,-1.54,11
4050,-0.38,all,-1.54,11
4050,-0.12,OL,1.15,6
4050,-0.12,all,1.15,6
4050,0.62,OL,1.31,6
4050,0.62,all,1.31,6
4050,0.88,OL,-1.4,9
4050,0.88,all,-1.4,9
4050,1.12,OL,1.23,5
4050,1.12,all,1.23,5
4050,1.38,OL,-0.6,10
4050,1.38,all,-0.6,10
4050,1.62,OL,-0.08,11
4050,1.62,all,-0.08,11
4050,1.88,OL,-5.87,6
4050,1.88,all,-5.87,6
4150,-9.88,OL,-4.14,3
4150,-9.88,all,-4.14,3
4150,-9.38,OL,-4.14,1
4150,-9.38,all,-4.14,1
4150,-9.12,OL,-4.14,17
4150,-9.12,all,-4.14,17
4150,-8.88,OL,-6.29,2
4150,-8.88,all,-6.29,2
4150,-8.62,OL,-0.99,1
4150,-8.62,all,-0.99,1
4150,-8.38,OL,-0.36,8
4150,-8.38,all,-0.36,8
4150,-7.62,CL,-5.86,2
4150,-7.62,all,-5.86,2
4150,-7.38,OL,1.89,2
4150,-7.38,CL,-5.47,6
4150,-7.38,all,-5.47,8
4150,-6.38,OL,-0.05,2
4150,-6.38,all,-0.05,2
4150,-6.12,OL,-5.43,5
4150,-6.12,CL,2.34,10
4150,-6.12,all,2.34,15
4150,-5.88,OL,1.89,1
4150,-5.88,CL,3.91,2
4150,-5.88,all,3.91,3
4150,-5.38,OL,8.64,2
4150,-5.38,all,8.64,2
4150,-5.12,OL,8.24,9
4150,-5.12,all,8.24,9
4150,-4.38,OL,5.15,6
4150,-4.38,all,5.15,6
4150,-4.12,OL,1.43,9
4150,-4.12,all,1.43,9
4150,-3.88,OL,3.47,11
4150,-3.88,all,3.47,11
4150,-2.88,OL,-5.36,12
4150,-2.88,all,-5.36,12
4150,-2.62,OL,-4.0,4
4150,-2.62,all,-4.0,4
4150,-1.62,OL,-4.9,5
4150,-1.62,all,-4.9,5
4150,-1.38,OL,-0.11,2
4150,-1.38,all,-0.11,2
4150,-1.12,OL,-3.5,11
4150,-1.12,all,-3.5,11
4150,-0.88,OL,2.3,4
4150,-0.88,all,2.3,4
4150,-0.62,OL,3.99,2
4150,-0.62,all,3.99,2
4150,-0.38,OL,3.81,3
4150,-0.38,all,3.81,3
4150,1.88,OL,-6.5,2
4150,1.88,all,-6.5,2
4150,2.12,OL,-6.93,3
4150,2.12,all,-6.93,3
4150,2.38,OL,-8.42,7
4150,2.38,all,-8.42,7
4250,-5.38,OL,6.62,2
4250,-5.38,all,6.62,2
4250,-5.12,OL,6.8,3
4250,-5.12,all,6.8,3
4250,-4.38,OL,-2.36,4
4250,-4.38,all,-2.36,4
4250,-4.12,OL,-7.27,12
4250,-4.12,all,-7.27,12
4250,-2.62,OL,-5.17,8
4250,-2.62,all,-5.17,8
4250,-2.38,OL,-3.06,5
4250,-2.38,all,-3.06,5
4250,-1.62,OL,-4.23,12
4250,-1.62,all,-4.23,12
4250,-1.38,OL,-3.73,9
4250,-1.38,all,-3.73,9
4250,-1.12,OL,-3.23,6
4250,-1.12,all,-3.23,6
4250,-0.38,OL,3.65,7
4250,-0.38,all,3.65,7
4250,2.38,OL,-8.05,1
4250,2.38,all,-8.05,1
4350,-5.88,OL,9.76,6
4350,-5.88,all,9.76,6
4350,-4.38,OL,-11.22,6
4350,-4.38,all,-11.22,6
4350,-4.12,OL,-11.72,4
4350,-4.12,all,-11.72,4
4350,-2.12,OL,-1.8,13
4350,-2.12,all,-1.8,13
4350,-1.62,OL,-3.97,17
4350,-1.62,all,-3.97,17
4350,-1.38,OL,-1.8,2
4350,-1.38,all,-1.8,2
4450,-9.12,OL,3.17,5
4450,-9.12,all,3.17,5
4450,-8.88,OL,-0.05,14
4450,-8.88,all,-0.05,14
4450,-7.62,OL,3.38,7
4450,-7.62,all,3.38,7
4450,-5.88,OL,10.36,7
4450,-5.88,all,10.36,7
4450,-5.62,OL,7.57,8
4450,-5.62,all,7.57,8
4450,-5.38,OL,-5.4,4
4450,-5.38,all,-5.4,4
4450,-5.12,OL,0.77,3
4450,-5.12,all,0.77,3
4450,-4.88,OL,-4.42,3
4450,-4.88,all,-4.42,3
4450,-4.62,OL,-5.34,10
4450,-4.62,all,-5.34,10
4450,-3.12,OL,-8.91,11
4450,-3.12,all,-8.91,11
4450,-2.88,OL,-5.03,5
4450,-2.88,all,-5.03,5
4450,-2.62,OL,-4.84,4
4450,-2.62,all,-4.84,4
4450,-2.12,OL,-1.09,6
4450,-2.12,all,-1.09,6
4450,-1.88,OL,-0.61,9
4450,-1.88,all,-0.61,9
4450,-1.62,OL,-4.9,14
4450,-1.62,all,-4.9,14
4550,-7.62,OL,0.86,1
4550,-7.62,all,0.86,1
4550,-7.38,OL,2.17,2
4550,-7.38,all,2.17,2
4550,-4.88,OL,-2.85,18
4550,-4.88,all,-2.85,18
4550,-3.12,OL,-8.65,19
4550,-3.12,all,-8.65,19
4550,-0.88,OL,-3.16,8
4550,-0.88,all,-3.16,8
4550,-0.62,OL,-9.66,6
4550,-0.62,all,-9.66,6
4550,-0.38,OL,-10.45,1
4550,-0.38,all,-10.45,1
4550,-0.12,OL,-10.71,1
4550,-0.12,all,-10.71,1
4650,-5.62,OL,-1.77,1
4650,-5.62,all,-1.77,1
4650,-5.38,OL,-4.27,3
4650,-5.38,all,-4.27,3
4650,-5.12,OL,-5.78,3
4650,-5.12,all,-5.78,3
4650,-4.88,OL,-3.1,12
4650,-4.88,all,-3.1,12
4650,-0.38,OL,-9.86,6
4650,-0.38,all,-9.86,6
4650,-0.12,OL,-10.77,4
4650,-0.12,all,-10.77,4
