log_date,rom_rev,log_path,pull_id,sample_offset,abs_sample,time,RPM,MPH,gear_ratio,APP,Throttle,mrp,Trgt_Boost,wgdc,Tdp,tdi,avcs,Timing,FFB,wbo2,MAF,FBKC,FLKC,IAM
2026-04-24,20.8,logs/April/4-24/4-24 full.csv,20.8__4-24 full__s55181,0,55181,14929.4,4679.0,78.9141,59.29231911660907,100.0,96.8627,1.73,18.4535,74.5098,10.1046,0.0,3.0,22.5,8.43058,19.5228,131.33,0.0,0.0,1.0
2026-04-24,20.8,logs/April/4-24/4-24 full.csv,20.8__4-24 full__s55181,1,55182,14929.44,5010.5,78.9141,63.49308932117327,100.0,100.0,2.17,20.4369,75.2941,10.1046,0.0,4.0,11.0,12.1345,19.606,125.62,0.0,0.0,1.0
2026-04-24,20.8,logs/April/4-24/4-24 full.csv,20.8__4-24 full__s55181,2,55183,14929.48,4953.5,78.9141,62.77078494210794,100.0,100.0,2.6,20.4367,73.7255,10.1047,0.0,7.0,10.5,12.2182,19.4377,143.45,0.0,0.0,1.0
2026-04-24,20.8,logs/April/4-24/4-24 full.csv,20.8__4-24 full__s55181,3,55184,14929.52,4730.25,78.9141,59.94175945743536,100.0,100.0,2.89,20.4367,73.7255,10.1047,0.0,8.0,21.5,12.2182,19.7336,139.09,0.0,0.0,1.0
2026-04-24,20.8,logs/April/4-24/4-24 full.csv,20.8__4-24 full__s55181,4,55185,14929.56,4707.0,78.9141,59.6471353028166,100.0,100.0,3.18,20.4367,75.2941,10.1047,0.0,7.0,21.0,12.278,19.606,135.22,0.0,0.0,1.0
2026-04-24,20.8,logs/April/4-24/4-24 full.csv,20.8__4-24 full__s55181,5,55186,14929.6,5099.75,78.9141,64.62406591470979,100.0,100.0,3.47,20.4366,73.7255,10.1049,0.0,8.0,17.5,12.278,19.6485,142.48,0.0,0.0,1.0
2026-04-24,20.8,logs/April/4-24/4-24 full.csv,20.8__4-24 full__s55181,6,55187,14929.64,4880.0,78.9141,61.83939245331315,100.0,100.0,3.91,20.4366,73.7255,10.1049,0.0,8.0,21.0,12.278,19.312,155.45,0.0,0.0,1.0
2026-04-24,20.8,logs/April/4-24/4-24 full.csv,20.8__4-24 full__s55181,7,55188,14929.68,4665.25,78.9141,59.118079025167866,100.0,100.0,4.2,20.4366,74.902,10.1049,0.0,8.0,20.5,12.283,19.4803,150.7,0.0,0.0,1.0
2026-04-24,20.8,logs/April/4-24/4-24 full.csv,20.8__4-24 full__s55181,8,55189,14929.72,5012.0,78.9141,63.512097331148674,100.0,100.0,4.63,20.4366,74.902,10.1049,0.0,7.0,20.5,12.283,19.312,155.89,0.0,0.0,1.0
2026-04-24,20.8,logs/April/4-24/4-24 full.csv,20.8__4-24 full__s55181,9,55190,14929.76,5104.25,78.9141,64.681089944636,100.0,100.0,5.79,20.4365,73.7255,10.105,0.0,7.0,20.5,12.0906,12.5701,182.44,0.0,0.0,1.0
2026-04-24,20.8,logs/April/4-24/4-24 full.csv,20.8__4-24 full__s55181,10,55191,14929.8,4674.75,80.1569,58.3199949099828,100.0,100.0,7.24,20.4364,74.5098,10.105,0.0,7.0,17.0,11.7784,12.3593,191.09,0.0,-2.0,1.0
2026-04-24,20.8,logs/April/4-24/4-24 full.csv,20.8__4-24 full__s55181,11,55192,14929.84,4853.75,80.1569,60.5531152028085,92.1569,100.0,8.69,20.4364,74.5098,10.105,0.0,6.0,16.5,11.7784,12.6552,197.81,0.0,-2.0,1.0
2026-04-24,20.8,logs/April/4-24/4-24 full.csv,20.8__4-24 full__s55181,12,55193,14929.88,5139.25,79.5355,64.61580049160438,94.5098,100.0,9.71,20.4364,74.1176,10.105,0.0,6.0,16.5,11.5215,12.3187,214.68,0.0,-2.0,1.0
2026-04-24,20.8,logs/April/4-24/4-24 full.csv,20.8__4-24 full__s55181,13,55194,14929.92,4859.0,79.5355,61.09221668311635,95.6863,100.0,11.3,20.4363,74.5098,10.105,0.0,7.0,15.5,10.7905,12.0653,228.91,0.0,-2.0,1.0
2026-04-24,20.8,logs/April/4-24/4-24 full.csv,20.8__4-24 full__s55181,14,55195,14929.96,4888.0,80.1569,60.980402186212295,92.9412,100.0,13.77,20.4363,74.5098,10.105,0.0,6.0,14.5,10.7905,12.1485,240.92,0.0,-2.0,1.0
2026-04-24,20.8,logs/April/4-24/4-24 full.csv,20.8__4-24 full__s55181,15,55196,14930.0,5090.0,80.1569,63.50045972336755,93.3333,100.0,15.22,20.4363,74.1176,10.1051,0.0,5.0,14.5,11.0398,12.2336,258.45,0.0,-2.0,1.0
2026-04-24,20.8,logs/April/4-24/4-24 full.csv,20.8__4-24 full__s55181,16,55197,14930.04,4988.5,80.7783,61.75544669793744,96.4706,100.0,16.23,20.4363,74.1176,10.1051,0.0,6.0,14.0,10.6569,11.812,274.59,0.0,-2.0,1.0
2026-04-24,20.8,logs/April/4-24/4-24 full.csv,20.8__4-24 full__s55181,17,55198,14930.08,4964.75,80.7783,61.4614320925298,94.5098,100.0,18.7,20.4362,74.1176,10.1051,0.0,5.0,13.0,10.6569,11.812,281.88,0.0,-2.0,1.0
2026-04-24,20.8,logs/April/4-24/4-24 full.csv,20.8__4-24 full__s55181,18,55199,14930.12,5078.5,81.3996,62.38974147293106,94.5098,100.0,19.42,20.4362,65.8824,1.90842,0.0,5.0,11.0,10.0856,11.4755,292.46,-1.4,-2.0,1.0
2026-04-24,20.8,logs/April/4-24/4-24 full.csv,20.8__4-24 full__s55181,19,55200,14930.16,5038.0,81.3996,61.89219603044732,94.5098,100.0,20.73,20.4362,65.8824,1.90842,0.0,6.0,10.5,10.0856,11.0964,299.94,-1.4,-2.0,1.0
2026-04-24,20.8,logs/April/4-24/4-24 full.csv,20.8__4-24 full__s55181,20,55201,14930.2,5065.25,82.021,61.755526023823165,94.5098,100.0,21.6,20.4361,63.1373,-0.683191,-0.0600947,5.0,10.5,10.5228,10.843,301.94,-1.4,-2.0,1.0
2026-04-24,20.8,logs/April/4-24/4-24 full.csv,20.8__4-24 full__s55181,21,55202,14930.24,5032.5,82.021,61.35623803660038,95.6863,100.0,22.03,20.4361,59.6078,-3.69904,-0.265901,6.0,10.0,10.5968,11.3072,303.93,-1.4,-2.0,1.0
2026-04-24,20.8,logs/April/4-24/4-24 full.csv,20.8__4-24 full__s55181,22,55203,14930.28,5155.25,82.6424,62.380206770374535,96.0784,100.0,22.18,20.4361,59.6078,-3.69904,-0.265901,5.0,10.5,10.5968,11.0964,297.95,-1.4,-2.0,1.0
2026-04-24,20.8,logs/April/4-24/4-24 full.csv,20.8__4-24 full__s55181,23,55204,14930.32,5187.0,82.6424,62.76439212801178,96.4706,100.0,22.18,20.436,58.8235,-4.07646,-0.503107,5.0,10.5,10.6155,10.5491,299.94,-1.4,-2.0,1.0
2026-04-24,20.8,logs/April/4-24/4-24 full.csv,20.8__4-24 full__s55181,24,55205,14930.36,5099.25,83.2637,61.242173960561445,95.6863,100.0,22.03,20.436,58.8235,-4.07646,-0.503107,4.0,10.5,10.6155,10.7173,298.45,-1.4,-2.0,1.0
2026-04-24,20.8,logs/April/4-24/4-24 full.csv,20.8__4-24 full__s55181,25,55206,14930.4,5198.0,83.2637,62.42816497465282,94.5098,100.0,21.89,20.436,59.6078,-3.55373,-0.699546,4.0,10.5,10.6455,10.464,294.95,-1.4,-2.0,1.0
2026-04-24,20.8,logs/April/4-24/4-24 full.csv,20.8__4-24 full__s55181,26,55207,14930.44,5251.75,83.8851,62.6064700405674,95.6863,100.0,21.6,20.4359,59.6078,-2.49973,-0.846436,5.0,11.0,10.6682,10.17,294.45,-1.4,-2.0,1.0
2026-04-24,20.8,logs/April/4-24/4-24 full.csv,20.8__4-24 full__s55181,27,55208,14930.48,5178.5,83.8851,61.73325179322669,96.4706,100.0,21.16,20.4359,59.6078,-2.49973,-0.846436,4.0,12.5,10.6682,10.2532,293.46,0.0,-2.0,1.0
2026-04-24,20.8,logs/April/4-24/4-24 full.csv,20.8__4-24 full__s55181,28,55209,14930.52,5246.25,84.5065,62.08102335323318,95.2941,100.0,20.87,20.4359,61.1765,-1.31066,-0.937121,4.0,12.5,10.672,10.17,293.46,0.0,-2.0,1.0
2026-04-24,20.8,logs/April/4-24/4-24 full.csv,20.8__4-24 full__s55181,29,55210,14930.56,5262.75,84.5065,62.27627460609538,94.5098,100.0,20.58,20.4358,61.9608,-0.087779,-0.965863,4.0,13.0,10.6833,10.3383,288.97,0.0,-2.0,1.0
2026-04-24,20.8,logs/April/4-24/4-24 full.csv,20.8__4-24 full__s55181,30,55211,14930.6,5273.25,85.1279,61.94502624873866,94.1176,100.0,20.29,20.4358,61.9608,-0.087779,-0.965863,5.0,13.0,10.6833,10.17,288.97,0.0,-2.0,1.0
2026-04-24,20.8,logs/April/4-24/4-24 full.csv,20.8__4-24 full__s55181,31,55212,14930.64,5285.25,85.1279,62.08599060942417,92.9412,100.0,19.86,20.4358,62.7451,0.453292,-0.901119,4.0,13.0,10.7944,10.5897,286.47,0.0,-2.0,1.0
2026-04-24,20.8,logs/April/4-24/4-24 full.csv,20.8__4-24 full__s55181,32,55213,14930.68,5292.0,85.7492,61.714861479757246,92.9412,100.0,19.71,20.4358,62.7451,0.453292,-0.901119,5.0,12.0,10.7944,11.0538,288.97,0.0,-3.0,1.0
2026-04-24,20.8,logs/April/4-24/4-24 full.csv,20.8__4-24 full__s55181,33,55214,14930.72,5331.0,85.7492,62.16967621855364,92.9412,100.0,19.57,20.4357,63.9216,1.69387,-0.765819,5.0,12.5,10.8842,11.1389,286.97,0.0,-3.0,1.0
2026-04-24,20.8,logs/April/4-24/4-24 full.csv,20.8__4-24 full__s55181,34,55215,14930.76,5332.5,86.3706,61.73975866788005,93.3333,100.0,19.42,20.4357,64.3137,2.33684,-0.597075,5.0,12.5,10.9395,11.2221,288.47,0.0,-3.0,1.0
2026-04-24,20.8,logs/April/4-24/4-24 full.csv,20.8__4-24 full__s55181,35,55216,14930.8,5395.25,86.3706,62.46627903476415,94.1176,100.0,19.42,20.4357,64.3137,2.33684,-0.597075,4.0,12.5,10.9395,11.3072,290.96,0.0,-3.0,1.0
2026-04-24,20.8,logs/April/4-24/4-24 full.csv,20.8__4-24 full__s55181,36,55217,14930.84,5352.75,86.992,61.53152013978296,94.5098,100.0,19.42,20.4356,64.7059,2.68724,-0.410497,4.0,12.5,10.9754,11.1795,288.97,0.0,-3.0,1.0
2026-04-24,20.8,logs/April/4-24/4-24 full.csv,20.8__4-24 full__s55181,37,55218,14930.88,5423.75,86.992,62.34768714364539,95.6863,100.0,19.57,20.4356,64.7059,2.50827,-0.23284,4.0,12.5,10.9955,11.0538,290.46,0.0,-3.0,1.0
2026-04-24,20.8,logs/April/4-24/4-24 full.csv,20.8__4-24 full__s55181,38,55219,14930.92,5390.0,87.6133,61.520339948386834,96.0784,100.0,19.42,20.4356,64.7059,2.50827,-0.23284,5.0,12.5,10.9955,11.4329,291.96,0.0,-3.0,1.0
2026-04-24,20.8,logs/April/4-24/4-24 full.csv,20.8__4-24 full__s55181,39,55220,14930.96,5403.25,87.6133,61.6715726950132,96.0784,100.0,19.71,20.4355,64.3137,2.16534,-0.0730168,4.0,12.5,11.0035,11.3072,296.95,0.0,-3.0,1.0
2026-04-24,20.8,logs/April/4-24/4-24 full.csv,20.8__4-24 full__s55181,40,55221,14931.0,5469.75,88.2347,61.99091740551053,94.5098,100.0,19.86,20.4355,64.3137,2.16534,-0.0730168,5.0,12.5,11.0035,11.0964,297.45,0.0,-3.0,1.0
2026-04-24,20.8,logs/April/4-24/4-24 full.csv,20.8__4-24 full__s55181,41,55222,14931.04,5463.5,88.2347,61.92008359522954,92.1569,100.0,19.86,20.4355,63.5294,1.26511,0.0399824,4.0,12.5,10.9995,11.0113,299.94,0.0,-3.0,1.0
2026-04-24,20.8,logs/April/4-24/4-24 full.csv,20.8__4-24 full__s55181,42,55223,14931.08,5469.25,88.8561,61.5517674082027,91.3726,100.0,20.0,20.4354,63.1373,1.00792,0.139604,4.0,12.5,11.0075,11.0538,299.44,0.0,-3.0,1.0
2026-04-24,20.8,logs/April/4-24/4-24 full.csv,20.8__4-24 full__s55181,43,55224,14931.12,5521.0,88.8561,62.13416974186353,90.9804,100.0,20.0,20.4354,63.1373,1.00792,0.139604,4.0,12.5,11.0075,11.0964,298.45,0.0,-3.0,1.0
2026-04-24,20.8,logs/April/4-24/4-24 full.csv,20.8__4-24 full__s55181,44,55225,14931.16,5516.0,89.4775,61.64678271073733,89.0196,100.0,20.15,20.4354,62.7451,0.5364,0.214701,5.0,12.5,11.0116,11.1795,299.94,0.0,-3.0,1.0
2026-04-24,20.8,logs/April/4-24/4-24 full.csv,20.8__4-24 full__s55181,45,55226,14931.2,5523.0,89.4775,61.72501466849207,85.4902,100.0,20.15,20.3726,62.7451,0.41471,0.273153,4.0,16.0,11.0277,11.0538,301.94,0.0,0.0,1.0
2026-04-24,20.8,logs/April/4-24/4-24 full.csv,20.8__4-24 full__s55181,46,55227,14931.24,5570.0,90.0988,61.82102314348249,78.8235,100.0,20.0,20.3726,62.7451,0.41471,0.273153,5.0,14.5,11.0277,10.843,300.44,0.0,0.0,1.0
2026-04-24,20.8,logs/April/4-24/4-24 full.csv,20.8__4-24 full__s55181,47,55228,14931.28,5576.0,90.0988,61.88761670521694,72.1569,100.0,20.0,18.048,56.8627,-4.67608,-0.0139674,4.0,13.5,11.0398,10.9281,299.94,0.0,0.0,1.0
2026-04-24,20.8,logs/April/4-24/4-24 full.csv,20.8__4-24 full__s55181,48,55229,14931.32,5599.75,90.7202,61.72550325065421,69.8039,80.7843,19.71,18.048,56.8627,-4.67608,-0.0139674,4.0,13.5,11.0398,10.8856,300.94,0.0,0.0,1.0
2026-04-24,20.8,logs/April/4-24/4-24 full.csv,20.8__4-24 full__s55181,49,55230,14931.36,5636.0,90.7202,62.12508349849317,69.4118,68.6274,19.28,16.6405,53.7255,-7.11913,-0.573726,4.0,12.5,11.0845,10.843,298.94,0.0,0.0,1.0
2026-04-24,20.8,logs/April/4-24/4-24 full.csv,20.8__4-24 full__s55181,50,55231,14931.4,5653.5,91.3416,61.894032948842586,69.8039,65.8824,18.99,16.6119,54.902,-5.81665,-0.964011,4.0,12.5,9.76187,10.6748,295.95,0.0,0.0,1.0
2026-04-24,20.8,logs/April/4-24/4-24 full.csv,20.8__4-24 full__s55181,51,55232,14931.44,5617.5,91.3416,61.49990803752069,70.5882,66.2745,18.7,16.6119,54.902,-5.81665,-0.964011,5.0,12.5,9.76187,10.9281,293.95,0.0,0.0,1.0
2026-04-24,20.8,logs/April/4-24/4-24 full.csv,20.8__4-24 full__s55181,52,55233,14931.48,5657.0,91.3416,61.93235064855444,70.5882,66.6667,18.55,16.4891,54.902,-5.21032,-1.29558,5.0,12.5,9.8,10.3789,292.46,0.0,0.0,1.0
2026-05-11,20.11,logs/5-11 20.11/log0001.csv,20.11__log0001__s19168,0,19168,771.2,2629.0,25.0,105.16,100.0,100.0,3.33,16.07,80.0,10.0781,0.0,26.0,17.0,11.78,12.4,70.51,0.0,0.0,1.0
2026-05-11,20.11,logs/5-11 20.11/log0001.csv,20.11__log0001__s19168,1,19169,771.24,2660.0,26.0,102.3076923076923,100.0,100.0,3.47,16.65,80.0,10.0781,0.0,26.0,17.0,11.97,12.32,72.27,0.0,0.0,1.0
2026-05-11,20.11,logs/5-11 20.11/log0001.csv,20.11__log0001__s19168,2,19170,771.28,2684.0,26.0,103.23076923076924,100.0,100.0,3.62,16.65,80.0,10.0781,0.0,26.0,17.0,11.97,12.07,74.51,0.0,0.0,1.0
2026-05-11,20.11,logs/5-11 20.11/log0001.csv,20.11__log0001__s19168,3,19171,771.32,2680.0,27.0,99.25925925925924,100.0,100.0,3.76,16.85,80.0,10.0781,0.0,26.0,17.0,12.0,12.36,75.03,0.0,0.0,1.0
2026-05-11,20.11,logs/5-11 20.11/log0001.csv,20.11__log0001__s19168,4,19172,771.36,2721.0,27.0,100.77777777777776,100.0,100.0,3.91,16.85,80.0,10.0781,0.0,26.0,17.0,12.0,12.36,77.78,0.0,0.0,1.0
2026-05-11,20.11,logs/5-11 20.11/log0001.csv,20.11__log0001__s19168,5,19173,771.4,2761.0,27.0,102.25925925925924,100.0,100.0,4.05,17.36,80.0,10.0781,0.0,26.0,17.0,12.03,12.19,78.34,0.0,0.0,1.0
2026-05-11,20.11,logs/5-11 20.11/log0001.csv,20.11__log0001__s19168,6,19174,771.44,2787.0,27.0,103.22222222222224,100.0,100.0,4.2,17.99,80.0,10.0781,0.0,26.0,17.0,12.05,12.57,82.03,0.0,0.0,1.0
2026-05-11,20.11,logs/5-11 20.11/log0001.csv,20.11__log0001__s19168,7,19175,771.48,2806.0,27.0,103.92592592592592,100.0,100.0,4.49,17.99,80.0,10.0781,0.0,27.0,17.0,12.05,12.7,83.77,0.0,0.0,1.0
2026-05-11,20.11,logs/5-11 20.11/log0001.csv,20.11__log0001__s19168,8,19176,771.52,2854.0,27.0,105.70370370370372,100.0,100.0,4.63,18.31,80.0,10.0781,0.0,27.0,17.5,12.08,12.66,86.35,0.0,0.0,1.0
2026-05-11,20.11,logs/5-11 20.11/log0001.csv,20.11__log0001__s19168,9,19177,771.56,2886.0,28.0,103.07142857142856,100.0,100.0,4.78,18.61,80.0,10.0781,0.0,27.0,17.0,12.09,12.44,89.77,0.0,0.0,1.0
2026-05-11,20.11,logs/5-11 20.11/log0001.csv,20.11__log0001__s19168,10,19178,771.6,2912.0,28.0,104.0,100.0,100.0,5.07,18.61,80.0,10.0781,0.0,28.0,17.0,12.09,12.36,92.66,0.0,0.0,1.0
2026-05-11,20.11,logs/5-11 20.11/log0001.csv,20.11__log0001__s19168,11,19179,771.64,2938.0,29.0,101.3103448275862,100.0,100.0,5.21,18.8,80.0,10.0781,0.0,28.0,16.5,12.07,12.23,94.14,0.0,0.0,1.0
2026-05-11,20.11,logs/5-11 20.11/log0001.csv,20.11__log0001__s19168,12,19180,771.68,2943.0,29.0,101.48275862068964,100.0,100.0,5.5,18.8,80.0,10.0781,0.0,28.0,16.5,12.07,12.28,96.13,0.0,0.0,1.0
2026-05-11,20.11,logs/5-11 20.11/log0001.csv,20.11__log0001__s19168,13,19181,771.72,2977.0,29.0,102.65517241379312,100.0,100.0,5.79,19.1,80.0,10.0781,0.0,28.0,16.0,12.03,12.23,97.83,0.0,0.0,1.0
2026-05-11,20.11,logs/5-11 20.11/log0001.csv,20.11__log0001__s19168,14,19182,771.76,3014.0,29.0,103.93103448275862,100.0,100.0,5.94,19.34,80.0,10.0781,0.0,29.0,16.5,12.0,11.9,101.01,0.0,0.0,1.0
2026-05-11,20.11,logs/5-11 20.11/log0001.csv,20.11__log0001__s19168,15,19183,771.8,3056.0,30.0,101.86666666666666,100.0,100.0,6.23,19.34,80.0,10.0781,0.0,29.0,16.0,12.0,11.64,102.81,0.0,0.0,1.0
2026-05-11,20.11,logs/5-11 20.11/log0001.csv,20.11__log0001__s19168,16,19184,771.84,3076.0,30.0,102.53333333333332,100.0,100.0,6.52,19.56,80.0,10.0781,0.0,29.0,16.0,11.98,11.69,105.99,0.0,0.0,1.0
2026-05-11,20.11,logs/5-11 20.11/log0001.csv,20.11__log0001__s19168,17,19185,771.88,3126.0,30.0,104.2,100.0,100.0,6.95,19.8,80.0,10.0781,0.0,29.0,16.0,11.95,11.6,110.03,0.0,0.0,1.0
2026-05-11,20.11,logs/5-11 20.11/log0001.csv,20.11__log0001__s19168,18,19186,771.92,3167.0,30.0,105.56666666666666,100.0,100.0,6.81,19.8,80.0,10.0781,0.0,30.0,16.5,11.95,11.43,113.11,0.0,0.0,1.0
2026-05-11,20.11,logs/5-11 20.11/log0001.csv,20.11__log0001__s19168,19,19187,771.96,3187.0,31.0,102.80645161290325,100.0,100.0,7.1,20.19,79.61,10.0781,0.0,30.0,16.0,11.5,11.56,115.22,0.0,0.0,1.0
2026-05-11,20.11,logs/5-11 20.11/log0001.csv,20.11__log0001__s19168,20,19188,772.0,3214.0,31.0,103.6774193548387,100.0,100.0,7.82,20.19,79.61,10.0781,0.0,30.0,16.5,11.5,11.14,116.38,0.0,0.0,1.0
2026-05-11,20.11,logs/5-11 20.11/log0001.csv,20.11__log0001__s19168,21,19189,772.04,3240.0,32.0,101.25,100.0,100.0,8.4,20.27,79.22,10.0781,0.0,29.0,15.5,11.83,11.48,121.31,0.0,0.0,1.0
2026-05-11,20.11,logs/5-11 20.11/log0001.csv,20.11__log0001__s19168,22,19190,772.08,3265.0,32.0,102.03125,100.0,100.0,8.69,20.28,78.82,10.0781,0.0,29.0,16.0,11.77,11.39,124.44,0.0,0.0,1.0
2026-05-11,20.11,logs/5-11 20.11/log0001.csv,20.11__log0001__s19168,23,19191,772.12,3352.0,32.0,104.75,100.0,100.0,8.98,20.28,78.82,10.0781,0.0,29.0,15.5,11.77,11.56,131.26,0.0,0.0,1.0
2026-05-11,20.11,logs/5-11 20.11/log0001.csv,20.11__log0001__s19168,24,19192,772.16,3386.0,32.0,105.8125,100.0,100.0,9.42,20.28,78.43,10.0781,0.0,29.0,15.5,11.7,11.35,141.47,0.0,0.0,1.0
2026-05-11,20.11,logs/5-11 20.11/log0001.csv,20.11__log0001__s19168,25,19193,772.2,3385.0,33.0,102.57575757575758,100.0,100.0,10.0,20.28,78.04,10.0781,0.0,29.0,16.0,11.43,11.43,144.53,0.0,0.0,1.0
2026-05-11,20.11,logs/5-11 20.11/log0001.csv,20.11__log0001__s19168,26,19194,772.24,3407.0,33.0,103.24242424242424,100.0,100.0,10.43,20.28,78.04,10.0781,0.0,29.0,14.5,11.43,11.14,152.28,0.0,0.0,1.0
2026-05-11,20.11,logs/5-11 20.11/log0001.csv,20.11__log0001__s19168,27,19195,772.28,3483.0,34.0,102.44117647058825,100.0,100.0,11.01,20.28,77.65,10.0781,0.0,28.0,14.5,11.4,11.18,162.98,0.0,0.0,1.0
2026-05-11,20.11,logs/5-11 20.11/log0001.csv,20.11__log0001__s19168,28,19196,772.32,3542.0,34.0,104.17647058823528,100.0,100.0,11.3,20.28,77.65,10.0781,0.0,28.0,14.5,11.4,10.97,167.68,0.0,0.0,1.0
2026-05-11,20.11,logs/5-11 20.11/log0001.csv,20.11__log0001__s19168,29,19197,772.36,3553.0,35.0,101.51428571428572,100.0,100.0,12.17,20.28,76.86,10.0781,0.0,28.0,13.5,11.37,10.84,171.28,0.0,0.0,1.0
2026-05-11,20.11,logs/5-11 20.11/log0001.csv,20.11__log0001__s19168,30,19198,772.4,3568.0,35.0,101.94285714285714,100.0,100.0,12.75,20.28,76.47,10.0781,0.0,28.0,14.0,11.07,10.63,173.76,0.0,0.0,1.0
2026-05-11,20.11,logs/5-11 20.11/log0001.csv,20.11__log0001__s19168,31,19199,772.44,3628.0,35.0,103.65714285714286,100.0,100.0,13.62,20.28,76.47,10.0781,0.0,27.0,13.0,11.07,10.84,178.57,0.0,0.0,1.0
2026-05-11,20.11,logs/5-11 20.11/log0001.csv,20.11__log0001__s19168,32,19200,772.48,3731.0,35.0,106.6,100.0,100.0,14.06,20.58,76.08,10.0781,0.0,27.0,12.5,11.17,11.1,179.89,0.0,0.0,1.0
2026-05-11,20.11,logs/5-11 20.11/log0001.csv,20.11__log0001__s19168,33,19201,772.52,3742.0,37.0,101.13513513513512,100.0,100.0,14.93,21.05,75.29,10.0781,0.0,27.0,12.5,10.82,11.18,189.65,0.0,0.0,1.0
2026-05-11,20.11,logs/5-11 20.11/log0001.csv,20.11__log0001__s19168,34,19202,772.56,3767.0,37.0,101.8108108108108,100.0,100.0,15.8,21.05,75.29,10.0781,0.0,27.0,12.0,10.82,11.01,195.89,0.0,0.0,1.0
2026-05-11,20.11,logs/5-11 20.11/log0001.csv,20.11__log0001__s19168,35,19203,772.6,3805.0,37.0,102.83783783783784,100.0,100.0,16.52,21.22,74.9,10.0781,0.0,26.0,12.5,10.91,11.35,204.37,0.0,0.0,1.0
2026-05-11,20.11,logs/5-11 20.11/log0001.csv,20.11__log0001__s19168,36,19204,772.64,3891.0,37.0,105.16216216216216,100.0,100.0,17.39,21.22,74.9,10.0781,0.0,26.0,12.5,10.91,11.22,215.68,0.0,0.0,1.0
2026-05-11,20.11,logs/5-11 20.11/log0001.csv,20.11__log0001__s19168,37,19205,772.68,3953.0,39.0,101.35897435897436,100.0,100.0,18.12,21.74,74.12,10.0781,0.0,26.0,12.0,10.4,11.39,228.33,0.0,0.0,1.0
2026-05-11,20.11,logs/5-11 20.11/log0001.csv,20.11__log0001__s19168,38,19206,772.72,3999.0,39.0,102.53846153846152,100.0,100.0,19.42,22.29,73.33,10.0781,0.0,26.0,11.0,10.65,11.39,237.98,0.0,-1.0,1.0
2026-05-11,20.11,logs/5-11 20.11/log0001.csv,20.11__log0001__s19168,39,19207,772.76,4001.0,39.0,102.5897435897436,100.0,100.0,19.71,22.29,73.33,10.0781,0.0,25.0,10.0,10.65,11.14,248.51,0.0,-1.0,1.0
2026-05-11,20.11,logs/5-11 20.11/log0001.csv,20.11__log0001__s19168,40,19208,772.8,4039.0,39.0,103.56410256410255,100.0,100.0,20.44,22.21,71.37,7.63792,0.0,24.0,9.5,10.53,11.14,249.03,0.0,-1.0,1.0
2026-05-11,20.11,logs/5-11 20.11/log0001.csv,20.11__log0001__s19168,41,19209,772.84,4144.0,40.0,103.6,100.0,100.0,20.87,22.29,67.06,4.28148,0.26103,23.0,9.5,10.57,10.93,259.56,0.0,-1.0,1.0
2026-05-11,20.11,logs/5-11 20.11/log0001.csv,20.11__log0001__s19168,42,19210,772.88,4240.0,40.0,106.0,100.0,100.0,21.31,22.29,67.06,4.28148,0.26103,23.0,9.5,10.57,11.18,265.48,0.0,-1.0,1.0
2026-05-11,20.11,logs/5-11 20.11/log0001.csv,20.11__log0001__s19168,43,19211,772.92,4274.0,42.0,101.76190476190476,100.0,100.0,21.6,22.29,64.71,2.61813,0.44422,21.0,9.5,10.57,11.1,275.05,0.0,-1.0,1.0
2026-05-11,20.11,logs/5-11 20.11/log0001.csv,20.11__log0001__s19168,44,19212,772.96,4071.0,42.0,96.92857142857144,100.0,100.0,21.74,22.29,64.71,2.61813,0.44422,21.0,9.0,10.57,11.26,270.49,0.0,-1.0,1.0
2026-05-11,20.11,logs/5-11 20.11/log0001.csv,20.11__log0001__s19168,45,19213,773.0,4310.0,42.0,102.61904761904762,100.0,100.0,21.16,22.29,63.92,0.863824,0.536231,18.0,10.0,10.66,11.48,266.85,0.0,-1.0,1.0
2026-05-11,20.11,logs/5-11 20.11/log0001.csv,20.11__log0001__s19168,46,19214,773.04,4467.0,42.0,106.35714285714286,100.0,100.0,20.58,22.29,64.71,2.85576,0.730543,17.0,10.0,10.72,11.31,255.35,0.0,-1.0,1.0
2026-05-11,20.11,logs/5-11 20.11/log0001.csv,20.11__log0001__s19168,47,19215,773.08,4458.0,43.0,103.67441860465117,100.0,100.0,19.86,22.29,64.71,2.85576,0.730543,17.0,10.5,10.72,11.39,260.38,0.0,-1.0,1.0
2026-05-11,20.11,logs/5-11 20.11/log0001.csv,20.11__log0001__s19168,48,19216,773.12,4369.0,43.0,101.6046511627907,100.0,100.0,20.44,22.29,68.24,6.1787,1.09613,16.0,10.5,10.94,11.52,273.23,0.0,-1.0,1.0
2026-05-11,20.11,logs/5-11 20.11/log0001.csv,20.11__log0001__s19168,49,19217,773.16,4497.0,44.0,102.20454545454544,100.0,100.0,19.86,22.29,70.2,8.02923,1.58105,14.0,10.5,10.96,11.52,265.03,0.0,-1.0,1.0
2026-05-11,20.11,logs/5-11 20.11/log0001.csv,20.11__log0001__s19168,50,19218,773.2,4553.0,44.0,103.47727272727272,100.0,100.0,19.57,22.29,70.2,8.02923,1.58105,12.0,10.5,10.96,11.73,254.3,0.0,-1.0,1.0
2026-05-11,20.11,logs/5-11 20.11/log0001.csv,20.11__log0001__s19168,51,19219,773.24,4724.0,45.0,104.97777777777776,100.0,100.0,19.71,22.29,70.59,9.15987,2.15699,12.0,12.0,10.96,11.39,271.4,0.0,0.0,1.0
2026-05-11,20.11,logs/5-11 20.11/log0001.csv,20.11__log0001__s19168,52,19220,773.28,4775.0,45.0,106.11111111111111,100.0,100.0,19.71,22.29,70.59,9.15987,2.15699,11.0,12.0,10.96,11.56,277.78,0.0,0.0,1.0
2026-05-11,20.11,logs/5-11 20.11/log0001.csv,20.11__log0001__s19168,53,19221,773.32,4694.0,47.0,99.87234042553192,100.0,100.0,20.0,22.29,70.98,8.29014,2.15699,10.0,12.0,10.94,11.48,280.06,0.0,0.0,1.0
2026-05-11,20.11,logs/5-11 20.11/log0001.csv,20.11__log0001__s19168,54,19222,773.36,4518.0,47.0,96.12765957446808,100.0,100.0,20.44,22.29,69.8,6.81162,2.15699,8.0,10.5,10.96,11.43,275.96,0.0,-1.0,1.0
2026-05-11,20.11,logs/5-11 20.11/log0001.csv,20.11__log0001__s19168,55,19223,773.4,4827.0,47.0,102.70212765957449,100.0,100.0,20.15,22.29,69.8,6.81162,2.15699,7.0,12.0,10.96,11.43,276.87,0.0,0.0,1.0
2026-05-11,20.11,logs/5-11 20.11/log0001.csv,20.11__log0001__s19168,56,19224,773.44,5075.0,47.0,107.97872340425532,100.0,100.0,20.15,22.11,69.8,5.83497,2.50274,7.0,12.5,10.94,11.22,284.71,0.0,0.0,1.0
2026-05-11,20.11,logs/5-11 20.11/log0001.csv,20.11__log0001__s19168,57,19225,773.48,5020.0,48.0,104.58333333333331,100.0,100.0,20.73,21.95,70.98,6.185,2.86869,7.0,12.5,10.95,11.56,293.19,0.0,0.0,1.0
2026-05-11,20.11,logs/5-11 20.11/log0001.csv,20.11__log0001__s19168,58,19226,773.52,4867.0,48.0,101.39583333333331,100.0,100.0,20.58,21.95,70.98,6.185,2.86869,6.0,12.0,10.95,11.22,293.74,0.0,0.0,1.0
2026-05-11,20.11,logs/5-11 20.11/log0001.csv,20.11__log0001__s19168,59,19227,773.56,4892.0,49.0,99.83673469387756,100.0,100.0,21.02,22.24,69.02,4.47404,3.13873,5.0,12.0,10.95,11.31,289.3,0.0,0.0,1.0
2026-05-11,20.11,logs/5-11 20.11/log0001.csv,20.11__log0001__s19168,60,19228,773.6,5093.0,49.0,103.93877551020408,100.0,100.0,21.02,22.24,69.02,4.47404,3.13873,5.0,12.5,10.95,11.26,294.85,0.0,0.0,1.0
2026-05-11,20.11,logs/5-11 20.11/log0001.csv,20.11__log0001__s19168,61,19229,773.64,5247.0,50.0,104.94,100.0,100.0,20.87,21.85,67.45,2.05358,3.29262,5.0,13.0,10.9,11.35,298.74,0.0,0.0,1.0
2026-05-11,20.11,logs/5-11 20.11/log0001.csv,20.11__log0001__s19168,62,19230,773.68,5183.0,50.0,103.66,100.0,100.0,20.87,21.78,68.24,2.53181,3.47139,5.0,12.5,10.94,11.22,303.19,0.0,0.0,1.0
2026-05-11,20.11,logs/5-11 20.11/log0001.csv,20.11__log0001__s19168,63,19231,773.72,5134.0,51.0,100.66666666666669,100.0,100.0,21.02,21.78,68.24,2.53181,3.47139,4.0,12.5,10.94,11.52,294.85,0.0,0.0,1.0
2026-05-11,20.11,logs/5-11 20.11/log0001.csv,20.11__log0001__s19168,64,19232,773.76,5314.0,51.0,104.19607843137256,100.0,100.0,20.73,21.87,68.24,2.69652,3.65825,4.0,13.0,10.96,11.35,299.3,0.0,0.0,1.0
2026-05-11,20.11,logs/5-11 20.11/log0001.csv,20.11__log0001__s19168,65,19233,773.8,5453.0,52.0,104.8653846153846,100.0,100.0,20.44,21.3,68.24,1.92726,3.80557,4.0,13.5,11.02,11.52,300.41,0.0,0.0,1.0
2026-05-11,20.11,logs/5-11 20.11/log0001.csv,20.11__log0001__s19168,66,19234,773.84,5350.0,52.0,102.8846153846154,100.0,100.0,20.29,21.3,68.24,1.92726,3.80557,4.0,13.5,11.02,11.14,304.85,0.0,0.0,1.0
2026-05-11,20.11,logs/5-11 20.11/log0001.csv,20.11__log0001__s19168,67,19235,773.88,5360.0,53.0,101.13207547169812,100.0,100.0,20.44,21.4,69.02,2.57312,3.98648,3.0,13.5,11.04,11.14,303.19,0.0,0.0,1.0
2026-05-11,20.11,logs/5-11 20.11/log0001.csv,20.11__log0001__s19168,68,19236,773.92,5460.0,53.0,103.01886792452832,100.0,100.0,20.29,21.4,69.02,2.57312,3.98648,3.0,13.5,11.04,11.26,303.19,0.0,0.0,1.0
2026-05-11,20.11,logs/5-11 20.11/log0001.csv,20.11__log0001__s19168,69,19237,773.96,5553.0,54.0,102.83333333333331,100.0,100.0,20.15,21.17,69.41,2.52228,4.16475,3.0,12.5,11.07,11.26,305.96,-1.4,0.0,1.0
2026-05-11,20.11,logs/5-11 20.11/log0001.csv,20.11__log0001__s19168,70,19238,774.0,5638.0,54.0,104.4074074074074,100.0,100.0,19.86,20.69,69.02,1.91505,4.31144,3.0,13.0,11.24,11.05,309.85,-1.4,0.0,1.0
2026-05-11,20.11,logs/5-11 20.11/log0001.csv,20.11__log0001__s19168,71,19239,774.04,5607.0,55.0,101.94545454545457,100.0,100.0,19.86,20.69,69.02,1.91505,4.31144,3.0,13.0,11.24,11.39,312.63,-1.4,0.0,1.0
2026-05-11,20.11,logs/5-11 20.11/log0001.csv,20.11__log0001__s19168,72,19240,774.08,5595.0,55.0,101.72727272727272,100.0,100.0,19.86,20.84,70.2,2.69594,4.49827,4.0,12.5,11.11,11.18,311.52,-1.4,0.0,1.0
2026-05-11,20.11,logs/5-11 20.11/log0001.csv,20.11__log0001__s19168,73,19241,774.12,5686.0,56.0,101.53571428571428,100.0,100.0,19.86,20.25,68.63,0.827425,4.58839,3.0,13.0,11.1,11.1,313.19,-1.4,0.0,1.0
2026-05-11,20.11,logs/5-11 20.11/log0001.csv,20.11__log0001__s19168,74,19242,774.16,5777.0,56.0,103.16071428571428,100.0,100.0,19.71,20.25,68.63,0.827425,4.58839,3.0,13.5,11.1,11.48,315.96,-1.4,0.0,1.0
2026-05-11,20.11,logs/5-11 20.11/log0001.csv,20.11__log0001__s19168,75,19243,774.2,5830.0,57.0,102.28070175438596,100.0,100.0,19.57,19.64,68.24,0.182591,4.56871,4.0,13.5,11.16,11.35,316.51,-1.4,0.0,1.0
2026-05-11,20.11,logs/5-11 20.11/log0001.csv,20.11__log0001__s19168,76,19244,774.24,5846.0,57.0,102.56140350877192,100.0,100.0,19.57,19.64,68.24,0.182591,4.56871,4.0,13.5,11.16,11.26,318.64,-1.4,0.0,1.0
2026-05-11,20.11,logs/5-11 20.11/log0001.csv,20.11__log0001__s19168,77,19245,774.28,5901.0,58.0,101.74137931034484,100.0,100.0,19.57,19.58,67.84,0.118611,4.54903,4.0,14.0,11.08,11.14,318.09,-1.4,0.0,1.0
2026-05-11,20.11,logs/5-11 20.11/log0001.csv,20.11__log0001__s19168,78,19246,774.32,5981.0,58.0,103.1206896551724,100.0,100.0,19.57,19.24,67.45,-0.400278,4.50441,4.0,14.5,11.08,11.52,319.7,-1.4,0.0,1.0
2026-05-11,20.11,logs/5-11 20.11/log0001.csv,20.11__log0001__s19168,79,19247,774.36,5612.0,59.0,95.1186440677966,100.0,100.0,19.42,19.24,67.45,-0.400278,4.50441,4.0,13.0,11.08,11.64,322.33,-1.4,0.0,1.0
2026-05-11,20.11,logs/5-11 20.11/log0001.csv,20.11__log0001__s19168,80,19248,774.4,5180.0,59.0,87.79661016949153,76.47,100.0,19.57,21.17,72.16,5.02684,4.80353,4.0,11.5,11.08,12.7,292.63,-1.4,0.0,1.0
2026-05-11,20.11,logs/5-11 20.11/log0001.csv,20.11__log0001__s19168,81,19249,774.44,5505.0,58.0,94.91379310344828,34.9,82.75,17.39,16.34,60.0,-3.64024,4.60235,4.0,16.0,11.91,15.27,251.14,-1.4,0.0,1.0
2026-05-11,20.11,logs/5-11 20.11/log0001.csv,20.11__log0001__s19168,82,19250,774.48,5472.0,58.0,94.34482758620688,0.0,45.1,13.62,16.34,60.0,-3.64024,4.60235,6.0,17.0,11.91,18.64,225.58,-1.4,0.0,1.0
2026-05-11,20.11,logs/5-11 20.11/log0001.csv,20.11__log0001__s19168,83,19251,774.52,5333.0,58.0,91.94827586206895,0.0,20.78,5.5,-8.73,0.0,0.0,0.0,6.0,21.5,16.62,20.24,140.9,-0.35,0.0,1.0
2026-05-11,20.11,logs/5-11 20.11/log0001.csv,20.11__log0001__s19168,84,19252,774.56,5141.0,58.0,88.63793103448276,0.0,14.12,-2.33,-8.73,0.0,0.0,0.0,6.0,29.0,16.62,20.41,46.73,0.0,0.0,1.0
2026-05-11,20.11,logs/5-11 20.11/log0001.csv,20.11__log0001__s19168,85,19253,774.6,5027.0,58.0,86.67241379310344,0.0,12.94,-6.39,-8.73,0.0,0.0,0.0,4.0,28.0,55.85,20.37,41.2,0.0,0.0,1.0
2026-05-23,20.14,logs/5-23 20.14/log0003.csv,20.14__log0003__s28136,0,28136,2715.52,3089.0,30.0,102.96666666666668,86.67,100.0,3.76,12.0,72.16,0.0,0.0,28.0,16.0,11.92,12.15,93.26,0.0,0.0,1.0
2026-05-23,20.14,logs/5-23 20.14/log0003.csv,20.14__log0003__s28136,1,28137,2715.56,3111.0,30.0,103.7,100.0,100.0,4.05,19.38,80.0,10.1509,0.0,29.0,16.0,11.81,11.94,95.9,0.0,0.0,1.0
2026-05-23,20.14,logs/5-23 20.14/log0003.csv,20.14__log0003__s28136,2,28138,2715.6,3108.0,30.0,103.6,100.0,100.0,4.34,19.38,80.0,10.1509,0.0,29.0,15.5,11.81,11.77,96.56,0.0,0.0,1.0
2026-05-23,20.14,logs/5-23 20.14/log0003.csv,20.14__log0003__s28136,3,28139,2715.64,3131.0,30.0,104.36666666666666,100.0,100.0,4.63,19.34,80.0,10.1501,0.0,29.0,15.5,11.8,11.94,97.78,0.0,0.0,1.0
2026-05-23,20.14,logs/5-23 20.14/log0003.csv,20.14__log0003__s28136,4,28140,2715.68,3175.0,31.0,102.41935483870968,100.0,100.0,4.92,19.62,80.0,10.1501,0.0,28.0,15.5,11.75,11.77,101.1,0.0,0.0,1.0
2026-05-23,20.14,logs/5-23 20.14/log0003.csv,20.14__log0003__s28136,5,28141,2715.72,3219.0,31.0,103.83870967741936,100.0,100.0,5.21,19.62,80.0,10.1501,0.0,29.0,15.5,11.75,11.73,103.22,0.0,0.0,1.0
2026-05-23,20.14,logs/5-23 20.14/log0003.csv,20.14__log0003__s28136,6,28142,2715.76,3260.0,32.0,101.875,100.0,100.0,5.5,19.85,80.0,10.1495,0.0,29.0,15.5,11.66,11.94,107.46,0.0,0.0,1.0
2026-05-23,20.14,logs/5-23 20.14/log0003.csv,20.14__log0003__s28136,7,28143,2715.8,3257.0,32.0,101.78125,100.0,100.0,5.79,19.85,80.0,10.1495,0.0,29.0,15.0,11.61,11.77,110.92,0.0,0.0,1.0
2026-05-23,20.14,logs/5-23 20.14/log0003.csv,20.14__log0003__s28136,8,28144,2715.84,3277.0,32.0,102.40625,100.0,100.0,6.08,19.85,80.0,10.1495,0.0,28.0,15.0,11.61,11.52,112.64,0.0,0.0,1.0
2026-05-23,20.14,logs/5-23 20.14/log0003.csv,20.14__log0003__s28136,9,28145,2715.88,3324.0,32.0,103.875,100.0,100.0,6.52,19.85,79.61,10.1491,0.0,28.0,14.5,11.52,11.6,117.17,0.0,0.0,1.0
2026-05-23,20.14,logs/5-23 20.14/log0003.csv,20.14__log0003__s28136,10,28146,2715.92,3355.0,33.0,101.66666666666669,100.0,100.0,6.81,19.85,79.61,10.1491,0.0,28.0,14.5,11.52,11.48,119.19,0.0,0.0,1.0
2026-05-23,20.14,logs/5-23 20.14/log0003.csv,20.14__log0003__s28136,11,28147,2715.96,3386.0,33.0,102.6060606060606,100.0,100.0,7.24,19.85,79.22,10.1491,0.0,28.0,15.0,11.44,11.64,126.14,0.0,0.0,1.0
2026-05-23,20.14,logs/5-23 20.14/log0003.csv,20.14__log0003__s28136,12,28148,2716.0,3422.0,34.0,100.6470588235294,100.0,100.0,7.68,19.85,78.82,10.1488,0.0,28.0,14.0,11.36,11.6,128.55,0.0,0.0,1.0
2026-05-23,20.14,logs/5-23 20.14/log0003.csv,20.14__log0003__s28136,13,28149,2716.04,3445.0,34.0,101.32352941176472,100.0,100.0,8.11,19.85,78.82,10.1488,0.0,28.0,14.0,11.36,11.6,139.01,0.0,0.0,1.0
2026-05-23,20.14,logs/5-23 20.14/log0003.csv,20.14__log0003__s28136,14,28150,2716.08,3482.0,34.0,102.41176470588236,100.0,100.0,8.4,19.85,78.43,10.1488,0.0,28.0,13.0,11.27,11.48,140.97,0.0,0.0,1.0
2026-05-23,20.14,logs/5-23 20.14/log0003.csv,20.14__log0003__s28136,15,28151,2716.12,3519.0,34.0,103.5,100.0,100.0,8.98,19.85,78.04,10.1483,0.0,28.0,13.5,11.12,11.39,151.32,0.0,0.0,1.0
2026-05-23,20.14,logs/5-23 20.14/log0003.csv,20.14__log0003__s28136,16,28152,2716.16,3548.0,35.0,101.37142857142857,100.0,100.0,9.42,19.85,78.04,10.1483,0.0,28.0,12.0,11.12,11.35,156.68,0.0,0.0,1.0
2026-05-23,20.14,logs/5-23 20.14/log0003.csv,20.14__log0003__s28136,17,28153,2716.2,3579.0,35.0,102.25714285714284,100.0,100.0,10.0,19.85,77.65,10.1483,0.0,28.0,11.5,10.99,11.01,163.43,0.0,0.0,1.0
2026-05-23,20.14,logs/5-23 20.14/log0003.csv,20.14__log0003__s28136,18,28154,2716.24,3644.0,35.0,104.11428571428571,100.0,100.0,10.43,19.85,77.65,10.1483,0.0,28.0,11.5,10.99,10.89,170.28,0.0,0.0,1.0
2026-05-23,20.14,logs/5-23 20.14/log0003.csv,20.14__log0003__s28136,19,28155,2716.28,3672.0,35.0,104.91428571428573,100.0,100.0,11.16,20.08,76.86,10.1479,0.0,28.0,11.0,10.92,10.8,172.02,0.0,0.0,1.0
2026-05-23,20.14,logs/5-23 20.14/log0003.csv,20.14__log0003__s28136,20,28156,2716.32,3702.0,36.0,102.83333333333331,100.0,100.0,12.03,20.34,76.47,10.1479,0.0,27.0,11.5,10.81,10.42,174.61,0.0,0.0,1.0
2026-05-23,20.14,logs/5-23 20.14/log0003.csv,20.14__log0003__s28136,21,28157,2716.36,3742.0,36.0,103.94444444444444,100.0,100.0,12.61,20.34,76.47,10.1479,0.0,27.0,11.0,10.81,10.55,176.43,0.0,0.0,1.0
2026-05-23,20.14,logs/5-23 20.14/log0003.csv,20.14__log0003__s28136,22,28158,2716.4,3824.0,37.0,103.35135135135135,100.0,100.0,13.19,20.72,75.69,10.1474,0.0,27.0,11.0,10.71,10.55,182.44,0.0,0.0,1.0
2026-05-23,20.14,logs/5-23 20.14/log0003.csv,20.14__log0003__s28136,23,28159,2716.44,3829.0,37.0,103.48648648648648,100.0,100.0,14.06,21.11,74.51,9.53469,0.0,27.0,10.5,10.31,10.38,190.61,0.0,0.0,1.0
2026-05-23,20.14,logs/5-23 20.14/log0003.csv,20.14__log0003__s28136,24,28160,2716.48,3865.0,38.0,101.71052631578948,100.0,100.0,15.07,21.11,74.51,9.53469,0.0,26.0,10.5,10.31,10.63,197.81,0.0,0.0,1.0
2026-05-23,20.14,logs/5-23 20.14/log0003.csv,20.14__log0003__s28136,25,28161,2716.52,3942.0,38.0,103.73684210526316,100.0,100.0,15.65,21.27,74.51,9.06118,0.0,26.0,10.0,10.69,10.59,209.08,0.0,0.0,1.0
2026-05-23,20.14,logs/5-23 20.14/log0003.csv,20.14__log0003__s28136,26,28162,2716.56,3993.0,39.0,102.3846153846154,100.0,100.0,16.38,21.27,74.51,9.06118,0.0,26.0,10.0,10.69,10.76,218.98,0.0,0.0,1.0
2026-05-23,20.14,logs/5-23 20.14/log0003.csv,20.14__log0003__s28136,27,28163,2716.6,4021.0,39.0,103.1025641025641,100.0,100.0,17.68,21.83,72.94,8.69355,0.0,25.0,10.0,10.54,10.93,227.23,0.0,0.0,1.0
2026-05-23,20.14,logs/5-23 20.14/log0003.csv,20.14__log0003__s28136,28,28164,2716.64,4101.0,40.0,102.525,100.0,100.0,17.97,21.86,72.94,7.8909,0.0,24.0,10.0,10.5,10.84,236.4,0.0,0.0,1.0
2026-05-23,20.14,logs/5-23 20.14/log0003.csv,20.14__log0003__s28136,29,28165,2716.68,4130.0,40.0,103.25,100.0,100.0,18.7,21.86,72.94,7.8909,0.0,24.0,9.5,10.5,10.84,250.09,0.0,0.0,1.0
2026-05-23,20.14,logs/5-23 20.14/log0003.csv,20.14__log0003__s28136,30,28166,2716.72,4169.0,41.0,101.6829268292683,100.0,100.0,19.57,21.86,72.94,6.85438,0.0,23.0,9.0,10.03,10.76,255.35,0.0,0.0,1.0
2026-05-23,20.14,logs/5-23 20.14/log0003.csv,20.14__log0003__s28136,31,28167,2716.76,4239.0,41.0,103.39024390243902,100.0,100.0,20.0,21.86,72.94,6.49873,0.0,22.0,8.5,10.49,10.72,260.67,0.0,0.0,1.0
2026-05-23,20.14,logs/5-23 20.14/log0003.csv,20.14__log0003__s28136,32,28168,2716.8,4324.0,42.0,102.95238095238096,100.0,100.0,20.44,21.86,72.94,6.49873,0.0,21.0,8.5,10.49,10.72,270.09,0.0,0.0,1.0
2026-05-23,20.14,logs/5-23 20.14/log0003.csv,20.14__log0003__s28136,33,28169,2716.84,4199.0,42.0,99.97619047619048,100.0,100.0,20.87,21.86,70.59,3.64068,0.0,20.0,8.0,10.51,10.89,267.85,0.0,0.0,1.0
2026-05-23,20.14,logs/5-23 20.14/log0003.csv,20.14__log0003__s28136,34,28170,2716.88,4392.0,43.0,102.13953488372093,100.0,100.0,20.58,21.86,70.59,3.64068,0.0,18.0,8.5,10.51,10.93,274.08,0.0,0.0,1.0
2026-05-23,20.14,logs/5-23 20.14/log0003.csv,20.14__log0003__s28136,35,28171,2716.92,4570.0,43.0,106.27906976744184,100.0,100.0,20.87,21.86,70.98,3.68846,0.233691,16.0,9.0,10.64,10.59,282.04,0.0,0.0,1.0
2026-05-23,20.14,logs/5-23 20.14/log0003.csv,20.14__log0003__s28136,36,28172,2716.96,4421.0,43.0,102.81395348837208,100.0,100.0,21.02,21.86,69.41,2.11807,0.391256,17.0,8.5,10.68,10.76,276.35,0.0,0.0,1.0
2026-05-23,20.14,logs/5-23 20.14/log0003.csv,20.14__log0003__s28136,37,28173,2717.0,4327.0,43.0,100.6279069767442,100.0,100.0,20.87,21.86,69.41,2.11807,0.391256,15.0,8.0,10.68,11.05,288.87,0.0,0.0,1.0
2026-05-23,20.14,logs/5-23 20.14/log0003.csv,20.14__log0003__s28136,38,28174,2717.04,4591.0,45.0,102.02222222222224,100.0,100.0,20.58,21.86,70.2,2.54852,0.571209,12.0,9.0,10.77,10.84,288.3,0.0,0.0,1.0
2026-05-23,20.14,logs/5-23 20.14/log0003.csv,20.14__log0003__s28136,39,28175,2717.08,4608.0,45.0,102.4,100.0,100.0,20.58,21.86,71.76,3.78411,0.809375,13.0,9.0,10.82,10.8,289.43,0.0,0.0,1.0
2026-05-23,20.14,logs/5-23 20.14/log0003.csv,20.14__log0003__s28136,40,28176,2717.12,4630.0,45.0,102.88888888888889,100.0,100.0,20.0,21.86,71.76,3.78411,0.809375,11.0,9.0,10.82,10.8,267.25,0.0,0.0,1.0
2026-05-23,20.14,logs/5-23 20.14/log0003.csv,20.14__log0003__s28136,41,28177,2717.16,4804.0,45.0,106.75555555555556,100.0,100.0,20.0,21.86,73.33,6.63753,1.20149,10.0,9.0,10.92,10.59,298.51,0.0,0.0,1.0
2026-05-23,20.14,logs/5-23 20.14/log0003.csv,20.14__log0003__s28136,42,28178,2717.2,4851.0,47.0,103.2127659574468,100.0,100.0,20.0,21.86,73.33,6.63753,1.20149,9.0,9.0,10.92,11.01,303.05,0.0,0.0,1.0
2026-05-23,20.14,logs/5-23 20.14/log0003.csv,20.14__log0003__s28136,43,28179,2717.24,4740.0,47.0,100.85106382978724,100.0,100.0,20.29,21.84,73.73,5.694,1.20149,8.0,9.0,10.92,10.59,305.31,0.0,0.0,1.0
2026-05-23,20.14,logs/5-23 20.14/log0003.csv,20.14__log0003__s28136,44,28180,2717.28,4778.0,47.0,101.65957446808513,100.0,100.0,20.58,21.86,72.16,3.97542,1.20149,7.0,9.0,10.92,10.63,307.58,0.0,0.0,1.0
2026-05-23,20.14,logs/5-23 20.14/log0003.csv,20.14__log0003__s28136,45,28181,2717.32,4910.0,47.0,104.46808510638296,100.0,100.0,20.73,21.86,72.16,3.97542,1.20149,6.0,9.0,10.92,10.59,310.41,0.0,0.0,1.0
2026-05-23,20.14,logs/5-23 20.14/log0003.csv,20.14__log0003__s28136,46,28182,2717.36,4982.0,48.0,103.79166666666669,100.0,100.0,20.87,21.71,70.98,2.57383,1.38276,7.0,9.0,10.91,10.42,316.08,0.0,0.0,1.0
2026-05-23,20.14,logs/5-23 20.14/log0003.csv,20.14__log0003__s28136,47,28183,2717.4,5012.0,48.0,104.41666666666669,37.65,100.0,20.87,17.5,53.73,-7.14994,0.759987,6.0,9.0,10.92,10.38,320.61,0.0,0.0,1.0
2026-05-23,20.14,logs/5-23 20.14/log0003.csv,20.14__log0003__s28136,48,28184,2717.44,5074.0,49.0,103.55102040816328,0.0,46.27,19.71,17.5,53.73,-7.14994,0.759987,6.0,-10.5,10.92,10.42,319.47,0.0,0.0,1.0
2026-05-23,20.14,logs/5-23 20.14/log0003.csv,20.14__log0003__s28136,49,28185,2717.48,5029.0,49.0,102.63265306122447,0.0,19.61,10.58,-9.15,0.0,0.0,0.0,5.0,-3.5,12.5,10.42,183.89,0.0,0.0,1.0
2026-05-23,20.14,logs/5-23 20.14/log0003.csv,20.14__log0003__s28136,50,28186,2717.52,5152.0,49.0,105.14285714285714,0.0,14.12,0.28,-9.15,0.0,0.0,0.0,4.0,0.5,12.5,10.51,136.68,0.0,0.0,1.0
2026-05-23,20.14,logs/5-23 20.14/log0003.csv,20.14__log0003__s28136,51,28187,2717.56,5245.0,49.0,107.04081632653062,0.0,12.94,-5.09,-9.15,0.0,0.0,0.0,3.0,-0.5,13.91,10.59,37.67,0.0,0.0,1.0
2026-05-23,20.14,logs/5-23 20.14/log0003.csv,20.14__log0003__s28136,52,28188,2717.6,5089.0,49.0,103.85714285714286,0.0,12.55,-7.55,-9.15,0.0,0.0,0.0,2.0,2.5,14.2,10.89,17.94,0.0,0.0,1.0
2026-06-07,20.17a,logs/6-7 BIG 20.17a fixed/log0001.csv,20.17a__log0001__s36334,0,36334,4606.76,3638.0,31.0,117.35483870967742,80.39,100.0,4.92,18.87,69.41,10.2422,0.0,4.0,18.0,11.79,16.95,107.15,0.0,0.0,1.0
2026-06-07,20.17a,logs/6-7 BIG 20.17a fixed/log0001.csv,20.17a__log0001__s36334,1,36335,4606.8,3344.0,31.0,107.87096774193547,80.39,100.0,5.5,19.66,73.73,10.2413,0.0,5.0,16.5,12.34,18.55,106.24,0.0,0.0,1.0
2026-06-07,20.17a,logs/6-7 BIG 20.17a fixed/log0001.csv,20.17a__log0001__s36334,2,36336,4606.84,3057.0,32.0,95.53125,79.61,100.0,5.79,18.99,78.43,10.2413,0.0,5.0,15.0,12.19,18.05,93.26,0.0,0.0,1.0
2026-06-07,20.17a,logs/6-7 BIG 20.17a fixed/log0001.csv,20.17a__log0001__s36334,3,36337,4606.88,3054.0,32.0,95.4375,81.96,100.0,5.79,18.99,78.43,10.2413,0.0,5.0,14.5,12.19,16.45,89.29,0.0,0.0,1.0
2026-06-07,20.17a,logs/6-7 BIG 20.17a fixed/log0001.csv,20.17a__log0001__s36334,4,36338,4606.92,3264.0,32.0,102.0,88.63,100.0,5.94,20.09,80.0,10.2399,0.0,5.0,7.5,12.08,16.36,91.99,0.0,0.0,1.0
2026-06-07,20.17a,logs/6-7 BIG 20.17a fixed/log0001.csv,20.17a__log0001__s36334,5,36339,4606.96,3373.0,32.0,105.40625,94.12,100.0,6.23,20.09,80.0,10.2399,0.0,7.0,8.0,12.08,14.59,98.68,0.0,0.0,1.0
2026-06-07,20.17a,logs/6-7 BIG 20.17a fixed/log0001.csv,20.17a__log0001__s36334,6,36340,4607.0,3294.0,32.0,102.9375,93.73,100.0,6.52,20.41,79.22,10.2399,0.0,8.0,15.0,12.05,13.08,101.71,0.0,0.0,1.0
2026-06-07,20.17a,logs/6-7 BIG 20.17a fixed/log0001.csv,20.17a__log0001__s36334,7,36341,4607.04,3281.0,32.0,102.53125,91.37,100.0,6.81,20.41,79.61,10.2382,0.0,9.0,14.5,11.89,12.66,102.31,0.0,0.0,1.0
2026-06-07,20.17a,logs/6-7 BIG 20.17a fixed/log0001.csv,20.17a__log0001__s36334,8,36342,4607.08,3313.0,33.0,100.3939393939394,90.98,100.0,7.1,20.41,79.61,10.2382,0.0,10.0,14.5,11.89,12.57,103.22,0.0,0.0,1.0
2026-06-07,20.17a,logs/6-7 BIG 20.17a fixed/log0001.csv,20.17a__log0001__s36334,9,36343,4607.12,3376.0,33.0,102.3030303030303,91.37,100.0,7.24,20.41,79.61,10.2382,0.0,11.0,14.5,11.76,12.57,105.93,0.0,0.0,1.0
2026-06-07,20.17a,logs/6-7 BIG 20.17a fixed/log0001.csv,20.17a__log0001__s36334,10,36344,4607.16,3439.0,34.0,101.1470588235294,91.37,100.0,7.53,20.41,78.43,10.2363,0.0,12.0,14.5,11.61,12.7,112.14,0.0,0.0,1.0
2026-06-07,20.17a,logs/6-7 BIG 20.17a fixed/log0001.csv,20.17a__log0001__s36334,11,36345,4607.2,3455.0,34.0,101.61764705882354,90.98,100.0,7.82,20.41,78.43,10.2363,0.0,14.0,14.0,11.61,12.74,115.97,0.0,0.0,1.0
2026-06-07,20.17a,logs/6-7 BIG 20.17a fixed/log0001.csv,20.17a__log0001__s36334,12,36346,4607.24,3458.0,34.0,101.70588235294116,89.41,100.0,8.11,20.41,78.43,10.2363,0.0,15.0,14.0,11.37,12.57,115.67,0.0,0.0,1.0
2026-06-07,20.17a,logs/6-7 BIG 20.17a fixed/log0001.csv,20.17a__log0001__s36334,13,36347,4607.28,3481.0,34.0,102.38235294117646,88.63,100.0,8.4,20.41,78.43,10.2363,0.0,15.0,14.0,11.37,12.61,119.5,0.0,0.0,1.0
2026-06-07,20.17a,logs/6-7 BIG 20.17a fixed/log0001.csv,20.17a__log0001__s36334,14,36348,4607.32,3564.0,35.0,101.82857142857142,87.84,100.0,8.84,20.41,78.43,10.2348,0.0,17.0,13.5,11.28,12.66,126.55,0.0,0.0,1.0
2026-06-07,20.17a,logs/6-7 BIG 20.17a fixed/log0001.csv,20.17a__log0001__s36334,15,36349,4607.36,3580.0,35.0,102.28571428571428,87.06,100.0,9.13,20.41,77.65,10.2348,0.0,18.0,13.5,11.1,12.49,130.95,0.0,0.0,1.0
2026-06-07,20.17a,logs/6-7 BIG 20.17a fixed/log0001.csv,20.17a__log0001__s36334,16,36350,4607.4,3585.0,35.0,102.42857142857144,85.49,100.0,9.56,20.41,77.65,10.2348,0.0,19.0,12.5,11.1,12.44,138.03,0.0,0.0,1.0
2026-06-07,20.17a,logs/6-7 BIG 20.17a fixed/log0001.csv,20.17a__log0001__s36334,17,36351,4607.44,3633.0,35.0,103.8,82.35,100.0,10.0,20.31,76.47,10.233,0.0,20.0,12.5,11.0,12.36,141.19,0.0,0.0,1.0
2026-06-07,20.17a,logs/6-7 BIG 20.17a fixed/log0001.csv,20.17a__log0001__s36334,18,36352,4607.48,3663.0,36.0,101.75,81.57,100.0,10.43,20.26,74.12,10.233,0.0,20.0,12.0,10.8,12.11,149.0,0.0,0.0,1.0
2026-06-07,20.17a,logs/6-7 BIG 20.17a fixed/log0001.csv,20.17a__log0001__s36334,19,36353,4607.52,3729.0,36.0,103.58333333333331,80.78,100.0,10.87,20.26,74.12,10.233,0.0,22.0,11.5,10.8,11.69,158.27,0.0,0.0,1.0
2026-06-07,20.17a,logs/6-7 BIG 20.17a fixed/log0001.csv,20.17a__log0001__s36334,20,36354,4607.56,3731.0,37.0,100.83783783783784,80.39,100.0,11.45,20.26,73.33,10.231,0.0,23.0,11.0,10.83,11.64,163.04,0.0,0.0,1.0
2026-06-07,20.17a,logs/6-7 BIG 20.17a fixed/log0001.csv,20.17a__log0001__s36334,21,36355,4607.6,3785.0,37.0,102.29729729729728,79.61,100.0,11.88,20.26,73.33,10.231,0.0,23.0,11.0,10.83,11.26,167.8,0.0,0.0,1.0
2026-06-07,20.17a,logs/6-7 BIG 20.17a fixed/log0001.csv,20.17a__log0001__s36334,22,36356,4607.64,3791.0,37.0,102.45945945945944,78.82,100.0,12.46,19.93,72.16,10.231,0.0,23.0,11.0,10.83,10.89,168.95,0.0,0.0,1.0
2026-06-07,20.17a,logs/6-7 BIG 20.17a fixed/log0001.csv,20.17a__log0001__s36334,23,36357,4607.68,3865.0,37.0,104.45945945945944,78.04,100.0,12.9,19.07,70.2,9.19407,0.0,24.0,10.5,10.54,10.93,171.84,0.0,0.0,1.0
2026-06-07,20.17a,logs/6-7 BIG 20.17a fixed/log0001.csv,20.17a__log0001__s36334,24,36358,4607.72,3882.0,38.0,102.15789473684212,78.04,100.0,13.48,19.07,70.2,9.19407,0.0,25.0,10.5,10.54,10.89,174.19,0.0,0.0,1.0
2026-06-07,20.17a,logs/6-7 BIG 20.17a fixed/log0001.csv,20.17a__log0001__s36334,25,36359,4607.76,3929.0,38.0,103.39473684210526,77.65,100.0,14.06,19.07,69.8,8.68891,0.0,24.0,11.0,10.56,10.76,176.43,0.0,0.0,1.0
2026-06-07,20.17a,logs/6-7 BIG 20.17a fixed/log0001.csv,20.17a__log0001__s36334,26,36360,4607.8,3993.0,39.0,102.3846153846154,77.25,100.0,14.78,18.87,68.63,8.00859,0.0,24.0,10.5,10.44,10.63,180.03,0.0,0.0,1.0
2026-06-07,20.17a,logs/6-7 BIG 20.17a fixed/log0001.csv,20.17a__log0001__s36334,27,36361,4607.84,3996.0,39.0,102.46153846153848,76.86,100.0,15.36,18.87,68.63,8.00859,0.0,24.0,10.5,10.44,10.84,185.33,0.0,0.0,1.0
2026-06-07,20.17a,logs/6-7 BIG 20.17a fixed/log0001.csv,20.17a__log0001__s36334,28,36362,4607.88,4039.0,40.0,100.975,76.08,100.0,16.23,18.78,68.63,7.31548,0.676827,23.0,10.5,10.32,11.01,192.53,0.0,0.0,1.0
2026-06-07,20.17a,logs/6-7 BIG 20.17a fixed/log0001.csv,20.17a__log0001__s36334,29,36363,4607.92,4105.0,40.0,102.625,75.29,100.0,16.67,18.78,68.63,7.31548,0.676827,23.0,10.0,10.32,11.14,203.27,0.0,0.0,1.0
2026-06-07,20.17a,logs/6-7 BIG 20.17a fixed/log0001.csv,20.17a__log0001__s36334,30,36364,4607.96,4151.0,40.0,103.775,74.12,95.69,17.25,18.67,67.84,6.54052,1.06342,23.0,9.5,10.19,11.26,210.73,0.0,0.0,1.0
2026-06-07,20.17a,logs/6-7 BIG 20.17a fixed/log0001.csv,20.17a__log0001__s36334,31,36365,4608.0,4171.0,40.0,104.275,72.94,78.43,17.97,18.59,63.92,2.61822,1.23362,21.0,9.5,10.35,11.1,218.98,0.0,0.0,1.0
2026-06-07,20.17a,logs/6-7 BIG 20.17a fixed/log0001.csv,20.17a__log0001__s36334,32,36366,4608.04,4228.0,41.0,103.1219512195122,72.16,70.2,18.41,18.59,63.92,2.61822,1.23362,21.0,9.5,10.35,11.01,223.93,0.0,0.0,1.0
2026-06-07,20.17a,logs/6-7 BIG 20.17a fixed/log0001.csv,20.17a__log0001__s36334,33,36367,4608.08,4306.0,41.0,105.02439024390245,70.59,66.27,18.55,18.56,61.96,0.659822,1.27939,20.0,9.5,10.37,11.1,230.53,0.0,0.0,1.0
2026-06-07,20.17a,logs/6-7 BIG 20.17a fixed/log0001.csv,20.17a__log0001__s36334,34,36368,4608.12,4305.0,42.0,102.5,66.27,63.53,18.99,18.46,60.0,-0.930907,1.23448,19.0,9.0,10.41,11.18,237.98,0.0,0.0,1.0
2026-06-07,20.17a,logs/6-7 BIG 20.17a fixed/log0001.csv,20.17a__log0001__s36334,35,36369,4608.16,4347.0,42.0,103.5,61.96,59.22,18.84,18.46,60.0,-0.930907,1.23448,17.0,9.0,10.41,11.05,229.43,0.0,0.0,1.0
2026-06-07,20.17a,logs/6-7 BIG 20.17a fixed/log0001.csv,20.17a__log0001__s601071,0,601071,4740.72,2740.0,68.0,40.294117647058826,78.04,100.0,2.31,12.91,80.0,10.1862,0.0,23.0,15.5,12.4,12.07,66.38,0.0,0.0,1.0
2026-06-07,20.17a,logs/6-7 BIG 20.17a fixed/log0001.csv,20.17a__log0001__s601071,1,601072,4740.76,2678.0,68.0,39.38235294117647,81.96,100.0,2.46,16.1,80.0,10.1862,0.0,24.0,15.5,12.33,11.94,66.6,0.0,0.0,1.0
2026-06-07,20.17a,logs/6-7 BIG 20.17a fixed/log0001.csv,20.17a__log0001__s601071,2,601073,4740.8,2713.0,68.0,39.89705882352941,85.88,100.0,2.6,15.48,80.0,10.1857,0.0,24.0,15.5,12.2,12.66,65.67,0.0,0.0,1.0
2026-06-07,20.17a,logs/6-7 BIG 20.17a fixed/log0001.csv,20.17a__log0001__s601071,3,601074,4740.84,2740.0,68.0,40.294117647058826,88.63,100.0,2.75,15.48,80.0,10.1857,0.0,25.0,15.5,12.2,12.99,68.68,0.0,0.0,1.0
2026-06-07,20.17a,logs/6-7 BIG 20.17a fixed/log0001.csv,20.17a__log0001__s601071,4,601075,4740.88,2706.0,68.0,39.794117647058826,89.41,100.0,2.89,15.53,80.0,10.1857,0.0,25.0,15.5,12.07,12.91,68.36,0.0,0.0,1.0
2026-06-07,20.17a,logs/6-7 BIG 20.17a fixed/log0001.csv,20.17a__log0001__s601071,5,601076,4740.92,2721.0,68.0,40.01470588235294,89.41,100.0,3.04,15.53,80.0,10.1857,0.0,25.0,15.5,12.07,12.99,69.73,0.0,0.0,1.0
2026-06-07,20.17a,logs/6-7 BIG 20.17a fixed/log0001.csv,20.17a__log0001__s601071,6,601077,4740.96,2705.0,69.0,39.20289855072464,89.41,100.0,3.18,16.2,80.0,10.1854,0.0,26.0,15.0,11.94,12.99,69.95,0.0,0.0,1.0
2026-06-07,20.17a,logs/6-7 BIG 20.17a fixed/log0001.csv,20.17a__log0001__s601071,7,601078,4741.0,2726.0,69.0,39.5072463768116,89.41,100.0,3.33,15.63,80.0,10.1854,0.0,26.0,15.0,11.96,12.78,69.51,0.0,0.0,1.0
2026-06-07,20.17a,logs/6-7 BIG 20.17a fixed/log0001.csv,20.17a__log0001__s601071,8,601079,4741.04,2745.0,69.0,39.78260869565217,89.41,100.0,3.47,15.63,80.0,10.1854,0.0,27.0,15.0,11.96,12.87,70.17,0.0,0.0,1.0
2026-06-07,20.17a,logs/6-7 BIG 20.17a fixed/log0001.csv,20.17a__log0001__s601071,9,601080,4741.08,2722.0,69.0,39.44927536231884,89.8,100.0,3.62,15.83,80.0,10.1851,0.0,27.0,15.0,11.98,12.91,70.94,0.0,0.0,1.0
2026-06-07,20.17a,logs/6-7 BIG 20.17a fixed/log0001.csv,20.17a__log0001__s601071,10,601081,4741.12,2758.0,69.0,39.971014492753625,89.8,100.0,3.76,16.05,80.0,10.1851,0.0,27.0,15.0,12.0,12.7,73.67,0.0,0.0,1.0
2026-06-07,20.17a,logs/6-7 BIG 20.17a fixed/log0001.csv,20.17a__log0001__s601071,11,601082,4741.16,2723.0,69.0,39.46376811594203,89.8,100.0,3.91,16.05,80.0,10.1851,0.0,27.0,15.0,12.0,12.78,73.99,0.0,0.0,1.0
2026-06-07,20.17a,logs/6-7 BIG 20.17a fixed/log0001.csv,20.17a__log0001__s601071,12,601083,4741.2,2735.0,69.0,39.63768115942029,89.8,100.0,4.05,15.75,80.0,10.185,0.0,27.0,14.5,12.01,12.78,74.54,0.0,0.0,1.0
2026-06-07,20.17a,logs/6-7 BIG 20.17a fixed/log0001.csv,20.17a__log0001__s601071,13,601084,4741.24,2745.0,69.0,39.78260869565217,89.8,100.0,4.2,15.75,80.0,10.185,0.0,27.0,14.5,12.01,12.7,75.47,0.0,0.0,1.0
2026-06-07,20.17a,logs/6-7 BIG 20.17a fixed/log0001.csv,20.17a__log0001__s601071,14,601085,4741.28,2739.0,70.0,39.12857142857143,89.8,100.0,4.34,16.17,80.0,10.185,0.0,27.0,14.5,12.02,12.78,78.35,0.0,0.0,1.0
2026-06-07,20.17a,logs/6-7 BIG 20.17a fixed/log0001.csv,20.17a__log0001__s601071,15,601086,4741.32,2760.0,70.0,39.42857142857143,89.41,100.0,4.49,16.16,80.0,10.1848,0.0,27.0,14.0,12.03,12.78,77.65,0.0,0.0,1.0
2026-06-07,20.17a,logs/6-7 BIG 20.17a fixed/log0001.csv,20.17a__log0001__s601071,16,601087,4741.36,2761.0,70.0,39.44285714285714,89.41,100.0,4.63,16.16,80.0,10.1848,0.0,27.0,14.0,12.03,12.87,78.6,0.0,0.0,1.0
2026-06-07,20.17a,logs/6-7 BIG 20.17a fixed/log0001.csv,20.17a__log0001__s601071,17,601088,4741.4,2751.0,70.0,39.3,89.41,100.0,4.78,16.36,80.0,10.1848,0.0,27.0,14.0,12.04,12.78,79.53,0.0,0.0,1.0
2026-06-07,20.17a,logs/6-7 BIG 20.17a fixed/log0001.csv,20.17a__log0001__s601071,18,601089,4741.44,2753.0,70.0,39.32857142857143,89.02,100.0,4.92,16.33,80.0,10.184,0.0,27.0,14.0,12.04,12.7,80.63,0.0,0.0,1.0
2026-06-07,20.17a,logs/6-7 BIG 20.17a fixed/log0001.csv,20.17a__log0001__s601071,19,601090,4741.48,2755.0,70.0,39.35714285714285,88.63,100.0,5.07,16.33,80.0,10.184,0.0,27.0,13.5,12.04,12.7,81.3,0.0,0.0,1.0
2026-06-07,20.17a,logs/6-7 BIG 20.17a fixed/log0001.csv,20.17a__log0001__s601071,20,601091,4741.52,2775.0,70.0,39.642857142857146,88.63,100.0,5.21,16.83,80.0,10.184,0.0,28.0,13.5,12.03,12.66,81.35,0.0,0.0,1.0
2026-06-07,20.17a,logs/6-7 BIG 20.17a fixed/log0001.csv,20.17a__log0001__s601071,21,601092,4741.56,2773.0,70.0,39.614285714285714,88.24,100.0,5.36,16.83,80.0,10.184,0.0,28.0,13.5,12.03,12.82,82.12,0.0,0.0,1.0
2026-06-07,20.17a,logs/6-7 BIG 20.17a fixed/log0001.csv,20.17a__log0001__s601071,22,601093,4741.6,2784.0,70.0,39.77142857142857,88.24,100.0,5.5,16.72,80.0,10.1834,0.0,28.0,13.5,12.03,12.78,83.39,0.0,0.0,1.0
2026-06-07,20.17a,logs/6-7 BIG 20.17a fixed/log0001.csv,20.17a__log0001__s601071,23,601094,4741.64,2771.0,70.0,39.58571428571429,88.24,100.0,5.65,16.9,80.0,10.1834,0.0,28.0,13.0,12.02,12.7,83.6,0.0,0.0,1.0
2026-06-07,20.17a,logs/6-7 BIG 20.17a fixed/log0001.csv,20.17a__log0001__s601071,24,601095,4741.68,2773.0,70.0,39.614285714285714,88.24,100.0,5.79,16.9,80.0,10.1834,0.0,28.0,13.5,12.02,12.66,83.22,0.0,0.0,1.0
2026-06-07,20.17a,logs/6-7 BIG 20.17a fixed/log0001.csv,20.17a__log0001__s601071,25,601096,4741.72,2774.0,70.0,39.62857142857143,88.24,100.0,5.94,16.98,80.0,10.183,0.0,28.0,13.0,12.01,12.61,85.59,0.0,0.0,1.0
2026-06-07,20.17a,logs/6-7 BIG 20.17a fixed/log0001.csv,20.17a__log0001__s601071,26,601097,4741.76,2794.0,70.0,39.91428571428571,88.24,100.0,6.08,17.13,80.0,10.183,0.0,28.0,13.0,12.0,12.57,87.32,0.0,0.0,1.0
2026-06-07,20.17a,logs/6-7 BIG 20.17a fixed/log0001.csv,20.17a__log0001__s601071,27,601098,4741.8,2793.0,70.0,39.9,87.84,100.0,6.37,17.13,80.0,10.183,0.0,28.0,13.0,12.0,12.53,89.7,0.0,0.0,1.0
2026-06-07,20.17a,logs/6-7 BIG 20.17a fixed/log0001.csv,20.17a__log0001__s601071,28,601099,4741.84,2802.0,71.0,39.46478873239437,87.45,100.0,6.52,17.11,80.0,10.1827,0.0,28.0,12.5,11.99,12.49,88.39,0.0,0.0,1.0
2026-06-07,20.17a,logs/6-7 BIG 20.17a fixed/log0001.csv,20.17a__log0001__s601071,29,601100,4741.88,2812.0,71.0,39.6056338028169,87.06,100.0,6.66,17.11,80.0,10.1827,0.0,28.0,12.5,11.99,12.32,89.86,0.0,0.0,1.0
2026-06-07,20.17a,logs/6-7 BIG 20.17a fixed/log0001.csv,20.17a__log0001__s601071,30,601101,4741.92,2786.0,71.0,39.23943661971831,86.27,100.0,6.81,17.31,80.0,10.1827,0.0,29.0,12.5,11.98,12.4,92.69,0.0,0.0,1.0
2026-06-07,20.17a,logs/6-7 BIG 20.17a fixed/log0001.csv,20.17a__log0001__s601071,31,601102,4741.96,2806.0,71.0,39.52112676056338,85.88,100.0,6.95,17.3,80.0,10.1818,0.0,28.0,12.0,11.97,12.53,91.73,0.0,0.0,1.0
2026-06-07,20.17a,logs/6-7 BIG 20.17a fixed/log0001.csv,20.17a__log0001__s601071,32,601103,4742.0,2803.0,71.0,39.478873239436616,85.88,100.0,7.1,17.3,80.0,10.1818,0.0,29.0,12.0,11.97,12.44,92.83,0.0,0.0,1.0
2026-06-07,20.17a,logs/6-7 BIG 20.17a fixed/log0001.csv,20.17a__log0001__s601071,33,601104,4742.04,2807.0,71.0,39.53521126760563,85.1,100.0,7.39,17.31,80.0,10.1818,0.0,29.0,12.0,11.95,12.28,96.99,0.0,0.0,1.0
2026-06-07,20.17a,logs/6-7 BIG 20.17a fixed/log0001.csv,20.17a__log0001__s601071,34,601105,4742.08,2821.0,71.0,39.732394366197184,84.31,100.0,7.53,17.37,80.0,10.1811,0.0,29.0,12.0,11.93,12.49,94.06,0.0,0.0,1.0
2026-06-07,20.17a,logs/6-7 BIG 20.17a fixed/log0001.csv,20.17a__log0001__s601071,35,601106,4742.12,2810.0,71.0,39.57746478873239,83.14,100.0,7.68,17.37,80.0,10.1811,0.0,29.0,12.0,11.93,12.36,94.66,0.0,0.0,1.0
2026-06-07,20.17a,logs/6-7 BIG 20.17a fixed/log0001.csv,20.17a__log0001__s601071,36,601107,4742.16,2839.0,71.0,39.985915492957744,81.57,100.0,7.82,17.41,80.0,10.1811,0.0,29.0,12.0,11.9,12.28,96.87,0.0,0.0,1.0
2026-06-07,20.17a,logs/6-7 BIG 20.17a fixed/log0001.csv,20.17a__log0001__s601071,37,601108,4742.2,2816.0,71.0,39.66197183098591,79.22,100.0,7.97,17.41,80.0,10.1811,0.0,29.0,12.5,11.9,12.19,97.47,0.0,0.0,1.0
2026-06-07,20.17a,logs/6-7 BIG 20.17a fixed/log0001.csv,20.17a__log0001__s601071,38,601109,4742.24,2832.0,71.0,39.88732394366197,76.08,100.0,8.11,16.76,80.0,10.1806,0.0,29.0,11.5,11.89,12.28,95.96,0.0,0.0,1.0
2026-06-07,20.17a,logs/6-7 BIG 20.17a fixed/log0001.csv,20.17a__log0001__s601071,39,601110,4742.28,2826.0,71.0,39.80281690140845,72.55,87.45,8.26,15.91,80.0,9.92941,0.0,29.0,12.0,11.85,12.28,99.89,0.0,0.0,1.0
2026-06-07,20.17a,logs/6-7 BIG 20.17a fixed/log0001.csv,20.17a__log0001__s601071,40,601111,4742.32,2827.0,71.0,39.816901408450704,69.02,67.06,8.4,15.91,80.0,9.92941,0.0,30.0,11.5,11.85,12.36,98.67,0.0,0.0,1.0
2026-06-07,20.17a,logs/6-7 BIG 20.17a fixed/log0001.csv,20.17a__log0001__s601071,41,601112,4742.36,2835.0,71.0,39.929577464788736,66.67,58.04,8.55,15.69,80.0,9.7045,0.0,30.0,11.5,11.85,12.11,97.15,0.0,0.0,1.0
2026-06-07,20.17a,logs/6-7 BIG 20.17a fixed/log0001.csv,20.17a__log0001__s601071,42,601113,4742.4,2839.0,72.0,39.43055555555556,65.88,54.9,8.55,15.52,80.0,9.55626,0.0,29.0,11.5,11.87,11.9,97.15,0.0,0.0,1.0
2026-06-07,20.17a,logs/6-7 BIG 20.17a fixed/log0001.csv,20.17a__log0001__s601071,43,601114,4742.44,2876.0,72.0,39.94444444444444,64.31,53.73,8.55,15.52,80.0,9.55626,0.0,29.0,11.5,11.87,12.02,98.35,0.0,0.0,1.0
2026-03-21,stock,logs/Older/3-21.csv,stock__3-21__s41661,0,41661,6515.0,2853.0,47.0,60.702127659574465,100.0,100.0,0.43,12.75,70.2,0.0,0.0,19.0,20.5,12.49,13.96,69.55,0.0,0.0,1.0
2026-03-21,stock,logs/Older/3-21.csv,stock__3-21__s41661,1,41662,6515.0,2888.0,47.0,61.4468085106383,100.0,100.0,0.57,12.75,70.2,0.0,0.0,19.0,20.0,12.49,15.31,68.53,0.0,0.0,1.0
2026-03-21,stock,logs/Older/3-21.csv,stock__3-21__s41661,2,41663,6516.0,2949.0,47.0,62.744680851063826,100.0,100.0,0.72,12.7,70.2,0.0,0.0,19.0,20.0,12.65,15.98,69.98,0.0,0.0,1.0
2026-03-21,stock,logs/Older/3-21.csv,stock__3-21__s41661,3,41664,6516.0,2893.0,47.0,61.5531914893617,100.0,100.0,0.86,12.76,70.2,0.0,0.0,21.0,19.5,12.53,15.31,70.67,0.0,0.0,1.0
2026-03-21,stock,logs/Older/3-21.csv,stock__3-21__s41661,4,41665,6516.0,2895.0,47.0,61.59574468085106,100.0,100.0,1.01,12.76,70.2,0.0,0.0,21.0,19.5,12.53,14.47,71.01,0.0,0.0,1.0
2026-03-21,stock,logs/Older/3-21.csv,stock__3-21__s41661,5,41666,6516.0,2957.0,47.0,62.91489361702128,100.0,100.0,1.15,12.79,70.2,0.0,0.0,23.0,18.0,12.42,13.41,73.05,-1.4,0.0,1.0
2026-03-21,stock,logs/Older/3-21.csv,stock__3-21__s41661,6,41667,6516.0,2926.0,47.0,62.255319148936174,100.0,100.0,1.3,12.93,69.8,0.0,0.0,24.0,16.0,12.3,13.54,74.06,-2.8,0.0,1.0
2026-03-21,stock,logs/Older/3-21.csv,stock__3-21__s41661,7,41668,6516.0,2913.0,47.0,61.97872340425532,100.0,100.0,1.44,12.93,69.8,0.0,0.0,25.0,16.0,12.3,13.2,74.06,-2.8,0.0,1.0
2026-03-21,stock,logs/Older/3-21.csv,stock__3-21__s41661,8,41669,6516.0,2935.0,47.0,62.4468085106383,100.0,100.0,1.73,12.88,70.2,0.0,0.0,25.0,16.0,12.18,13.08,75.58,-2.8,0.0,1.0
2026-03-21,stock,logs/Older/3-21.csv,stock__3-21__s41661,9,41670,6516.0,2957.0,47.0,62.91489361702128,100.0,100.0,1.88,12.88,70.2,0.0,0.0,26.0,16.0,12.18,12.99,77.88,-2.8,0.0,1.0
2026-03-21,stock,logs/Older/3-21.csv,stock__3-21__s41661,10,41671,6516.0,2924.0,47.0,62.212765957446805,100.0,100.0,2.02,13.33,78.82,10.08,0.0,27.0,14.5,12.07,12.91,77.51,-4.2,0.0,1.0
2026-03-21,stock,logs/Older/3-21.csv,stock__3-21__s41661,11,41672,6516.0,2942.0,48.0,61.291666666666664,100.0,100.0,2.31,13.21,79.22,10.08,0.0,27.0,14.5,11.92,12.91,79.19,-4.2,0.0,1.0
2026-03-21,stock,logs/Older/3-21.csv,stock__3-21__s41661,12,41673,6516.0,2975.0,48.0,61.979166666666664,100.0,100.0,2.6,13.21,79.22,10.08,0.0,27.0,14.5,11.92,13.08,82.03,-4.2,0.0,1.0
2026-03-21,stock,logs/Older/3-21.csv,stock__3-21__s41661,13,41674,6516.0,2973.0,48.0,61.9375,100.0,100.0,2.75,13.53,78.43,10.08,0.0,28.0,14.5,11.8,13.08,82.24,-4.2,0.0,1.0
2026-03-21,stock,logs/Older/3-21.csv,stock__3-21__s41661,14,41675,6516.0,2977.0,48.0,62.020833333333336,100.0,100.0,2.89,13.45,78.82,10.08,0.0,28.0,14.0,11.85,13.03,83.48,-4.2,0.0,1.0
2026-03-21,stock,logs/Older/3-21.csv,stock__3-21__s41661,15,41676,6516.0,2994.0,48.0,62.375,100.0,100.0,3.18,13.45,78.82,10.08,0.0,28.0,14.5,11.85,12.87,85.18,-4.2,0.0,1.0
2026-03-21,stock,logs/Older/3-21.csv,stock__3-21__s41661,16,41677,6516.0,3009.0,48.0,62.6875,100.0,100.0,3.33,13.69,78.43,10.08,0.0,28.0,14.0,11.89,12.95,86.7,-4.2,0.0,1.0
2026-03-21,stock,logs/Older/3-21.csv,stock__3-21__s41661,17,41678,6516.0,3002.0,48.0,62.541666666666664,100.0,100.0,3.62,13.69,78.43,10.08,0.0,28.0,14.0,11.89,12.95,89.24,-4.2,0.0,1.0
2026-03-21,stock,logs/Older/3-21.csv,stock__3-21__s41661,18,41679,6516.0,3016.0,48.0,62.833333333333336,100.0,100.0,3.91,13.66,78.43,10.08,0.0,28.0,13.5,11.92,12.82,91.11,-4.2,0.0,1.0
2026-03-21,stock,logs/Older/3-21.csv,stock__3-21__s41661,19,41680,6516.0,3031.0,49.0,61.857142857142854,100.0,100.0,4.05,14.0,77.65,10.08,0.0,28.0,13.5,11.94,12.7,94.23,-4.2,0.0,1.0
2026-03-21,stock,logs/Older/3-21.csv,stock__3-21__s41661,20,41681,6516.0,3032.0,49.0,61.87755102040816,100.0,100.0,4.34,14.0,77.65,10.08,0.0,28.0,13.5,11.94,12.78,95.48,-4.2,0.0,1.0
2026-03-21,stock,logs/Older/3-21.csv,stock__3-21__s41661,21,41682,6516.0,3041.0,49.0,62.06122448979592,100.0,100.0,4.63,13.98,77.65,10.08,0.0,28.0,13.5,11.91,12.61,96.52,-4.2,0.0,1.0
2026-03-21,stock,logs/Older/3-21.csv,stock__3-21__s41661,22,41683,6516.0,3071.0,49.0,62.673469387755105,100.0,100.0,4.92,14.24,77.25,10.08,0.0,28.0,13.0,11.97,12.36,98.03,-4.2,0.0,1.0
2026-03-21,stock,logs/Older/3-21.csv,stock__3-21__s41661,23,41684,6516.0,3078.0,50.0,61.56,100.0,100.0,5.07,14.24,77.25,10.08,0.0,28.0,13.5,11.97,12.28,99.61,-4.2,0.0,1.0
2026-03-21,stock,logs/Older/3-21.csv,stock__3-21__s41661,24,41685,6516.0,3087.0,50.0,61.74,100.0,100.0,5.36,14.2,77.25,10.08,0.0,28.0,13.5,11.96,12.57,102.26,-3.85,0.0,1.0
2026-03-21,stock,logs/Older/3-21.csv,stock__3-21__s41661,25,41686,6516.0,3099.0,50.0,61.98,100.0,100.0,5.65,14.2,77.25,10.08,0.0,28.0,13.5,11.96,12.49,104.07,-3.85,0.0,1.0
2026-03-21,stock,logs/Older/3-21.csv,stock__3-21__s41661,26,41687,6516.0,3112.0,50.0,62.24,100.0,100.0,5.94,14.48,76.86,10.08,0.0,29.0,13.0,11.94,12.44,107.33,-3.85,0.0,1.0
2026-03-21,stock,logs/Older/3-21.csv,stock__3-21__s41661,27,41688,6517.0,3132.0,50.0,62.64,100.0,100.0,5.94,14.62,76.86,10.08,0.0,29.0,13.5,11.92,12.4,108.94,-3.85,0.0,1.0
2026-03-21,stock,logs/Older/3-21.csv,stock__3-21__s41661,28,41689,6517.0,3117.0,50.0,62.34,100.0,100.0,6.52,14.62,76.86,10.08,0.0,29.0,13.5,11.92,12.4,109.93,-3.85,0.0,1.0
2026-03-21,stock,logs/Older/3-21.csv,stock__3-21__s41661,29,41690,6517.0,3149.0,51.0,61.745098039215684,100.0,100.0,6.81,14.54,76.86,10.08,0.0,29.0,13.0,11.87,12.15,111.63,-3.85,0.0,1.0
2026-03-21,stock,logs/Older/3-21.csv,stock__3-21__s41661,30,41691,6517.0,3150.0,51.0,61.76470588235294,100.0,100.0,7.24,15.1,76.08,10.08,0.0,29.0,12.5,11.9,12.32,112.99,-3.85,0.0,1.0
2026-03-21,stock,logs/Older/3-21.csv,stock__3-21__s41661,31,41692,6517.0,3145.0,51.0,61.666666666666664,100.0,100.0,7.53,15.1,76.08,10.08,0.0,29.0,13.0,11.9,11.98,114.87,-3.85,0.0,1.0
2026-03-21,stock,logs/Older/3-21.csv,stock__3-21__s41661,32,41693,6517.0,3167.0,51.0,62.09803921568628,100.0,100.0,7.82,14.93,76.08,10.08,0.0,30.0,12.5,11.85,12.28,116.1,-3.85,0.0,1.0
2026-03-21,stock,logs/Older/3-21.csv,stock__3-21__s41661,33,41694,6517.0,3178.0,52.0,61.11538461538461,100.0,100.0,8.11,14.93,76.08,10.08,0.0,30.0,13.0,11.85,12.02,118.03,-3.85,0.0,1.0
2026-03-21,stock,logs/Older/3-21.csv,stock__3-21__s41661,34,41695,6517.0,3203.0,52.0,61.59615384615385,100.0,100.0,8.4,15.14,76.08,10.08,0.0,30.0,12.5,11.82,12.07,121.61,-3.85,0.0,1.0
2026-03-21,stock,logs/Older/3-21.csv,stock__3-21__s41661,35,41696,6517.0,3219.0,52.0,61.90384615384615,100.0,100.0,8.69,15.43,75.29,10.08,0.0,30.0,12.5,11.8,12.15,124.25,-3.85,0.0,1.0
2026-03-21,stock,logs/Older/3-21.csv,stock__3-21__s41661,36,41697,6517.0,3220.0,52.0,61.92307692307692,100.0,100.0,8.98,15.43,75.29,10.08,0.0,30.0,12.5,11.8,12.11,126.56,-3.85,0.0,1.0
2026-03-21,stock,logs/Older/3-21.csv,stock__3-21__s41661,37,41698,6517.0,3247.0,52.0,62.44230769230769,100.0,100.0,9.42,15.48,75.29,10.08,0.0,30.0,12.5,11.73,11.73,128.3,-3.85,0.0,1.0
2026-03-21,stock,logs/Older/3-21.csv,stock__3-21__s41661,38,41699,6517.0,3227.0,52.0,62.05769230769231,100.0,100.0,9.71,15.71,75.29,10.08,0.0,30.0,12.5,11.55,11.94,134.07,-3.5,0.0,1.0
2026-03-21,stock,logs/Older/3-21.csv,stock__3-21__s41661,39,41700,6517.0,3261.0,53.0,61.528301886792455,100.0,100.0,10.14,15.71,75.29,10.08,0.0,30.0,12.0,11.55,12.11,136.24,-3.5,0.0,1.0
2026-03-21,stock,logs/Older/3-21.csv,stock__3-21__s41661,40,41701,6517.0,3180.0,53.0,60.0,100.0,100.0,10.29,14.83,76.08,10.08,0.0,30.0,12.5,11.68,11.56,135.06,-3.5,0.0,1.0
2026-03-21,stock,logs/Older/3-21.csv,stock__3-21__s41661,41,41702,6517.0,3399.0,53.0,64.13207547169812,100.0,100.0,10.43,14.83,76.08,10.08,0.0,29.0,11.5,11.68,12.02,139.9,-3.5,0.0,1.0
2026-03-21,stock,logs/Older/3-21.csv,stock__3-21__s41661,42,41703,6517.0,3353.0,53.0,63.264150943396224,100.0,100.0,10.72,17.07,73.73,10.08,0.0,29.0,12.0,11.61,12.28,147.03,-3.5,0.0,1.0
2026-03-21,stock,logs/Older/3-21.csv,stock__3-21__s41661,43,41704,6517.0,3366.0,53.0,63.509433962264154,100.0,100.0,10.87,15.67,74.9,10.08,0.0,29.0,12.0,11.62,12.53,142.43,-3.5,0.0,1.0
2026-03-21,stock,logs/Older/3-21.csv,stock__3-21__s41661,44,41705,6517.0,3335.0,53.0,62.924528301886795,100.0,100.0,11.45,15.67,74.9,10.08,0.0,30.0,11.5,11.62,12.61,156.71,-3.5,0.0,1.0
2026-03-21,stock,logs/Older/3-21.csv,stock__3-21__s41661,45,41706,6517.0,3148.0,53.0,59.39622641509434,100.0,100.0,11.88,16.51,74.12,10.08,0.0,30.0,11.5,11.47,12.49,149.78,-3.5,0.0,1.0
2026-03-21,stock,logs/Older/3-21.csv,stock__3-21__s41661,46,41707,6517.0,3470.0,53.0,65.47169811320755,100.0,100.0,11.88,17.17,73.33,10.08,0.0,30.0,10.5,11.52,12.44,151.4,-3.5,0.0,1.0
2026-03-21,stock,logs/Older/3-21.csv,stock__3-21__s41661,47,41708,6517.0,3302.0,54.0,61.148148148148145,92.16,100.0,12.46,17.17,73.33,10.08,0.0,30.0,11.0,11.52,11.81,165.52,-3.5,0.0,1.0
2026-03-21,stock,logs/Older/3-21.csv,stock__3-21__s41661,48,41709,6517.0,3257.0,54.0,60.31481481481482,81.57,100.0,12.46,16.64,73.73,10.08,0.0,30.0,11.0,11.45,11.94,158.74,-3.5,0.0,1.0
2026-03-21,stock,logs/Older/3-21.csv,stock__3-21__s41661,49,41710,6517.0,3393.0,54.0,62.833333333333336,81.96,100.0,12.75,16.64,73.73,10.08,0.0,29.0,10.0,11.45,11.64,161.73,-3.5,0.0,1.0
2026-03-21,stock,logs/Older/3-21.csv,stock__3-21__s41661,50,41711,6517.0,3494.0,54.0,64.70370370370371,85.88,100.0,13.04,15.85,74.12,10.08,0.0,30.0,9.5,11.47,12.15,166.71,-3.5,0.0,1.0
2026-03-21,stock,logs/Older/3-21.csv,stock__3-21__s41661,51,41712,6517.0,3408.0,55.0,61.96363636363636,84.31,100.0,13.33,16.34,73.73,10.08,0.0,30.0,10.0,11.46,11.9,165.55,-3.5,0.0,1.0
2026-03-21,stock,logs/Older/3-21.csv,stock__3-21__s41661,52,41713,6518.0,3393.0,55.0,61.69090909090909,77.65,100.0,14.06,16.34,73.73,10.08,0.0,31.0,10.0,11.46,12.19,176.02,-3.15,0.0,1.0
2026-03-21,stock,logs/Older/3-21.csv,stock__3-21__s41661,53,41714,6518.0,3405.0,55.0,61.90909090909091,69.02,80.78,14.35,15.04,69.8,4.56,0.0,30.0,10.0,11.42,11.6,170.8,-3.15,0.0,1.0
2026-03-21,stock,logs/Older/3-21.csv,stock__3-21__s41661,54,41715,6518.0,3287.0,55.0,59.763636363636365,63.14,62.35,14.49,13.02,63.92,-2.97,-0.17,30.0,9.5,11.38,11.64,173.19,-3.15,0.0,1.0
2026-03-21,stock,logs/Older/3-21.csv,stock__3-21__s41661,55,41716,6518.0,3390.0,55.0,61.63636363636363,59.61,54.51,13.91,13.02,63.92,-2.97,-0.17,29.0,9.5,11.38,11.35,169.19,-3.15,0.0,1.0
2026-03-21,stock,logs/Older/3-21.csv,stock__3-21__s41661,56,41717,6518.0,3499.0,55.0,63.61818181818182,55.29,52.16,13.91,15.51,68.24,4.21,0.09,29.0,10.5,11.42,11.26,172.65,-3.15,0.0,1.0
2026-03-21,stock,logs/Older/3-21.csv,stock__3-21__s41661,57,41718,6518.0,3491.0,56.0,62.339285714285715,43.53,49.41,13.77,15.51,68.24,4.21,0.09,30.0,10.0,11.42,11.56,166.26,-3.15,0.0,1.0
