sample,time,wbo2,FFB,EGT,AFC,AFL,correction,RPM,load,MPH,Timing,IAT,MAF,MAF(V),Accelerator,Throttle,RQTQ,ATM(psi),MAP,mrp,Trgt_Boost,IAM,CL/OL,FLKC,FBKC,avcs,wgdc,tdi,Tdp,IPW,IDC
40908,11841.2,12.23,11.71,31,0.00,0.00,4.32,3989,1.69,48,21,59,112.33,3.26,37,42,295,14.80,17.11,2.31,15.38,1,10,0,0,19,78.0392,0,10.1132,10.24,34.04
40909,11841.24,12.44,11.74,31,0.00,0.00,5.68,3991,1.71,48,20.5,59,113.79,3.28,38,42,296,14.80,17.55,2.75,15.80,1,10,0,0,20,78.0392,0,10.1128,10.50,34.91
40910,11841.28,12.70,11.66,31,0.00,0.00,8.21,4029,1.78,48,21,59,119.3,3.32,38,43,296,14.80,17.84,3.04,15.97,1,10,0,0,21,78.0392,0,10.1128,10.75,36.10
40911,11841.32,12.82,11.66,30,0.00,0.00,9.11,4031,1.82,48,20.5,59,122.6,3.34,38,43,296,14.80,18.42,3.62,15.97,1,10,0,0,22,78.0392,0,10.1128,11.01,36.98
40912,11841.36,12.74,11.74,30,0.00,0.00,7.86,4026,1.88,48,20,59,125.9,3.36,37,43,296,14.80,18.71,3.91,15.96,1,10,0,0,22,78.0392,0,10.1125,11.26,37.79
40913,11841.4,12.44,11.71,30,0.00,0.00,5.87,4063,1.95,48,19.5,59,131.83,3.4,37,43,296,14.80,19.29,4.49,15.90,1,10,0,0,22,77.6471,0,10.1125,11.78,39.87
40914,11841.44,12.28,11.71,30,0.00,0.00,4.58,4093,2.00,49,20,59,136.11,3.42,38,43,296,14.80,19.58,4.78,15.90,1,10,0,0,22,77.6471,0,10.1125,12.03,41.04
40915,11841.48,12.15,11.65,30,0.00,0.00,4.10,4105,2.06,49,19.5,59,141.17,3.46,37,43,295,14.80,20.01,5.21,15.86,1,10,0,0,22,77.6471,0,10.1123,12.54,42.91
40916,11841.52,12.66,11.65,30,0.00,0.00,7.94,4109,2.15,50,19,59,147.49,3.5,37,43,295,14.80,20.59,5.79,15.86,1,10,0,0,21,77.6471,0,10.1123,13.06,44.70
40917,11841.56,12.32,11.57,30,0.00,0.00,6.08,4140,2.22,50,18.5,59,153.32,3.54,37,43,294,14.80,21.03,6.23,15.82,1,10,0,0,22,77.6471,0,10.1123,13.31,45.93
40918,11841.6,12.44,11.50,30,0.00,0.00,7.56,4160,2.31,50,18.5,57.2,159.91,3.58,37,43,294,14.80,21.46,6.66,15.73,1,10,0,0,21,77.2549,0,10.1122,13.82,47.93
40919,11841.64,11.81,11.50,30,0.00,0.00,2.61,4192,2.38,50,18,57.2,166.38,3.62,37,42,294,14.80,22.04,7.24,15.73,1,10,0,0,21,77.2549,0,10.1122,14.34,50.08
40920,11841.68,11.77,11.47,30,0.00,0.00,2.55,4199,2.42,50,17.5,57.2,169.43,3.64,37,42,293,14.80,22.48,7.68,15.59,1,10,0,0,20,77.2549,0,10.1122,14.85,51.96
40921,11841.72,11.22,11.18,30,0.00,0.00,0.42,4197,2.50,50,17.5,57.2,174.53,3.68,36,42,292,14.80,23.20,8.40,15.43,1,10,0,0,20,76.8627,0,10.1121,15.62,54.62
40922,11841.76,10.93,11.18,30,0.00,0.00,-2.26,4253,2.49,51,17.5,57.2,176.41,3.7,36,42,292,14.80,23.64,8.84,15.43,1,10,0,0,19,76.8627,0,10.1121,15.62,55.35
40923,11841.8,10.89,11.30,30,0.00,0.00,-3.78,4279,2.61,51,17.5,57.2,185.81,3.76,36,42,291,14.80,24.65,9.85,15.38,1,10,0,0,19,76.8627,0,10.1121,16.64,59.33
40924,11841.84,11.18,11.30,30,0.00,0.00,-1.05,4312,2.67,52,16.5,57.2,192.05,3.8,36,42,290,14.80,24.94,10.14,15.38,1,10,0,0,18,76.8627,0,10.1121,16.90,60.71
40925,11841.88,11.10,11.17,30,0.00,0.00,-0.63,4330,2.76,52,17,57.2,199.25,3.82,35,42,289,14.80,25.52,10.72,15.18,1,10,0,0,17,76.4706,0,10.112,17.15,61.89
40926,11841.92,10.63,11.16,30,0.00,0.00,-4.95,4321,2.85,52,16.5,57.2,205.42,3.86,35,42,288,14.80,26.10,11.30,15.04,1,10,0,0,17,76.4706,0,10.112,17.92,64.52
40927,11841.96,10.89,11.16,30,0.00,0.00,-2.51,4352,2.88,52,15.5,57.2,208.67,3.84,35,41,288,14.80,26.83,12.03,15.04,1,10,0,0,17,76.4706,0,10.112,18.18,65.92
40928,11842,11.14,11.14,30,0.00,0.00,0.01,4399,2.92,53,15.5,57.2,214.22,3.9,35,41,287,14.80,27.41,12.61,14.90,1,10,0,0,16,75.6863,0,9.73509,18.69,68.51
40929,11842.04,11.14,11.03,30,0.00,0.00,1.00,4398,3.02,53,15.5,57.2,221.16,3.94,35,40,286,14.80,27.99,13.19,14.65,1,10,0,0,15,70.9804,0.28981,4.86496,18.94,69.43
40930,11842.08,10.97,11.03,30,0.00,0.00,-0.54,4432,3.03,53,14.5,57.2,223.94,3.96,34,40,283,14.80,28.57,13.77,14.65,1,10,0,0,14,70.9804,0.28981,4.86496,19.46,71.85
40931,11842.12,11.01,10.91,30,0.00,0.00,0.94,4465,3.11,53,14.5,57.2,231.25,3.98,35,40,283,14.80,29.00,14.20,14.41,1,10,0,0,14,66.6667,0.35478,0.454727,19.71,73.34
40932,11842.16,10.97,10.91,30,0.00,0.00,0.56,4502,3.13,54,14.5,57.2,234.88,4,34,40,281,14.80,29.58,14.78,14.41,1,10,0,0,13,66.6667,0.35478,0.454727,20.22,75.87
40933,11842.2,10.72,10.86,30,0.00,0.00,-1.30,4529,3.15,54,14,57.2,237.9,4.02,34,40,280,14.80,29.87,15.07,14.09,1,10,0,0,13,64.3137,0.254708,-1.50278,20.22,76.32
40934,11842.24,10.72,10.93,31,0.00,0.00,-1.96,4528,3.16,55,14,57.2,238.5,4.02,33,40,278,14.80,30.16,15.36,13.53,1,10,0,0,12,61.1765,-0.00426021,-4.33885,20.48,77.27
40935,11842.28,10.67,10.93,31,0.00,0.00,-2.37,4561,3.10,55,14,57.2,235.48,4,33,40,276,14.80,30.16,15.36,13.53,1,10,0,0,11,61.1765,-0.00426021,-4.33885,20.22,76.86
40936,11842.32,10.42,10.98,31,0.00,0.00,-5.39,4586,2.99,55,12.5,57.2,228.83,3.98,33,40,274,14.80,29.87,15.07,12.59,1,10,-2,0,11,58.0392,-0.480791,-6.61139,19.97,76.31
40937,11842.36,10.30,11.11,31,0.00,0.00,-7.86,4610,2.99,55,12.5,57.2,229.43,3.98,33,40,274,14.80,29.58,14.78,12.35,1,10,-2,0,10,58.0392,-0.912344,-6.198,19.46,74.74
40938,11842.4,10.46,11.11,31,0.00,0.00,-6.13,4636,2.95,56,13,57.2,228.31,3.96,33,40,273,14.80,29.44,14.64,12.35,1,10,-2,0,9,58.0392,-0.912344,-6.198,19.20,74.18
40939,11842.44,10.55,11.20,31,0.00,0.00,-6.13,4711,2.83,56,13.5,57.2,222.09,3.94,33,40,272,14.80,29.15,14.35,12.06,1,10,-2,0,9,57.2549,-1.32884,-6.05957,18.94,74.37
40940,11842.48,10.59,11.20,31,0.00,0.00,-5.72,4722,2.84,57,13.5,57.2,223.48,3.94,33,40,271,14.80,29.00,14.20,12.06,1,10,-2,0,9,57.2549,-1.32884,-6.05957,18.43,72.53
40941,11842.52,10.67,11.28,31,0.00,0.00,-5.63,4720,2.85,57,14,57.2,223.94,3.94,33,40,271,14.80,28.57,13.77,11.67,1,10,-2,0,8,64.7059,0,0,18.18,71.50
40942,11842.56,10.59,11.36,31,0.00,0.00,-7.32,4766,2.81,57,14,57.2,223.48,3.94,33,40,270,14.80,28.28,13.48,11.46,1,10,-2,0,8,64.3137,0,0,17.92,71.17
40943,11842.6,10.42,11.36,31,0.00,0.00,-9.05,4774,2.79,57,14.5,57.2,222.09,3.94,33,40,270,14.80,28.13,13.33,11.46,1,10,-2,0,7,64.3137,0,0,17.66,70.27
40944,11842.64,10.80,11.34,31,0.00,0.00,-4.99,4783,2.78,58,14.5,57.2,221.63,3.94,33,40,269,14.80,27.99,13.19,11.08,1,10,-2,0,7,64.3137,0,0,17.41,69.38
40945,11842.68,10.67,11.45,31,0.00,0.00,-7.23,4833,2.73,58,15,57.2,219.78,3.94,33,40,269,14.80,27.84,13.04,10.95,1,10,-2,0,6,64.3137,0,0,17.41,70.11
40946,11842.72,10.89,11.45,31,0.00,0.00,-5.16,4872,2.74,58,15,57.2,222.55,3.94,33,40,267,14.80,27.84,13.04,10.95,1,10,-2,0,5,64.3137,0,0,17.41,70.67
40947,11842.76,10.76,11.46,31,0.00,0.00,-6.53,4868,2.80,58,15,57.2,226.78,3.96,33,40,266,14.80,27.70,12.90,10.51,1,10,-2,0,6,63.9216,0,0,17.41,70.62
40948,11842.8,11.05,11.42,31,0.00,0.00,-3.28,4875,2.80,59,15,57.2,227.24,3.96,33,40,266,14.80,27.84,13.04,10.51,1,10,-2,0,5,63.9216,0,0,17.41,70.71
40949,11842.84,10.84,11.42,31,0.00,0.00,-5.29,4935,2.78,59,15,57.2,228.31,3.98,33,40,267,14.80,27.84,13.04,10.55,1,10,-2,0,5,63.9216,0,0,17.41,71.59
40950,11842.88,11.31,11.42,31,0.00,0.00,-1.01,4964,2.79,60,15,57.2,230.64,3.98,33,40,265,14.80,28.42,13.62,10.63,1,10,-2,0,5,63.9216,0,0,17.66,73.07
40951,11842.92,11.52,11.42,31,0.00,0.00,0.84,4968,2.79,60,15,57.2,231.25,3.98,33,40,265,14.80,28.13,13.33,10.63,1,10,-2,0,4,63.9216,0,0,17.66,73.13
40952,11842.96,11.18,11.41,31,0.00,0.00,-2.04,5001,2.82,60,15,57.2,234.88,3.98,33,40,265,14.80,28.13,13.33,10.00,1,10,-2,0,4,63.5294,0,0,17.66,73.61
40953,11843,11.48,11.40,31,0.00,0.00,0.66,5033,2.81,60,15,57.2,236.08,4,33,40,263,14.80,28.13,13.33,9.97,1,10,-2,0,5,63.5294,0,0,17.66,74.09
40954,11843.04,11.52,11.40,31,0.00,0.00,1.03,5042,2.85,61,15,57.2,239.11,4.02,33,40,263,14.80,28.13,13.33,9.97,1,10,-2,0,4,63.5294,0,0,17.66,74.21
40955,11843.08,10.93,11.38,31,0.00,0.00,-4.15,5098,2.79,61,15,57.2,236.69,4,33,40,263,14.80,28.13,13.33,9.68,1,10,-2,0,4,63.1373,0,0,17.66,75.05
40956,11843.12,11.26,11.38,31,0.00,0.00,-1.04,5111,2.79,62,15,57.2,237.9,4,33,40,261,14.80,28.13,13.33,9.68,1,10,-2,0,4,63.1373,0,0,17.66,75.24
40957,11843.16,11.14,11.40,31,0.00,0.00,-2.30,5093,2.82,62,15,57.2,239.11,4,33,40,261,14.80,28.86,14.06,9.17,1,10,-2,0,4,63.1373,0,0,18.18,77.13
40958,11843.2,11.26,11.47,31,0.00,0.00,-1.85,5167,2.77,62,15.5,57.2,238.5,4.02,33,40,259,14.80,27.99,13.19,9.08,1,10,-2,0,4,63.1373,0,0,17.66,76.06
40959,11843.24,11.05,11.47,31,0.00,0.00,-3.79,5158,2.80,62,15.5,57.2,240.32,4,33,40,260,14.80,27.84,13.04,9.08,1,10,-2,0,4,63.1373,0,0,17.41,74.83
40960,11843.28,11.26,11.45,31,0.00,0.00,-1.66,5197,2.78,63,15.5,57.2,240.92,4.02,33,40,257,14.80,27.84,13.04,8.56,1,10,-2,0,4,62.7451,0,0,17.41,75.38
40961,11843.32,11.43,11.42,31,0.00,0.00,0.14,5199,2.73,63,15.5,57.2,236.69,4,33,40,258,14.80,27.84,13.04,8.37,1,10,-2,0,4,62.7451,0,0,17.41,75.42
40962,11843.36,11.18,11.42,31,0.00,0.00,-2.12,5270,2.71,63,15.5,57.2,237.9,4.02,33,40,257,14.80,27.99,13.19,8.37,1,10,-2,0,4,62.7451,0,0,17.41,76.45
40963,11843.4,11.39,11.40,31,0.00,0.00,-0.08,5244,2.77,63,15.5,57.2,242.13,4.02,33,40,254,14.80,27.70,12.90,7.54,1,10,-2,0,4,62.7451,0,0,17.41,76.07
40964,11843.44,11.31,11.40,31,0.00,0.00,-0.81,5293,2.74,63,16,57.2,241.52,4.02,33,40,253,14.80,27.55,12.75,7.54,1,10,-2,0,4,62.7451,0,0,17.15,75.65
40965,11843.48,11.18,11.43,31,0.00,0.00,-2.24,5291,2.71,63,16,57.2,239.11,4.02,33,40,252,14.80,27.70,12.90,7.31,1,10,-2,0,4,62.3529,0,0,17.15,75.62
40966,11843.52,11.31,11.46,31,0.00,0.00,-1.39,5346,2.73,64,16,57.2,243.34,4.04,33,40,249,14.80,27.41,12.61,6.88,1,10,-2,0,4,62.3529,0,0,17.15,76.41
40967,11843.56,11.18,11.46,31,0.00,0.00,-2.55,5329,2.75,64,16,57.2,243.94,4.02,33,40,250,14.80,27.26,12.46,6.88,1,10,-2,0,4,62.3529,0,0,17.15,76.17
40968,11843.6,10.93,11.41,31,0.00,0.00,-4.43,5391,2.71,65,16,57.2,243.94,4.02,33,40,246,14.80,27.26,12.46,5.98,1,10,-2,0,4,62.3529,0,0,17.15,77.06
40969,11843.64,11.31,11.47,31,0.00,0.00,-1.43,5408,2.67,65,16,57.2,240.92,4.02,33,40,247,14.80,27.12,12.32,5.35,1,10,-2,0,4,61.9608,0,0,16.90,76.14
40970,11843.68,11.22,11.47,31,0.00,0.00,-2.20,5430,2.66,65,16.5,57.2,240.92,4,33,40,241,14.80,26.97,12.17,5.35,1,10,-2,0,4,61.9608,0,0,16.90,76.45
40971,11843.72,10.97,11.44,31,0.00,0.00,-4.32,5467,2.62,65,16.5,57.2,239.11,4.02,31,39,232,14.80,26.68,11.88,4.11,1,10,-2,0,4,61.9608,0,0,16.64,75.80
40972,11843.76,10.89,11.44,31,0.00,0.00,-5.12,5429,2.54,66,16.5,57.2,229.43,3.98,27,37,213,14.80,26.10,11.30,4.11,1,10,-2,0,4,61.9608,0,0,16.13,72.97
40973,11843.8,10.89,11.61,31,0.00,0.00,-6.70,5434,2.42,66,17,57.2,219.31,3.9,16,34,111,14.80,25.09,10.29,2.65,1,10,-2,0,4,61.9608,0,0,0.00,0.00
40974,11843.84,10.72,13.19,31,0.00,0.00,-23.04,5032,1.89,66,17,57.2,158.16,3.32,0,24,0,14.80,21.03,6.23,-8.50,1,10,-2,0,5,63.1373,0,0,0.00,0.00
40975,11843.88,11.73,13.19,31,0.00,0.00,-12.43,4912,0.68,66,21.5,57.2,55.82,2.5,0,15,0,14.80,14.21,-0.59,-8.50,1,10,0,0,5,63.1373,0,0,0.00,0.00
40976,11843.92,13.92,17.86,31,0.00,0.00,-28.29,4779,0.39,66,22.5,57.2,31.22,2.14,0,13,0,14.80,10.15,-4.65,-9.07,1,10,0,0,5,0,0,0,0.00,0.00
40977,11843.96,16.91,12.91,31,0.00,0.00,23.66,4611,0.24,66,23.5,57.2,18.26,1.9,0,13,0,14.80,7.54,-7.26,-9.07,1,10,0,0,4,0,0,0,0.00,0.00
40978,11844,19.99,12.91,31,0.00,-0.78,35.40,4575,0.17,66,27,59,12.97,1.74,0,13,0,14.80,6.53,-8.28,-9.07,1,10,0,0,4,0,0,0,0.00,0.00
40979,11844.04,20.03,15.66,31,0.00,-0.78,21.83,4542,0.18,66,20,59,13.57,1.76,0,12,0,14.80,5.66,-9.15,-9.07,1,10,0,0,3,0,0,0,0.00,0.00
40980,11844.08,20.16,15.66,31,0.00,-0.78,22.33,4432,0.17,65,19,59,12.26,1.74,0,12,0,14.80,5.08,-9.73,-9.07,1,10,0,0,2,0,0,0,0.00,0.00
40981,11844.12,19.99,14.69,31,0.00,-0.78,26.48,4320,0.18,65,18.5,59,12.74,1.76,0,12,0,14.80,4.64,-10.16,-9.07,1,10,0,0,2,0,0,0,0.00,0.00
40982,11844.16,19.94,14.69,30,0.00,-0.78,26.33,4248,0.19,65,17.5,59,13.66,1.78,0,12,0,14.80,4.50,-10.31,-9.07,1,10,0,0,2,0,0,0,0.00,0.00
40983,11844.2,19.82,14.69,30,0.00,-0.78,25.86,4134,0.19,65,24.5,59,13.19,1.76,19,13,186,14.80,4.35,-10.45,-9.07,1,10,0,0,2,0,0,0,1.79,6.17
40984,11844.24,19.69,14.69,30,0.00,-0.78,25.38,4098,0.54,65,25.5,59,36.83,2.66,49,34,308,14.80,7.11,-7.70,9.87,1,10,0,0,2,65.8824,0,0,2.56,8.74
40985,11844.28,20.07,11.50,30,0.00,-0.78,42.70,4055,2.02,65,21.5,59,136.53,3.46,59,50,315,14.80,16.24,1.44,17.16,1,10,0,0,3,77.2549,0,10.1142,4.61,15.57
40986,11844.32,20.03,11.50,30,0.00,-0.78,42.58,3897,1.91,65,22,59,123.92,3.28,59,55,315,14.80,18.85,4.05,17.16,1,10,0,0,3,77.2549,0,10.1142,7.94,25.77
40987,11844.36,19.69,12.69,30,0.00,-0.78,35.57,4050,1.70,65,21,59,114.78,3.32,63,55,318,14.80,18.85,4.05,16.86,1,10,0,0,3,77.6471,0,10.1142,8.70,29.38
40988,11844.4,19.90,12.56,30,0.00,0.00,36.89,4321,1.93,65,9.5,59,139.06,3.48,69,59,323,14.80,19.29,4.49,16.86,1,10,0,0,7,77.6471,0,10.1142,9.73,35.02
40989,11844.44,17.67,12.56,30,0.00,0.00,28.91,4178,2.29,65,20,59,159.13,3.56,67,62,322,14.80,20.30,5.50,17.59,1,10,0,0,9,76.4706,0,10.1143,11.01,38.32
40990,11844.48,15.82,12.29,30,0.00,0.00,22.27,4127,2.32,66,19,59,159.91,3.56,65,61,320,14.80,21.17,6.37,17.49,1,10,0,0,12,77.2549,0,10.1143,12.29,42.26
40991,11844.52,14.34,12.29,30,0.00,0.00,14.27,4013,2.34,66,18,59,156.42,3.56,65,59,319,14.80,22.19,7.39,17.49,1,10,0,0,14,77.2549,0,10.1143,13.31,44.52
40992,11844.56,13.08,11.89,30,0.00,0.00,9.04,4136,2.35,66,18,59,162.23,3.6,65,59,320,14.80,22.77,7.97,17.44,1,10,0,0,15,77.6471,0,10.1145,13.82,47.64
40993,11844.6,12.74,11.49,30,0.00,0.00,9.83,4143,2.53,66,17.5,59,174.53,3.7,65,59,320,14.80,23.49,8.69,17.45,1,10,0,0,18,77.2549,0,10.1145,14.59,50.38
40994,11844.64,12.66,11.49,30,0.00,0.00,9.24,4088,2.61,66,17,59,177.96,3.72,64,59,319,14.80,24.80,10.00,17.45,1,10,0,0,19,77.2549,0,10.1145,15.87,54.06
40995,11844.68,12.28,11.36,30,0.00,0.00,7.49,4160,2.62,66,17,59,181.48,3.74,62,58,317,14.80,25.38,10.58,17.37,1,10,0,0,20,77.6471,0,10.1146,15.87,55.02
40996,11844.72,11.81,11.36,30,0.00,0.00,3.86,4188,2.77,67,16.5,59,193.01,3.78,59,56,315,14.80,25.96,11.16,17.37,1,10,0,0,20,77.6471,0,10.1146,16.64,58.08
40997,11844.76,11.64,11.28,30,0.00,0.00,3.09,4120,2.98,67,15.5,59,204.96,3.86,56,55,313,14.80,26.97,12.17,17.19,1,10,0,0,20,77.2549,0,10.1146,17.41,59.77
40998,11844.8,11.26,10.81,30,0.00,0.00,4.07,4186,2.99,68,15.5,59,208.67,3.86,54,53,310,14.80,27.84,13.04,17.02,1,10,0,0,20,77.2549,0,10.1144,18.43,64.29
40999,11844.84,11.73,10.81,30,0.00,0.00,7.87,4247,3.04,68,15,59,215.15,3.92,51,52,309,14.80,28.42,13.62,17.02,1,10,0,0,19,77.2549,0,10.1144,18.94,67.05
41000,11844.88,11.43,10.94,30,0.00,0.00,4.35,4188,3.20,68,14,59,223.48,3.96,49,51,307,14.80,29.58,14.78,16.89,1,10,0,0,19,76.8627,0,10.1144,20.22,70.58
41001,11844.92,11.39,10.76,29,0.00,0.00,5.50,4212,3.24,68,13.5,59,227.24,3.98,45,50,306,14.80,30.31,15.51,16.77,1,10,0,0,19,70.9804,0,3.82768,20.99,73.67
41002,11844.96,11.39,10.76,29,0.00,0.00,5.50,4270,3.38,68,13.5,59,240.32,4.02,45,50,306,14.80,31.18,16.38,16.77,1,10,0,0,18,70.9804,0,3.82768,21.76,77.43
41003,11845,11.05,10.50,29,0.00,0.00,4.97,4260,3.50,68,11.5,59,248.17,4.06,45,50,305,14.80,32.19,17.39,16.75,1,10,0,-1.4,18,67.0588,-0.0200437,0.0903569,22.27,79.07
41004,11845.04,10.76,10.50,29,0.00,0.00,2.36,4242,3.60,69,11,59,254.22,4.1,41,49,300,14.80,33.35,18.55,16.75,1,10,0,-1.4,17,67.0588,-0.0200437,0.0903569,23.55,83.25
41005,11845.08,10.80,10.31,29,0.00,0.00,4.57,4334,3.44,69,11,59,248.78,4.08,40,46,296,14.80,33.06,18.26,16.46,1,10,0,-1.4,17,61.5686,-0.340693,-5.08047,23.04,83.22
41006,11845.12,10.55,10.60,29,0.00,0.00,-0.45,4320,3.46,70,11,59,249.38,4.06,38,45,294,14.80,32.92,18.12,15.85,1,10,0,-1.4,17,59.6078,-0.750461,-5.99828,23.04,82.95
41007,11845.16,10.67,10.60,29,0.00,0.00,0.73,4284,3.38,70,11,59,241.52,4.02,36,44,290,14.80,32.92,18.12,15.85,1,10,0,-1.4,16,59.6078,-0.750461,-5.99828,22.78,81.34
41008,11845.2,10.17,10.74,29,0.00,0.00,-5.65,4341,3.23,70,11.5,59,233.67,4,35,41,286,14.80,32.19,17.39,14.93,1,10,0,-1.4,16,58.0392,-1.30655,-7.12723,22.27,80.57
41009,11845.24,10.34,11.03,29,0.00,0.00,-6.71,4352,3.15,70,12,59,228.83,3.98,35,40,286,14.80,31.18,16.38,14.62,1,10,0,-1.4,15,59.6078,-1.60246,-4.78314,21.25,77.06
41010,11845.28,10.17,11.03,29,0.00,0.00,-8.47,4328,3.06,71,12,59,220.7,3.92,35,40,286,14.80,30.31,15.51,14.62,1,10,0,-1.4,15,59.6078,-1.60246,-4.78314,20.74,74.78
41011,11845.32,10.38,11.13,29,0.00,0.00,-7.27,4398,3.08,71,12.5,59,225.79,3.96,35,40,284,14.80,30.16,15.36,14.65,1,10,0,-1.4,15,61.9608,-1.74909,-2.49368,20.22,74.12
41012,11845.36,10.51,11.13,29,0.00,0.00,-5.97,4384,3.00,71,13.5,59,218.85,3.92,35,40,285,14.80,29.73,14.93,14.65,1,10,0,-1.4,15,61.9608,-1.74909,-2.49368,19.46,71.07
41013,11845.4,10.51,11.31,29,0.00,0.00,-7.60,4396,2.96,71,13.5,59,217,3.92,35,40,284,14.80,29.58,14.78,14.53,1,10,0,-1.4,14,63.5294,-1.8005,-0.519376,19.20,70.34
41014,11845.44,10.46,11.43,29,0.00,0.00,-9.27,4445,2.96,71,13,59,219.31,3.92,34,40,284,14.80,29.00,14.20,14.42,1,10,0,-1.4,14,63.9216,-1.82764,-0.042157,18.94,70.16
41015,11845.48,10.51,11.43,29,0.00,0.00,-8.83,4440,2.92,71,14,59,216.07,3.92,34,40,283,14.80,28.71,13.91,14.42,1,10,0,-1.4,14,63.9216,-1.82764,-0.042157,18.69,69.15
41016,11845.52,10.51,11.47,29,0.00,0.00,-9.20,4451,2.92,72,14,59,216.53,3.92,33,40,281,14.80,28.57,13.77,14.19,1,10,0,-1.4,14,64.3137,-1.79095,0.284829,18.69,69.31
41017,11845.56,10.51,11.51,29,0.00,0.00,-9.54,4484,2.92,72,13,59,217.92,3.92,33,40,281,14.80,28.57,13.77,13.95,1,10,0,-1.4,13,63.9216,-1.8107,0.168574,18.43,68.87
41018,11845.6,10.76,11.51,29,0.00,0.00,-6.98,4497,2.93,73,14,59,219.78,3.94,33,40,280,14.80,28.57,13.77,13.95,1,10,0,-1.05,13,63.9216,-1.8107,0.168574,18.43,69.07
41019,11845.64,10.59,11.42,29,0.00,0.00,-7.85,4501,3.00,73,14,59,225.33,3.96,33,40,279,14.80,28.57,13.77,13.96,1,10,0,-1.05,12,63.5294,-1.83847,-0.0598178,18.43,69.13
41020,11845.68,10.76,11.52,29,0.00,0.00,-7.06,4506,2.98,73,14,59,223.48,3.96,33,40,278,14.80,28.57,13.77,13.96,1,10,0,-1.05,13,63.5294,-1.83847,-0.0598178,18.43,69.21
41021,11845.72,11.14,11.52,29,0.00,0.00,-3.40,4539,2.97,73,14,59,224.87,3.96,33,40,277,14.80,28.71,13.91,13.51,1,10,0,-1.05,12,63.1373,-1.88515,-0.435488,18.43,69.72
41022,11845.76,10.97,11.50,29,0.00,0.00,-4.88,4529,3.01,73,14,59,227.24,3.96,33,40,277,14.80,28.71,13.91,13.40,1,10,0,-1.05,12,62.3529,-1.95926,-0.970291,18.43,69.56
41023,11845.8,11.18,11.50,29,0.00,0.00,-2.90,4564,2.95,73,14,59,224.4,3.94,33,40,276,14.80,28.86,14.06,13.40,1,10,0,-1.05,11,62.3529,-1.95926,-0.970291,18.69,71.08
41024,11845.84,11.48,11.49,29,0.00,0.00,-0.13,4566,2.95,74,14,59,224.4,3.96,33,40,275,14.80,28.71,13.91,13.11,1,10,0,-1.05,11,61.1765,-2.089,-2.13324,18.43,70.14
41025,11845.88,11.39,11.51,29,0.00,0.00,-1.04,4573,2.93,74,14,59,223.02,3.96,32,40,272,14.80,28.71,13.91,12.32,1,10,0,-1.05,11,58.8235,-2.33376,-4.16838,18.43,70.23
41026,11845.92,11.26,11.51,29,0.00,0.00,-2.16,4591,2.90,74,14.5,59,221.63,3.94,31,39,268,14.80,28.71,13.91,12.32,1,10,0,-1.05,11,58.8235,-2.33376,-4.16838,18.18,69.53
41027,11845.96,11.31,11.54,29,0.00,0.00,-2.05,4587,2.82,74,12.5,59,215.61,3.92,30,38,265,14.80,28.57,13.77,10.63,1,10,-2,-1.05,10,65.098,0,0,18.18,69.47
41028,11846,11.26,11.54,29,0.00,0.00,-2.44,4585,2.80,75,13.5,59,214.22,3.9,29,38,261,14.80,27.70,12.90,10.63,1,10,-2,0,10,65.098,0,0,17.92,68.47
41029,11846.04,10.89,11.82,29,0.00,0.00,-8.63,4635,2.79,75,14,59,215.61,3.9,29,37,257,14.80,27.26,12.46,9.19,1,10,-2,0,10,65.098,0,0,17.15,66.25
41030,11846.08,11.05,11.82,29,0.00,0.00,-6.93,4606,2.83,75,14,59,217.46,3.9,28,37,254,14.80,27.26,12.46,7.87,1,10,-2,0,10,64.7059,0,0,17.15,65.84
41031,11846.12,11.39,11.82,29,0.00,0.00,-3.77,4630,2.76,75,14.5,59,213.29,3.92,27,37,253,14.80,27.26,12.46,7.87,1,10,-2,0,9,64.7059,0,0,17.15,66.18
41032,11846.16,11.10,11.75,29,0.00,0.00,-5.86,4660,2.71,75,14.5,59,210.52,3.9,28,36,253,14.80,26.97,12.17,6.85,1,10,-2,0,9,64.7059,0,0,16.90,65.61
41033,11846.2,11.31,11.73,29,0.00,0.00,-3.72,4678,2.72,75,14.5,59,211.91,3.88,28,36,252,14.80,26.97,12.17,6.96,1,10,-2,0,9,64.7059,0,0,16.90,65.86
41034,11846.24,11.14,11.73,29,0.00,0.00,-5.29,4686,2.71,76,14.5,59,211.91,3.9,27,36,252,14.80,26.97,12.17,6.96,1,10,-2,0,8,64.7059,0,0,16.90,65.97
41035,11846.28,11.43,11.68,29,0.00,0.00,-2.14,4720,2.70,76,15,59,212.37,3.9,27,36,250,14.80,26.97,12.17,6.52,1,10,-2,0,8,64.7059,0,0,16.90,66.45
41036,11846.32,11.48,11.68,29,0.00,0.00,-1.76,4710,2.74,76,15,59,215.15,3.9,27,36,249,14.80,26.97,12.17,6.52,1,10,-2,0,8,64.7059,0,0,16.90,66.31
41037,11846.36,11.39,11.61,29,0.00,0.00,-1.93,4706,2.72,76,15,59,213.29,3.88,27,36,245,14.80,26.83,12.03,6.17,1,10,-2,0,8,64.7059,0,0,16.90,66.26
41038,11846.4,11.22,11.60,29,0.00,0.00,-3.34,4718,2.71,76,15,57.2,213.29,3.9,27,36,246,14.80,26.83,12.03,5.16,1,10,-2,0,7,64.7059,0,0,16.64,65.42
41039,11846.44,11.56,11.60,29,0.00,0.00,-0.33,4725,2.70,76,15,57.2,212.83,3.9,27,36,245,14.80,26.68,11.88,5.16,1,10,-2,0,7,64.7059,0,0,16.64,65.51
41040,11846.48,11.35,11.68,29,0.00,0.00,-2.95,4774,2.68,77,15,57.2,212.83,3.88,26,36,242,14.80,26.54,11.74,5.10,1,10,-2,0,7,64.3137,0,0,16.64,66.20
41041,11846.52,11.43,11.68,29,0.00,0.00,-2.18,4775,2.65,77,15,57.2,210.98,3.88,26,36,241,14.80,26.54,11.74,4.38,1,10,-2,0,6,64.3137,0,0,16.64,66.22
41042,11846.56,11.39,11.68,29,0.00,0.00,-2.56,4805,2.64,77,15.5,57.2,211.44,3.88,25,36,239,14.80,26.39,11.59,4.38,1,10,-2,0,6,64.3137,0,0,16.38,65.60
41043,11846.6,11.35,11.61,29,0.00,0.00,-2.27,4772,2.68,77,15.5,57.2,213.29,3.88,24,36,232,14.80,26.39,11.59,3.87,1,10,-2,0,6,64.3137,0,0,16.38,65.16
41044,11846.64,11.60,11.61,29,0.00,0.00,-0.04,4774,2.58,78,15.5,57.2,205.42,3.84,24,35,223,14.80,26.10,11.30,3.87,1,10,-2,0,6,64.3137,0,0,16.13,64.16
41045,11846.68,11.22,11.82,29,0.00,0.00,-5.29,4840,2.45,78,16,57.2,197.81,3.8,23,34,219,14.80,25.52,10.72,3.12,1,10,-2,0,5,64.3137,0,0,15.62,62.98
41046,11846.72,11.35,12.00,29,0.00,0.00,-5.78,4832,2.45,78,16,57.2,197.33,3.8,22,33,211,14.80,24.94,10.14,2.80,1,10,-2,0,5,63.9216,0,0,15.10,60.82
41047,11846.76,11.52,12.00,29,0.00,0.00,-4.22,4829,2.38,78,16,57.2,191.57,3.78,20,33,186,14.80,24.65,9.85,2.80,1,10,-2,0,6,63.9216,0,0,15.10,60.78
41048,11846.8,11.01,12.10,29,0.00,0.00,-9.85,4846,2.17,78,16.5,57.2,175.07,3.7,18,31,162,14.80,23.49,8.69,1.38,1,10,-2,0,5,63.9216,0,0,14.08,56.86
41049,11846.84,11.48,12.88,29,0.00,0.00,-12.21,4823,2.10,78,17,57.2,169.16,3.62,13,29,135,14.80,22.04,7.24,-1.80,1,10,-2,0,6,63.9216,0,0,12.80,51.44
41050,11846.88,11.31,12.88,29,0.00,0.00,-13.88,4841,1.76,79,17.5,57.2,142.01,3.4,2,23,9,14.80,19.14,4.34,-1.80,1,10,-2,0,5,63.9216,0,0,0.00,0.00
41051,11846.92,10.84,14.93,29,0.00,0.00,-37.72,4540,0.75,79,21,57.2,56.93,2.56,0,15,0,14.80,13.34,-1.46,-9.07,1,10,0,0,5,64.7059,0,0,7.94,30.02
41052,11846.96,12.19,14.93,29,0.00,0.00,-22.49,4919,0.46,78,6,57.2,37.88,2.36,0,13,0,14.80,10.44,-4.36,-9.07,1,10,0,0,4,64.7059,0,0,7.17,29.38
41053,11847,12.61,13.12,29,0.00,0.00,-4.05,4859,0.27,78,6.5,57.2,22.2,2,0,13,0,14.80,7.54,-7.26,-9.07,1,10,0,0,4,0,0,0,0.00,0.00
41054,11847.04,14.34,15.19,29,0.00,0.00,-5.93,4746,0.19,78,9.5,57.2,15.11,1.8,0,13,0,14.80,6.38,-8.42,-9.07,1,10,0,0,4,0,0,0,0.00,0.00
41055,11847.08,16.74,15.19,29,0.00,0.00,9.27,4635,0.17,78,11,57.2,13.1,1.76,0,13,0,14.80,5.66,-9.15,-9.07,1,10,0,0,2,0,0,0,0.00,0.00
41056,11847.12,20.16,14.69,29,0.00,0.00,27.10,4520,0.17,78,10.5,57.2,12.63,1.76,0,13,0,14.80,5.22,-9.58,-9.07,1,10,0,0,2,0,0,0,0.00,0.00
41057,11847.16,20.20,14.69,29,0.00,0.00,27.25,4409,0.19,78,9.5,57.2,13.76,1.8,0,13,0,14.80,4.93,-9.87,-9.07,1,10,0,0,2,0,0,0,0.00,0.00
41058,11847.2,19.99,14.69,29,0.00,-0.78,26.48,4293,0.21,78,8.5,57.2,15.14,1.82,0,13,0,14.80,4.64,-10.16,-9.07,1,10,0,0,2,0,0,0,0.00,0.00
41059,11847.24,20.16,14.69,29,0.00,-0.78,27.10,4181,0.21,78,7.5,57.2,14.58,1.8,0,13,0,14.80,4.50,-10.31,-9.07,1,10,0,0,2,0,0,0,0.00,0.00
41060,11847.28,20.20,14.69,29,0.00,-0.78,27.25,4106,0.23,78,6.5,57.2,15.43,1.82,0,12,0,14.80,4.35,-10.45,-9.07,1,10,0,0,3,0,0,0,0.00,0.00
41061,11847.32,19.82,14.69,29,0.00,-0.78,25.86,3993,0.23,78,5.5,57.2,15.33,1.82,0,12,0,14.80,4.35,-10.45,-9.06,1,10,0,0,2,0,0,0,0.00,0.00
41062,11847.36,20.20,14.69,28,0.00,-0.78,27.25,3876,0.22,78,4.5,57.2,14.41,1.8,0,12,0,14.80,4.35,-10.45,-9.06,1,10,0,0,2,0,0,0,0.00,0.00
41063,11847.4,20.20,14.69,28,0.00,-0.78,27.25,3799,0.24,78,4,57.2,15.14,1.82,0,12,0,14.80,4.35,-10.45,-9.06,1,10,0,0,3,0,0,0,0.00,0.00
41064,11847.44,19.86,12.77,28,0.00,-0.78,35.68,3683,0.24,78,3.5,57.2,14.6,1.8,0,12,0,14.80,4.50,-10.31,-9.06,1,10,0,0,3,0,0,0,0.00,0.00
41065,11847.48,20.03,12.77,28,0.00,-0.78,36.22,3608,0.23,78,3.5,57.2,14.04,1.78,0,12,0,14.80,4.50,-10.31,-9.06,1,10,0,0,2,0,0,0,0.00,0.00
41066,11847.52,20.03,12.77,28,0.00,-0.78,36.22,3531,0.23,78,3.5,57.2,13.66,1.78,0,11,0,14.80,4.50,-10.31,-9.06,1,10,0,0,2,0,0,0,0.00,0.00
41067,11847.56,19.94,12.77,28,0.00,-0.78,35.96,3416,0.24,78,3.5,57.2,13.57,1.78,0,11,0,14.80,4.64,-10.16,-9.06,1,10,0,0,2,0,0,0,0.00,0.00
41068,11847.6,20.11,12.77,28,0.00,-0.78,36.49,3335,0.23,78,3.5,57.2,12.91,1.76,0,11,0,14.80,4.64,-10.16,-9.06,1,10,0,0,3,0,0,0,0.00,0.00
41069,11847.64,20.11,12.77,28,0.00,-0.78,36.49,3257,0.23,78,3.5,57.2,12.5,1.74,0,11,0,14.80,4.64,-10.16,-9.06,1,10,0,0,3,0,0,0,0.00,0.00
41070,11847.68,19.78,12.77,28,0.00,-0.78,35.41,3178,0.23,77,3.5,57.2,12.37,1.74,0,11,0,14.80,4.64,-10.16,-9.11,1,10,0,0,2,0,0,0,0.00,0.00
41071,11847.72,19.61,12.77,28,0.00,-0.78,34.85,3097,0.24,77,20.5,57.2,12.31,1.74,10,12,42,14.80,4.79,-10.02,-9.11,1,10,0,0,3,0,0,0,2.30,5.95
41072,11847.76,19.35,12.77,28,0.00,-0.78,34.01,3095,0.35,77,21.5,57.2,17.88,2.04,15,19,127,14.80,5.22,-9.58,-6.63,1,10,0,0,2,74.902,0,0,2.30,5.94
41073,11847.8,19.73,11.51,28,0.00,-0.78,41.68,3116,0.71,77,22.5,57.2,36.85,2.34,9,20,41,14.80,7.40,-7.41,-7.26,1,10,0,0,3,74.902,0,0,3.07,7.98
41074,11847.84,19.73,11.51,28,0.00,-0.78,41.68,3095,0.60,77,23,57.2,30.79,2.22,5,16,25,14.80,7.54,-7.26,-7.26,1,10,0,0,4,74.902,0,0,3.58,9.24
41075,11847.88,15.52,12.47,28,0.00,-0.78,19.67,3035,0.43,77,23.5,57.2,21.78,2,2,13,13,14.80,6.96,-7.84,-8.53,1,10,0,0,7,74.902,0,0,3.58,9.07
41076,11847.92,15.44,12.47,28,0.00,-0.78,19.24,3040,0.33,77,24.5,57.2,16.52,1.84,0,11,0,14.80,6.38,-8.42,-8.53,1,10,0,0,9,74.902,0,0,3.33,8.43
41077,11847.96,15.23,13.52,28,0.00,-0.78,11.17,3048,0.25,77,24.5,57.2,12.45,1.72,0,10,0,14.80,5.66,-9.15,-9.46,1,10,0,0,12,0,0,0,3.07,7.80
41078,11848,13.16,13.75,28,0.00,-0.78,-4.51,3031,0.23,77,23.5,59,11.67,1.68,0,10,0,14.80,5.22,-9.58,-9.47,1,10,0,0,14,0,0,0,2.82,7.11
41079,11848.04,12.78,13.75,28,0.00,-0.78,-7.61,3029,0.22,77,22.5,59,10.98,1.66,0,9,0,14.80,4.79,-10.02,-9.47,1,10,0,0,13,0,0,0,2.56,6.46
41080,11848.08,11.94,12.98,28,0.00,-0.78,-8.70,3026,0.20,77,22,59,10.15,1.66,0,9,0,14.80,4.64,-10.16,-9.45,1,10,0,0,10,0,0,0,2.30,5.81
41081,11848.12,11.85,13.03,28,0.00,-0.78,-9.89,3015,0.20,77,21,59,9.97,1.64,0,9,0,14.80,4.35,-10.45,-9.48,1,10,0,0,8,0,0,0,2.30,5.79
41082,11848.16,11.60,13.03,28,0.00,-0.78,-12.29,3000,0.19,77,20,59,9.48,1.62,0,9,0,14.80,4.21,-10.60,-9.48,1,10,0,0,6,0,0,0,2.05,5.12
41083,11848.2,11.94,13.02,28,0.00,-0.78,-9.08,3036,0.19,77,12.5,59,9.59,1.62,0,9,0,14.80,4.06,-10.74,-9.53,1,10,0,0,5,0,0,0,2.05,5.18
41084,11848.24,12.23,13.02,28,0.00,-0.78,-6.44,3031,0.19,77,12.5,59,9.4,1.62,0,9,0,14.80,4.06,-10.74,-9.53,1,10,0,0,4,0,0,0,2.05,5.17
41085,11848.28,12.28,12.98,28,0.00,-0.78,-5.75,3006,0.18,77,12.5,59,9.15,1.6,0,9,3,14.80,3.92,-10.89,-9.48,1,10,0,0,3,0,0,0,0.00,0.00
,,,,,,,,,,,,,,,,,,,,,,,,,,,,,,,
105211,14413.32,13.25,12.59,31,0.00,0.00,4.94,3745,1.18,45,22.5,48.2,73.84,2.92,22,28,222,14.80,13.49,-1.32,2.82,1,10,0,0,16,63.9216,0,0,7.42,23.17
105212,14413.36,13.75,12.47,31,0.00,0.00,9.30,3744,1.22,45,22,48.2,75.9,2.94,22,29,229,14.80,13.63,-1.17,2.98,1,10,0,0,17,63.9216,0,0,7.68,23.96
105213,14413.4,13.29,12.36,31,0.00,0.00,6.99,3785,1.27,45,22,48.2,80.04,2.98,23,29,235,14.80,13.92,-0.88,3.66,1,10,0,0,17,63.9216,0,0,7.94,25.03
105214,14413.44,13.20,12.36,31,0.00,0.00,6.39,3769,1.34,45,22,48.2,83.95,3,24,30,249,14.80,14.07,-0.74,3.66,1,10,0,0,17,63.9216,0,0,8.19,25.73
105215,14413.48,13.25,12.19,31,0.00,0.00,7.98,3793,1.39,45,22,48.2,87.74,3.04,25,31,266,14.80,14.50,-0.30,7.44,1,10,0,0,17,64.3137,0,0,8.45,26.70
105216,14413.52,13.08,11.79,31,0.00,0.00,9.86,3796,1.51,46,21.5,48.2,95.73,3.12,26,33,270,14.80,15.23,0.42,10.69,1,10,0,0,17,64.3137,0,0,8.96,28.34
105217,14413.56,12.82,11.79,31,0.00,0.00,8.08,3846,1.56,46,21,48.2,100.31,3.12,26,33,271,14.80,15.66,0.86,10.69,1,10,0,0,18,65.098,0,0,9.47,30.36
105218,14413.6,13.12,11.84,31,0.00,0.00,9.75,3834,1.61,46,21,48.2,102.81,3.14,26,34,271,14.80,15.95,1.15,10.99,1,10,0,0,18,65.4902,0,0,9.73,31.08
105219,14413.64,12.87,11.84,31,0.00,0.00,7.99,3848,1.65,46,21.5,48.2,105.74,3.18,26,34,271,14.80,16.24,1.44,10.99,1,10,0,0,19,65.4902,0,0,9.98,32.02
105220,14413.68,12.44,11.83,31,0.00,0.00,4.94,3866,1.66,47,21,48.2,107.24,3.18,27,34,272,14.80,16.68,1.88,10.92,1,10,0,0,21,65.098,0,0,10.24,32.99
105221,14413.72,12.19,11.84,31,0.00,0.00,2.85,3875,1.68,47,20.5,48.2,108.56,3.2,27,34,272,14.80,16.68,1.88,11.35,1,10,0,0,22,65.4902,0,0,10.50,33.89
105222,14413.76,12.40,11.84,31,0.00,0.00,4.50,3910,1.68,47,21,48.2,109.69,3.22,27,34,271,14.80,16.82,2.02,11.35,1,10,0,0,22,65.4902,0,0,10.50,34.20
105223,14413.8,12.15,11.86,31,0.00,0.00,2.40,3903,1.72,47,20.5,48.2,111.76,3.24,26,34,270,14.80,17.11,2.31,11.35,1,10,0,0,23,65.4902,0,0,10.75,34.97
105224,14413.84,12.32,11.87,31,0.00,0.00,3.67,3932,1.73,47,21,48.2,113.46,3.28,26,34,268,14.80,17.40,2.60,10.67,1,10,0,0,23,65.098,0,0,10.75,35.23
105225,14413.88,12.02,11.87,31,0.00,0.00,1.30,3960,1.74,47,20.5,48.2,115.02,3.28,25,34,267,14.80,17.55,2.75,10.67,1,10,0,0,23,65.098,0,0,11.01,36.32
105226,14413.92,12.28,11.89,31,0.00,0.00,3.18,3950,1.78,48,20.5,48.2,117.32,3.3,25,34,266,14.80,17.69,2.89,10.42,1,10,0,0,23,65.098,0,0,11.01,36.23
105227,14413.96,12.40,11.89,31,0.00,0.00,4.16,3986,1.80,48,20.5,48.2,119.63,3.3,25,34,266,14.80,17.84,3.04,10.42,1,10,0,0,24,65.098,0,0,11.01,36.56
105228,14414,12.32,11.91,31,0.00,0.00,3.33,4001,1.83,48,20.5,48.2,121.94,3.34,25,34,266,14.80,17.98,3.18,10.43,1,10,0,0,23,65.098,0,0,11.26,37.56
105229,14414.04,12.53,11.89,31,0.00,0.00,5.05,4007,1.87,48,20,48.2,124.91,3.34,25,34,265,14.80,18.27,3.47,10.20,1,10,0,0,23,64.7059,0,0,11.52,38.46
105230,14414.08,12.36,11.89,31,0.00,0.00,3.76,4047,1.89,48,20.5,48.2,127.55,3.38,25,34,265,14.80,18.42,3.62,10.20,1,10,0,0,23,64.7059,0,0,11.52,38.85
105231,14414.12,12.28,11.87,30,0.00,0.00,3.34,4050,1.94,48,20.5,48.2,130.84,3.4,25,34,265,14.80,18.71,3.91,10.11,1,10,0,0,22,64.7059,0,0,11.78,39.74
105232,14414.16,12.74,11.85,30,0.00,0.00,6.95,4057,1.97,49,19.5,48.2,132.92,3.4,25,34,263,14.80,18.85,4.05,9.58,1,10,0,0,22,64.7059,0,0,12.03,40.68
105233,14414.2,12.40,11.85,30,0.00,0.00,4.43,4099,2.00,49,19.5,48.2,136.95,3.42,24,33,255,14.80,19.14,4.34,9.58,1,10,0,0,22,64.7059,0,0,12.29,41.97
105234,14414.24,12.66,11.84,30,0.00,0.00,6.42,4118,1.97,49,19.5,48.2,135.27,3.42,24,33,248,14.80,19.00,4.20,6.01,1,10,0,0,22,64.3137,0,0,12.29,42.17
105235,14414.28,12.44,11.84,30,0.00,0.00,4.83,4091,1.98,49,19.5,48.2,134.85,3.42,24,32,244,14.80,19.00,4.20,6.01,1,10,0,0,21,64.3137,0,0,12.29,41.89
105236,14414.32,12.40,11.89,30,0.00,0.00,4.09,4121,2.01,50,19,48.2,137.8,3.44,24,32,244,14.80,19.00,4.20,4.97,1,10,0,0,21,64.3137,0,0,12.29,42.20
105237,14414.36,12.02,11.90,30,0.00,0.00,0.99,4189,2.01,50,19.5,48.2,140.33,3.44,24,32,243,14.80,19.00,4.20,4.77,1,10,0,0,21,64.3137,0,0,12.54,43.78
105238,14414.4,12.28,11.90,30,0.00,0.00,3.03,4197,2.07,50,19.5,48.2,144.54,3.48,23,32,233,14.80,19.29,4.49,4.77,1,10,0,0,21,64.3137,0,0,12.80,44.77
105239,14414.44,12.19,11.90,30,0.00,0.00,2.39,4193,2.04,50,19.5,48.2,142.86,3.46,22,31,223,14.80,19.14,4.34,3.38,1,10,0,0,20,64.3137,0,0,12.80,44.73
105240,14414.48,11.90,11.95,30,0.00,0.00,-0.46,4188,2.04,51,19.5,48.2,142.43,3.46,21,31,207,14.80,19.00,4.20,2.28,1,10,0,0,20,64.3137,0,0,12.80,44.67
105241,14414.52,12.02,11.95,30,0.00,0.00,0.59,4230,1.95,51,19,48.2,137.38,3.44,20,29,194,14.80,18.56,3.76,2.28,1,10,0,0,20,64.3137,0,0,12.54,44.22
105242,14414.56,11.85,12.13,30,0.00,0.00,-2.36,4257,1.77,51,20,48.2,125.57,3.34,19,29,188,14.80,18.13,3.33,1.50,1,10,0,0,19,64.7059,0,0,12.03,42.68
105243,14414.6,11.73,12.13,30,0.00,0.00,-3.46,4247,1.76,51,20,48.2,124.25,3.34,19,28,182,14.80,17.40,2.60,1.50,1,10,0,0,19,64.7059,0,0,11.26,39.87
105244,14414.64,11.73,12.45,30,0.00,0.00,-6.15,4275,1.71,52,20.5,48.2,121.94,3.32,18,28,172,14.80,16.97,2.17,1.17,1,10,0,0,18,64.7059,0,0,11.01,39.21
105245,14414.68,11.64,12.53,30,0.00,0.00,-7.60,4317,1.61,52,20.5,48.2,116.01,3.28,18,27,172,14.80,16.39,1.59,1.05,1,10,0,0,18,64.7059,0,0,10.50,37.75
105246,14414.72,11.43,12.53,30,0.00,0.00,-9.58,4290,1.60,52,21,48.2,114.12,3.24,18,28,172,14.80,15.95,1.15,1.05,1,10,0,0,18,64.7059,0,0,9.98,35.69
105247,14414.76,11.77,12.65,30,0.00,0.00,-7.52,4293,1.60,52,21,48.2,114.69,3.28,18,28,172,14.80,15.81,1.01,0.94,1,10,0,0,17,64.7059,0,0,9.98,35.71
105248,14414.8,11.94,12.47,30,0.00,0.00,-4.43,4319,1.57,52,21,48.2,113.13,3.26,18,28,175,14.80,15.66,0.86,1.04,1,10,0,0,17,64.7059,0,0,9.73,35.01
105249,14414.84,11.94,12.47,30,0.00,0.00,-4.43,4346,1.60,52,21,48.2,116.01,3.28,18,28,175,14.80,15.52,0.72,1.04,1,10,0,0,16,64.7059,0,0,9.73,35.23
105250,14414.88,12.02,12.36,30,0.00,0.00,-2.84,4372,1.57,53,21.5,48.2,114.36,3.26,18,28,178,14.80,15.37,0.57,1.14,1,10,0,0,16,64.7059,0,0,9.73,35.44
105251,14414.92,11.77,12.36,30,0.00,0.00,-5.05,4383,1.57,53,21,48.2,114.69,3.28,18,29,178,14.80,15.37,0.57,1.14,1,10,0,0,15,64.7059,0,0,9.73,35.53
105252,14414.96,11.81,12.27,30,0.00,0.00,-3.90,4398,1.55,53,21.5,48.2,113.79,3.26,18,29,178,14.80,15.23,0.42,1.14,1,10,0,0,15,64.7059,0,0,9.73,35.65
105253,14415,11.90,12.22,30,0.00,0.00,-2.74,4416,1.53,53,21.5,48.2,112.7,3.26,20,29,189,14.80,15.23,0.42,1.44,1,10,0,0,14,64.7059,0,0,9.73,35.79
105254,14415.04,11.85,12.22,30,0.00,0.00,-3.11,4432,1.58,53,21.5,48.2,116.67,3.3,20,29,198,14.80,15.23,0.42,1.44,1,10,0,0,14,64.7059,0,0,9.73,35.93
105255,14415.08,11.85,12.11,30,0.00,0.00,-2.20,4461,1.60,53,21.5,48.2,119.3,3.32,21,30,203,14.80,15.66,0.86,1.84,1,10,0,0,13,64.7059,0,0,9.98,37.11
105256,14415.12,12.02,12.02,30,0.00,0.00,0.00,4466,1.65,53,21.5,48.2,122.93,3.34,21,31,206,14.80,15.95,1.15,2.20,1,10,0,0,13,64.7059,0,0,9.98,37.16
105257,14415.16,11.94,12.02,30,0.00,0.00,-0.71,4473,1.65,53,22,48.2,122.93,3.34,21,31,205,14.80,16.10,1.30,2.20,1,10,0,0,12,64.7059,0,0,10.24,38.17
105258,14415.2,11.90,11.98,30,0.00,0.00,-0.74,4491,1.68,54,21.5,48.2,125.9,3.36,22,31,211,14.80,16.24,1.44,2.32,1,10,0,0,12,64.7059,0,0,10.24,38.32
105259,14415.24,11.90,11.98,30,0.00,0.00,-0.74,4515,1.68,54,21,48.2,126.56,3.36,22,31,213,14.80,16.39,1.59,2.32,1,10,0,0,12,64.7059,0,0,10.50,39.49
105260,14415.28,11.85,11.93,30,0.00,0.00,-0.66,4527,1.73,54,21,48.2,130.51,3.4,22,32,213,14.80,16.68,1.88,2.55,1,10,0,0,12,64.3137,0,0,10.50,39.60
105261,14415.32,11.64,11.90,30,0.00,0.00,-2.24,4531,1.74,54,21,48.2,131.5,3.4,22,32,218,14.80,16.82,2.02,2.66,1,10,0,0,11,64.3137,0,0,10.75,40.60
105262,14415.36,11.81,11.90,30,0.00,0.00,-0.78,4558,1.77,55,21,48.2,134.42,3.42,24,32,228,14.80,16.97,2.17,2.66,1,10,0,0,11,64.3137,0,0,11.01,41.81
105263,14415.4,12.28,11.86,30,0.00,0.00,3.41,4572,1.86,55,21,48.2,142.01,3.48,26,33,248,14.80,17.55,2.75,3.58,1,10,0,0,11,64.3137,0,0,11.26,42.92
105264,14415.44,11.77,11.26,30,0.00,0.00,4.34,4593,2.05,55,20.5,48.2,156.81,3.56,29,36,261,14.80,18.42,3.62,9.09,1,10,0,0,11,64.3137,0,0,12.03,46.05
105265,14415.48,11.56,11.26,30,0.00,0.00,2.60,4628,2.16,55,20,48.2,166.88,3.62,30,38,265,14.80,19.58,4.78,9.09,1,10,0,0,10,64.3137,0,0,12.80,49.36
105266,14415.52,11.77,11.37,30,0.00,0.00,3.36,4637,2.23,55,17.5,48.2,172.12,3.66,31,38,265,14.80,20.59,5.79,10.21,1,10,-2,0,10,63.9216,0,0,13.31,51.44
105267,14415.56,11.43,11.37,30,0.00,0.00,0.52,4632,2.29,55,17.5,48.2,176.68,3.72,31,38,265,14.80,21.32,6.52,10.21,1,10,-2,0,9,63.9216,0,0,13.82,53.36
105268,14415.6,11.48,11.37,30,0.00,0.00,0.89,4649,2.35,56,17,48.2,181.96,3.74,31,38,263,14.80,22.04,7.24,10.19,1,10,-2,0,9,63.9216,0,0,14.34,55.54
105269,14415.64,11.43,11.31,30,0.00,0.00,1.04,4681,2.41,56,17,48.2,188.21,3.76,30,38,260,14.80,22.62,7.82,9.21,1,10,-2,0,9,63.9216,0,0,15.10,58.92
105270,14415.68,11.05,11.31,30,0.00,0.00,-2.35,4675,2.48,57,16.5,48.2,193.49,3.8,30,38,261,14.80,23.20,8.40,9.21,1,10,-2,0,8,63.9216,0,0,15.36,59.84
105271,14415.72,11.31,11.17,30,0.00,0.00,1.24,4711,2.52,57,16.5,48.2,197.81,3.8,29,38,258,14.80,23.64,8.84,9.07,1,10,-2,0,8,63.9216,0,0,15.62,61.30
105272,14415.76,11.18,11.19,30,0.00,0.00,-0.07,4761,2.54,57,16.5,48.2,201.17,3.82,29,37,255,14.80,24.07,9.27,7.56,1,10,-2,0,7,63.5294,0,0,16.13,63.99
105273,14415.8,11.22,11.19,30,0.00,0.00,0.31,4776,2.56,57,16,48.2,204.04,3.84,29,37,254,14.80,24.51,9.71,7.56,1,10,-2,0,7,63.5294,0,0,16.38,65.20
105274,14415.84,11.18,10.74,30,0.00,0.00,3.89,4785,2.56,58,16,48.2,204.03,3.88,29,37,253,14.80,25.09,10.29,7.44,1,10,-2,0,6,63.5294,0,0,16.90,67.37
105275,14415.88,11.01,10.74,30,0.00,0.00,2.42,4803,2.69,58,16,48.2,215.15,3.92,29,37,251,14.80,25.67,10.87,7.44,1,10,-2,0,7,63.5294,0,0,17.15,68.65
105276,14415.92,11.26,11.05,30,0.00,0.00,1.92,4840,2.70,58,15.5,48.2,217.46,3.9,29,37,250,14.80,26.10,11.30,6.99,1,10,-2,0,6,63.1373,0,0,17.66,71.24
105277,14415.96,10.97,11.02,30,0.00,0.00,-0.46,4881,2.67,58,15.5,48.2,217.46,3.92,28,37,247,14.80,26.39,11.59,5.55,1,10,-2,0,5,63.1373,0,0,17.66,71.84
105278,14416,10.84,11.02,30,0.00,0.00,-1.63,4881,2.71,58,15.5,48.2,220.7,3.96,28,37,245,14.80,26.54,11.74,5.55,1,10,-2,0,5,63.1373,0,0,17.92,72.88
105279,14416.04,10.72,11.06,30,0.00,0.00,-3.16,4885,2.73,58,15.5,48.2,222.55,3.94,28,37,244,14.80,26.83,12.03,4.98,1,10,-2,0,4,63.1373,0,0,17.92,72.95
105280,14416.08,11.18,11.08,30,0.00,0.00,0.92,4925,2.71,59,15.5,48.2,222.55,3.94,28,36,243,14.80,26.83,12.03,4.58,1,10,-2,0,5,63.1373,0,0,17.66,72.49
105281,14416.12,11.05,11.08,30,0.00,0.00,-0.20,4970,2.68,59,15.5,48.2,222.09,3.94,28,36,244,14.80,26.83,12.03,4.58,1,10,-2,0,5,63.1373,0,0,17.66,73.15
105282,14416.16,11.05,11.15,30,0.00,0.00,-0.91,4952,2.72,60,15.5,48.2,224.4,3.94,27,37,238,14.80,26.68,11.88,4.43,1,10,-2,0,4,62.7451,0,0,17.66,72.89
105283,14416.2,11.18,11.15,30,0.00,0.00,0.22,4961,2.70,60,15.5,48.2,223.02,3.94,27,36,237,14.80,26.83,12.03,4.43,1,10,-2,0,4,62.7451,0,0,17.66,73.03
105284,14416.24,11.22,11.18,30,0.00,0.00,0.42,5019,2.66,60,16,48.2,222.09,3.94,27,36,239,14.80,26.83,12.03,3.78,1,10,-2,0,4,62.7451,0,0,17.41,72.80
105285,14416.28,10.89,11.23,30,0.00,0.00,-3.20,5025,2.66,60,16,48.2,222.55,3.94,27,36,237,14.80,26.68,11.88,3.74,1,10,-2,0,4,62.7451,0,0,17.41,72.90
105286,14416.32,11.05,11.23,30,0.00,0.00,-1.62,5041,2.63,61,16,48.2,220.7,3.94,27,36,236,14.80,26.39,11.59,3.74,1,10,-2,0,4,62.7451,0,0,17.15,72.06
105287,14416.36,11.05,11.28,30,0.00,0.00,-2.01,5100,2.60,61,16,48.2,220.7,3.94,27,36,236,14.80,26.39,11.59,3.72,1,10,-2,0,4,62.3529,0,0,16.90,71.80
105288,14416.4,11.14,11.31,30,0.00,0.00,-1.57,5085,2.57,62,16,48.2,217.92,3.92,27,36,235,14.80,26.25,11.45,3.63,1,10,-2,0,4,62.3529,0,0,16.90,71.59
105289,14416.44,10.93,11.31,30,0.00,0.00,-3.53,5141,2.54,62,16.5,48.2,217.46,3.9,27,36,235,14.80,26.10,11.30,3.63,1,10,-2,0,4,62.3529,0,0,16.90,72.39
105290,14416.48,10.80,11.37,30,0.00,0.00,-5.31,5135,2.60,62,16.5,48.2,222.55,3.94,27,36,233,14.80,26.25,11.45,3.61,1,10,-2,0,4,62.3529,0,0,16.64,71.20
105291,14416.52,11.10,11.37,30,0.00,0.00,-2.50,5170,2.57,62,16.5,48.2,221.16,3.94,27,36,232,14.80,26.10,11.30,3.61,1,10,-2,0,3,62.3529,0,0,16.64,71.69
105292,14416.56,11.10,11.35,30,0.00,0.00,-2.30,5208,2.55,63,16.5,48.2,221.16,3.94,27,36,232,14.80,25.81,11.01,3.45,1,10,-2,0,3,61.9608,0,0,16.38,71.10
105293,14416.6,11.22,11.41,30,0.00,0.00,-1.69,5187,2.57,63,16.5,48.2,222.55,3.92,27,36,229,14.80,25.81,11.01,3.42,1,10,-2,0,4,61.9608,0,0,16.38,70.82
105294,14416.64,11.05,11.41,30,0.00,0.00,-3.24,5257,2.49,63,17,48.2,217.92,3.94,27,36,230,14.80,25.67,10.87,3.42,1,10,-2,0,4,61.9608,0,0,16.38,71.78
105295,14416.68,11.22,11.43,30,0.00,0.00,-1.89,5236,2.51,63,17,48.2,219.31,3.94,27,36,228,14.80,25.38,10.58,3.28,1,10,-2,0,4,61.9608,0,0,16.13,70.37
105296,14416.72,11.22,11.46,30,0.00,0.00,-2.08,5305,2.46,63,17,48.2,217.92,3.92,27,36,228,14.80,25.23,10.43,3.28,1,10,-2,0,4,61.5686,0,0,15.87,70.16
105297,14416.76,10.93,11.46,30,0.00,0.00,-4.83,5284,2.50,63,17,48.2,219.78,3.94,28,36,225,14.80,25.38,10.58,3.28,1,10,-2,0,4,61.5686,0,0,15.87,69.89
105298,14416.8,11.10,11.46,30,0.00,0.00,-3.32,5328,2.50,64,17,48.2,222.09,3.94,28,36,226,14.80,25.23,10.43,3.28,1,10,-2,0,4,61.5686,0,0,15.87,70.47
105299,14416.84,11.39,11.46,30,0.00,0.00,-0.65,5326,2.49,64,17,48.2,220.7,3.94,28,36,226,14.80,25.09,10.29,3.28,1,10,-2,0,4,61.5686,0,0,15.87,70.44
105300,14416.88,11.31,11.61,30,0.00,0.00,-2.64,5359,2.50,65,17,48.2,223.02,3.96,28,36,222,14.80,24.94,10.14,3.11,1,10,-2,0,4,61.5686,0,0,15.62,69.74
105301,14416.92,11.31,11.52,30,0.00,0.00,-1.90,5407,2.45,65,17.5,48.2,221.16,3.94,28,36,224,14.80,24.80,10.00,3.05,1,10,-2,0,4,61.1765,0,0,15.62,70.36
105302,14416.96,11.05,11.52,30,0.00,0.00,-4.23,5371,2.52,65,17.5,48.2,225.33,3.94,28,36,220,14.80,24.80,10.00,3.05,1,10,-2,0,4,61.1765,0,0,15.62,69.89
105303,14417,10.93,11.48,30,0.00,0.00,-5.07,5438,2.44,65,17.5,48.2,221.16,3.96,27,36,219,14.80,24.65,9.85,2.97,1,10,-2,0,4,61.1765,0,0,15.62,70.76
105304,14417.04,11.26,11.47,30,0.00,0.00,-1.85,5443,2.43,66,17.5,48.2,220.24,3.94,28,36,218,14.80,24.65,9.85,2.81,1,10,-2,0,4,61.1765,0,0,15.62,70.83
105305,14417.08,11.35,11.47,30,0.00,0.00,-1.11,5476,2.44,66,18,48.2,223.02,3.94,27,36,214,14.80,24.36,9.56,2.81,1,10,-1.75,0,4,61.1765,0,0,15.62,71.25
105306,14417.12,10.89,11.57,30,0.00,0.00,-6.25,5490,2.40,66,18,48.2,219.78,3.94,27,36,215,14.80,24.07,9.27,2.58,1,10,-1.75,0,4,60.7843,0,0,15.36,70.27
105307,14417.16,11.22,11.57,30,0.00,0.00,-3.06,5469,2.43,66,18,48.2,221.16,3.92,27,36,210,14.80,24.07,9.27,2.58,1,10,-1.75,0,4,60.7843,0,0,15.36,70.01
105308,14417.2,11.14,11.49,30,0.00,0.00,-3.12,5511,2.36,66,18,48.2,216.53,3.92,27,35,207,14.80,23.93,9.13,2.36,1,10,-1.75,0,4,60.7843,0,0,15.36,70.53
105309,14417.24,11.05,11.58,30,0.00,0.00,-4.75,5561,2.33,66,18.5,48.2,216.07,3.9,24,35,188,14.80,23.64,8.84,1.86,1,10,-1.75,0,4,60.7843,0,0,15.10,70.00
105310,14417.28,11.10,11.58,30,0.00,0.00,-4.35,5122,2.10,67,17.5,48.2,179.44,3.64,11,31,45,14.80,22.48,7.68,1.86,1,10,-1.75,0,4,60.7843,0,0,0.00,0.00
105311,14417.32,12.36,13.12,30,0.00,0.00,-6.14,5098,1.12,67,19,48.2,95.43,2.94,0,20,0,14.80,17.26,2.46,-8.63,1,10,-1.75,0,4,62.3529,0,0,0.00,0.00
105312,14417.36,14.13,19.35,30,0.00,0.00,-36.94,5154,0.51,65,2.5,48.2,43.94,2.38,0,14,0,14.80,11.17,-3.64,-9.14,1,10,0,0,5,0,0,0,0.00,0.00
105313,14417.4,17.16,19.35,30,0.00,0.00,-12.73,5054,0.31,65,2.5,48.2,25.94,2.14,0,13,0,14.80,8.27,-6.54,-9.14,1,10,0,0,5,0,0,0,0.00,0.00
105314,14417.44,19.69,22.72,30,0.00,0.00,-15.39,4936,0.19,66,6,48.2,15.58,1.82,0,12,0,14.80,6.53,-8.28,-9.14,1,10,0,0,4,0,0,0,0.00,0.00
105315,14417.48,19.61,22.72,30,0.00,0.00,-15.89,4772,0.15,66,8,48.2,11.88,1.72,0,12,0,14.80,5.51,-9.29,-9.14,1,10,0,0,4,0,0,0,0.00,0.00
105316,14417.52,19.57,15.48,30,0.00,0.00,20.89,4659,0.15,66,7.5,48.2,11.61,1.72,0,12,0,14.80,4.93,-9.87,-9.14,1,10,0,0,2,0,0,0,0.00,0.00
105317,14417.56,19.57,14.69,30,0.00,0.00,24.90,4546,0.16,66,6.5,48.2,12.26,1.72,0,12,0,14.80,4.64,-10.16,-9.14,1,10,0,0,2,0,0,0,0.00,0.00
105318,14417.6,19.73,14.69,30,0.00,-0.78,25.54,4433,0.17,66,5.5,48.2,12.54,1.76,0,12,0,14.80,4.35,-10.45,-9.14,1,10,0,0,2,0,0,0,0.00,0.00
105319,14417.64,19.73,14.69,30,0.00,-0.78,25.54,4321,0.16,66,4.5,48.2,11.83,1.72,0,12,0,14.80,4.06,-10.74,-9.14,1,10,0,0,2,0,0,0,0.00,0.00
105320,14417.68,19.48,14.69,30,0.00,-0.78,24.58,4250,0.19,66,4,48.2,13.38,1.74,0,12,0,14.80,3.92,-10.89,-9.14,1,10,0,0,2,0,0,0,0.00,0.00
105321,14417.72,19.65,14.69,30,0.00,-0.78,25.22,4136,0.19,66,3,48.2,13.19,1.76,0,11,0,14.80,3.92,-10.89,-9.14,1,10,0,0,2,0,0,0,0.00,0.00
105322,14417.76,19.52,14.69,30,0.00,-0.78,24.74,4017,0.19,66,2,48.2,12.82,1.74,0,11,0,14.80,3.77,-11.03,-9.14,1,10,0,0,2,0,0,0,0.00,0.00
105323,14417.8,19.44,14.69,29,0.00,-0.78,24.41,3904,0.19,66,21.5,48.2,12.37,1.74,19,12,190,14.80,3.77,-11.03,-9.14,1,10,0,0,2,0,0,0,1.79,5.83
105324,14417.84,19.78,12.77,29,0.00,-0.78,35.41,3875,0.69,66,22.5,48.2,44.25,2.62,49,34,308,14.80,7.69,-7.12,10.54,1,10,0,0,2,65.098,0,0,3.07,9.92
105325,14417.88,19.73,9.54,29,0.00,-0.78,51.64,3992,1.90,66,9.5,48.2,126.56,3.38,62,50,317,14.80,15.23,0.42,17.18,1,10,0,0,2,76.8627,0,10.0781,5.63,18.74
105326,14417.92,19.52,9.54,29,0.00,-0.78,51.12,4098,1.74,65,11.5,48.2,118.64,3.3,64,56,319,14.80,17.26,2.46,17.18,1,10,0,0,3,76.8627,0,10.0781,7.94,27.10
105327,14417.96,19.44,12.15,29,0.00,-0.78,37.50,4134,1.71,65,22,48.2,117.65,3.32,65,58,320,14.80,17.40,2.60,17.35,1,10,0,0,5,76.4706,0,10.0781,8.70,29.99
105328,14418,19.57,12.13,29,0.00,0.00,37.98,4365,1.96,65,21.5,48.2,142.43,3.48,65,59,319,14.80,18.27,3.47,17.36,1,10,0,0,8,75.2941,0,10.0781,9.73,35.39
105329,14418.04,16.11,12.13,29,0.00,0.00,24.67,4233,2.16,65,20.5,48.2,152.13,3.52,60,58,316,14.80,19.43,4.63,17.36,1,10,0,0,10,75.2941,0,10.0781,10.75,37.93
105330,14418.08,14.72,12.19,29,0.00,0.00,17.16,4005,2.27,66,19.5,48.2,151.67,3.5,58,56,314,14.80,20.01,5.21,17.09,1,10,0,0,12,76.4706,0,10.0781,12.29,41.01
105331,14418.12,13.08,12.19,29,0.00,0.00,6.76,4082,2.18,66,19,48.2,148.34,3.5,59,55,315,14.80,20.74,5.94,17.09,1,10,0,0,13,76.4706,0,10.0781,12.80,43.54
105332,14418.16,12.74,11.89,29,0.00,0.00,6.70,4227,2.29,66,19,48.2,161.07,3.6,60,55,316,14.80,21.32,6.52,17.15,1,10,0,0,15,76.4706,0,10.0781,13.31,46.89
105333,14418.2,12.19,11.28,29,0.00,0.00,7.51,4123,2.49,66,18.5,48.2,170.78,3.66,60,56,315,14.80,22.19,7.39,17.17,1,10,0,0,17,76.0784,0,10.0781,14.08,48.37
105334,14418.24,12.32,11.28,29,0.00,0.00,8.47,4080,2.55,67,18,48.2,173.46,3.66,58,55,314,14.80,23.20,8.40,17.17,1,10,0,0,18,76.0784,0,10.0781,15.36,52.23
105335,14418.28,11.56,11.39,29,0.00,0.00,1.45,4201,2.59,67,17,48.2,181.48,3.74,58,55,314,14.80,23.93,9.13,17.10,1,10,0,0,19,76.0784,0,10.0781,15.62,54.67
105336,14418.32,11.60,10.92,29,0.00,0.00,5.84,4213,2.77,68,17.5,48.2,194.45,3.8,58,55,314,14.80,25.09,10.29,17.08,1,10,0,0,20,75.6863,0,10.0781,16.90,59.32
105337,14418.36,11.56,10.92,29,0.00,0.00,5.49,4165,2.89,68,17,48.2,200.69,3.84,54,54,311,14.80,26.54,11.74,17.08,1,10,0,0,20,75.6863,0,10.0781,18.43,63.97
105338,14418.4,11.10,10.89,29,0.00,0.00,1.84,4185,2.97,68,15.5,48.2,206.81,3.88,51,52,309,14.80,26.68,11.88,16.84,1,10,0,0,20,76.0784,0,10.0781,18.43,64.28
105339,14418.44,11.56,10.89,29,0.00,0.00,5.77,4242,3.10,68,15,48.2,218.85,3.92,50,51,308,14.80,27.70,12.90,16.84,1,10,0,0,19,76.0784,0,10.0781,19.46,68.78
105340,14418.48,11.64,10.45,29,0.00,0.00,10.25,4215,3.26,68,14.5,48.2,228.83,3.98,45,51,306,14.80,28.86,14.06,16.78,1,10,0,0,19,75.6863,0,10.0781,20.74,72.83
105341,14418.52,11.10,10.46,29,0.00,0.00,5.73,4253,3.30,68,14,48.2,233.67,3.98,40,49,298,14.80,29.73,14.93,16.30,1,10,0,0,18,70.5882,0,4.65824,21.25,75.30
105342,14418.56,11.31,10.46,29,0.00,0.00,7.49,4297,3.30,69,13.5,48.2,236.08,4,38,45,295,14.80,30.16,15.36,16.30,1,10,0,0,18,70.5882,0,4.65824,21.76,77.91
105343,14418.6,11.01,10.50,29,0.00,0.00,4.64,4296,3.32,69,13.5,48.2,237.9,4.02,38,44,293,14.80,30.60,15.80,15.71,1,10,0,0,18,65.8824,0.0528004,0.379937,22.02,78.82
105344,14418.64,10.38,10.40,29,0.00,0.00,-0.23,4270,3.36,70,13,48.2,239.11,4,35,42,288,14.80,31.18,16.38,14.85,1,10,0,0,17,61.5686,-0.14764,-3.62909,22.78,81.07
105345,14418.68,10.21,10.40,29,0.00,0.00,-1.88,4310,3.32,70,13,48.2,238.5,4,33,40,283,14.80,31.18,16.38,14.85,1,10,0,0,17,61.5686,-0.14764,-3.62909,22.78,81.84
105346,14418.72,10.46,10.59,29,0.00,0.00,-1.16,4326,3.21,70,13.5,48.2,231.25,4,33,39,281,14.80,30.89,16.09,14.07,1,10,0,0,17,59.6078,-0.449111,-4.8456,22.27,80.29
105347,14418.76,10.38,10.59,29,0.00,0.00,-1.99,4317,3.26,70,13.5,48.2,234.27,3.98,32,39,279,14.80,30.74,15.94,14.07,1,10,0,0,16,59.6078,-0.449111,-4.8456,22.02,79.19
105348,14418.8,10.17,10.74,29,0.00,0.00,-5.57,4213,3.22,70,13,48.2,225.79,3.92,31,38,280,14.80,30.45,15.65,13.83,1,10,0,0,15,59.6078,-0.72851,-4.58031,21.50,75.49
105349,14418.84,10.67,10.94,29,0.00,0.00,-2.52,4490,3.05,70,14,48.2,227.99,3.94,30,38,268,14.80,30.02,15.22,11.28,1,10,0,0,15,64.3137,0,0,20.99,78.54
105350,14418.88,10.30,10.94,29,0.00,0.00,-6.29,4399,3.04,71,14.5,48.2,222.55,3.94,29,38,266,14.80,29.29,14.49,11.28,1,10,0,0,15,64.3137,0,0,19.97,73.20
105351,14418.92,10.38,11.11,29,0.00,0.00,-7.04,4331,2.93,71,14.5,48.2,211.44,3.9,26,36,257,14.80,29.00,14.20,9.70,1,10,0,0,15,64.7059,0,0,19.71,71.14
105352,14418.96,10.63,11.45,29,0.00,0.00,-7.66,4463,2.73,71,14.5,48.2,203.09,3.86,25,35,250,14.80,27.84,13.04,6.50,1,10,0,0,14,64.3137,0,0,18.69,69.50
105353,14419,10.67,11.45,29,0.00,0.00,-7.23,4451,2.83,71,16,48.2,210.05,3.86,26,35,252,14.80,27.26,12.46,6.50,1,10,0,0,15,64.3137,0,0,18.43,68.37
105354,14419.04,10.55,11.51,29,0.00,0.00,-9.09,4409,2.82,72,16,48.2,207.28,3.86,25,35,251,14.80,27.12,12.32,6.92,1,10,0,0,14,64.3137,0,0,18.18,66.79
105355,14419.08,10.93,11.51,29,0.00,0.00,-5.31,4492,2.82,72,15.5,48.2,211.44,3.88,25,35,251,14.80,27.12,12.32,6.92,1,10,0,0,14,64.3137,0,0,17.92,67.08
105356,14419.12,10.80,11.50,29,0.00,0.00,-6.47,4484,2.79,72,16,48.2,208.2,3.86,25,35,251,14.80,27.12,12.32,6.55,1,10,0,0,14,64.3137,0,0,17.92,66.96
105357,14419.16,11.10,11.55,29,0.00,0.00,-4.11,4468,2.81,72,16,48.2,209.59,3.88,25,35,249,14.80,26.97,12.17,6.19,1,10,0,0,13,64.3137,0,0,17.92,66.72
105358,14419.2,11.35,11.55,29,0.00,0.00,-1.80,4522,2.74,73,16,48.2,206.35,3.86,25,35,244,14.80,26.68,11.88,6.19,1,10,0,0,13,64.3137,0,0,17.92,67.53
105359,14419.24,11.18,11.58,29,0.00,0.00,-3.57,4522,2.72,73,16.5,48.2,204.96,3.84,24,34,232,14.80,26.68,11.88,4.01,1,10,0,0,13,63.9216,0,0,17.41,65.60
105360,14419.28,11.35,11.76,29,0.00,0.00,-3.67,4502,2.64,73,16.5,48.2,198.29,3.8,22,33,210,14.80,25.96,11.16,2.44,1,10,0,0,12,64.3137,0,0,17.15,64.35
105361,14419.32,11.10,11.76,29,0.00,0.00,-6.02,4543,2.50,73,17,48.2,189.17,3.76,21,31,204,14.80,24.94,10.14,2.44,1,10,0,0,12,64.3137,0,0,15.87,60.08
105362,14419.36,11.18,12.51,29,0.00,0.00,-11.88,4558,2.36,73,17.5,48.2,179.08,3.72,20,31,198,14.80,23.93,9.13,1.98,1,10,0,0,11,63.9216,0,0,14.85,56.39
105363,14419.4,11.10,12.51,29,0.00,0.00,-12.72,4558,2.26,73,18,48.2,171.58,3.66,20,30,193,14.80,23.06,8.26,1.98,1,10,0,0,12,63.9216,0,0,14.08,53.48
105364,14419.44,10.93,12.65,29,0.00,0.00,-15.75,4557,2.21,74,18.5,48.2,167.69,3.64,20,30,188,14.80,22.04,7.24,1.57,1,10,0,0,11,63.9216,0,0,13.31,50.56
105365,14419.48,11.10,13.00,29,0.00,0.00,-17.20,4578,2.18,74,19,48.2,166.49,3.62,20,29,187,14.80,21.46,6.66,1.48,1,10,0,0,11,63.9216,0,0,13.31,50.79
105366,14419.52,11.18,13.00,29,0.00,0.00,-16.33,4592,2.12,74,19,48.2,162.62,3.58,20,30,187,14.80,20.74,5.94,1.48,1,10,0,0,11,63.9216,0,0,12.80,48.98
105367,14419.56,11.10,12.63,29,0.00,0.00,-13.85,4593,2.05,74,19.5,48.2,156.81,3.56,20,30,190,14.80,20.45,5.65,1.46,1,10,0,0,11,63.9216,0,0,12.80,48.99
105368,14419.6,11.48,12.46,29,0.00,0.00,-8.54,4600,2.05,75,17.5,48.2,157.19,3.56,20,30,190,14.80,20.16,5.36,1.57,1,10,-1.75,0,10,63.5294,0,0,12.54,48.08
105369,14419.64,11.39,12.46,29,0.00,0.00,-9.35,4615,2.09,75,18,48.2,161.07,3.6,20,31,195,14.80,20.16,5.36,1.57,1,10,-1.75,0,10,63.5294,0,0,12.80,49.23
105370,14419.68,11.39,12.21,29,0.00,0.00,-7.22,4608,2.11,75,18,48.2,162.23,3.58,20,31,197,14.80,20.01,5.21,1.83,1,10,-1.75,0,10,63.5294,0,0,12.80,49.15
105371,14419.72,11.22,12.21,29,0.00,0.00,-8.83,4603,2.13,75,17.5,48.2,163.39,3.58,20,31,197,14.80,20.01,5.21,1.83,1,10,-1.75,0,10,63.5294,0,0,12.80,49.10
105372,14419.76,10.93,12.07,29,0.00,0.00,-10.42,4630,2.06,75,18,48.2,158.74,3.56,20,31,197,14.80,20.01,5.21,1.84,1,10,-1.75,0,9,63.5294,0,0,12.80,49.39
105373,14419.8,10.84,12.04,29,0.00,0.00,-11.06,4619,2.07,75,18,48.2,159.52,3.58,20,31,197,14.80,19.87,5.07,1.83,1,10,-1.75,0,10,63.5294,0,0,12.80,49.26
105374,14419.84,11.10,12.04,29,0.00,0.00,-8.52,4636,2.05,75,18,48.2,158.36,3.56,21,31,199,14.80,19.87,5.07,1.83,1,10,-1.75,0,9,63.5294,0,0,12.80,49.45
105375,14419.88,11.05,12.05,29,0.00,0.00,-9.03,4674,2.05,75,18,48.2,159.52,3.58,21,31,199,14.80,19.72,4.92,1.91,1,10,-1.75,0,9,63.5294,0,0,12.54,48.86
105376,14419.92,11.35,12.01,29,0.00,0.00,-5.82,4680,2.04,76,18,48.2,158.74,3.58,21,31,199,14.80,19.58,4.78,1.91,1,10,-1.75,0,9,63.5294,0,0,12.54,48.92
105377,14419.96,11.18,12.01,29,0.00,0.00,-7.42,4684,2.01,76,18.5,48.2,156.81,3.56,21,31,199,14.80,19.58,4.78,1.91,1,10,-1.75,0,8,63.5294,0,0,12.54,48.96
105378,14420,11.60,12.01,29,0.00,0.00,-3.55,4689,2.01,76,18.5,48.2,156.81,3.58,21,31,199,14.80,19.58,4.78,1.90,1,10,-1.75,0,9,63.5294,0,0,12.54,49.01
105379,14420.04,11.48,12.01,29,0.00,0.00,-4.69,4699,2.02,76,18.5,48.2,158.36,3.56,21,31,199,14.80,19.43,4.63,1.90,1,10,-1.75,0,8,63.5294,0,0,12.54,49.12
105380,14420.08,11.26,11.98,29,0.00,0.00,-6.31,4686,2.04,76,18.5,48.2,159.13,3.54,21,31,201,14.80,19.29,4.49,1.89,1,10,-1.75,0,8,63.5294,0,0,12.29,47.98
105381,14420.12,11.18,11.98,29,0.00,0.00,-7.12,4689,2.00,76,18.5,48.2,156.03,3.54,21,31,201,14.80,19.43,4.63,2.00,1,10,-1.75,0,8,63.5294,0,0,12.54,49.02
105382,14420.16,11.43,11.98,29,0.00,0.00,-4.74,4709,1.99,76,18.5,48.2,156.42,3.54,22,32,206,14.80,19.43,4.63,2.00,1,10,-1.75,0,8,63.5294,0,0,12.54,49.22
105383,14420.2,11.18,11.88,29,0.00,0.00,-6.27,4730,2.08,76,18.5,48.2,163.78,3.6,22,33,209,14.80,19.72,4.92,2.35,1,10,-1.75,0,8,63.1373,0,0,12.54,49.44
105384,14420.24,11.22,11.82,29,0.00,0.00,-5.33,4743,2.07,76,18.5,48.2,163.39,3.58,22,32,206,14.80,20.01,5.21,2.23,1,10,-1.75,0,7,63.1373,0,0,12.80,50.59
105385,14420.28,11.18,11.82,29,0.00,0.00,-5.73,4755,2.04,76,18.5,48.2,161.45,3.58,22,32,206,14.80,20.01,5.21,2.23,1,10,-1.75,0,7,63.1373,0,0,12.80,50.72
105386,14420.32,11.05,11.83,29,0.00,0.00,-7.06,4754,2.03,77,18.5,48.2,160.68,3.58,22,32,205,14.80,19.87,5.07,2.34,1,10,-1.75,0,7,63.1373,0,0,12.80,50.71
105387,14420.36,10.97,11.83,29,0.00,0.00,-7.89,4735,2.06,77,18.5,48.2,162.23,3.58,22,32,208,14.80,19.87,5.07,2.34,1,10,-1.75,0,7,63.1373,0,0,12.80,50.50
105388,14420.4,10.93,11.84,29,0.00,0.00,-8.37,4758,2.03,77,18.5,48.2,161.07,3.6,22,32,205,14.80,19.87,5.07,2.33,1,10,-1.75,0,6,63.1373,0,0,12.80,50.75
105389,14420.44,11.14,11.81,29,0.00,0.00,-6.03,4751,2.06,77,18.5,48.2,163.39,3.58,22,32,206,14.80,19.87,5.07,2.19,1,10,-1.75,0,6,63.1373,0,0,12.80,50.68
105390,14420.48,10.89,11.81,29,0.00,0.00,-8.50,4790,2.05,77,18.5,48.2,163.39,3.6,22,32,205,14.80,20.01,5.21,2.19,1,10,-1.75,0,6,63.1373,0,0,12.80,51.10
105391,14420.52,11.18,11.81,29,0.00,0.00,-5.60,4802,2.06,77,18.5,48.2,164.55,3.62,22,32,205,14.80,19.87,5.07,2.18,1,10,-1.75,0,6,63.1373,0,0,12.80,51.22
105392,14420.56,10.97,11.79,29,0.00,0.00,-7.51,4779,2.10,78,18.5,48.2,167.42,3.62,22,32,204,14.80,20.01,5.21,2.15,1,10,-1.75,0,6,63.1373,0,0,12.80,50.97
105393,14420.6,10.67,11.79,29,0.00,0.00,-10.47,4791,2.06,78,18.5,48.2,164.55,3.6,22,32,204,14.80,20.01,5.21,2.15,1,10,-1.75,0,6,63.1373,0,0,12.80,51.11
105394,14420.64,10.89,11.79,29,0.00,0.00,-8.29,4797,2.09,78,18.5,48.2,167.31,3.6,22,32,203,14.80,20.01,5.21,1.97,1,10,-1.75,0,6,62.7451,0,0,12.80,51.17
105395,14420.68,10.72,11.79,29,0.00,0.00,-9.99,4828,2.03,78,18.5,48.2,163.39,3.6,21,32,200,14.80,20.01,5.21,1.97,1,10,-1.75,0,6,62.7451,0,0,12.80,51.50
105396,14420.72,10.76,11.79,29,0.00,0.00,-9.57,4841,2.03,78,18.5,48.2,164.17,3.6,21,32,199,14.80,20.01,5.21,1.87,1,10,-1.75,0,5,63.1373,0,0,12.80,51.64
105397,14420.76,10.76,11.81,29,0.00,0.00,-9.79,4805,2.05,78,18.5,48.2,163.78,3.6,21,32,200,14.80,19.72,4.92,1.82,1,10,-1.75,0,6,62.7451,0,0,12.80,51.25
105398,14420.8,10.84,11.81,29,0.00,0.00,-8.93,4828,2.01,78,18.5,48.2,161.84,3.6,21,31,197,14.80,19.87,5.07,1.82,1,10,-1.75,0,5,62.7451,0,0,12.80,51.50
105399,14420.84,10.67,11.82,29,0.00,0.00,-10.77,4867,2.03,78,18.5,48.2,164.55,3.58,21,32,198,14.80,19.72,4.92,1.96,1,10,-1.75,0,5,62.7451,0,0,12.80,51.92
105400,14420.88,10.97,11.82,29,0.00,0.00,-7.72,4871,2.05,78,18.5,48.2,166.1,3.6,21,32,200,14.80,19.87,5.07,1.91,1,10,-1.75,0,6,62.7451,0,0,12.80,51.96
105401,14420.92,10.72,11.82,29,0.00,0.00,-10.25,4854,2.05,78,18.5,48.2,166.1,3.6,21,32,198,14.80,19.87,5.07,1.91,1,10,-1.75,0,5,62.7451,0,0,12.80,51.78
105402,14420.96,10.84,11.81,29,0.00,0.00,-8.88,4852,2.02,79,18.5,48.2,163,3.58,21,32,198,14.80,19.72,4.92,1.86,1,10,-1.75,0,6,62.7451,0,0,12.80,51.76
105403,14421,10.84,11.81,29,0.00,0.00,-8.88,4900,2.01,79,18.5,48.2,163.78,3.6,22,32,201,14.80,19.72,4.92,1.86,1,10,-1.75,0,6,62.7451,0,0,12.80,52.27
105404,14421.04,10.97,11.80,29,0.00,0.00,-7.55,4897,2.01,79,18.5,48.2,164.17,3.6,21,32,199,14.80,19.72,4.92,1.82,1,10,-1.75,0,5,62.7451,0,0,12.54,51.19
105405,14421.08,10.76,11.81,29,0.00,0.00,-9.74,4875,2.03,79,18.5,48.2,164.55,3.6,22,32,199,14.80,19.72,4.92,1.81,1,10,-1.75,0,6,62.7451,0,0,12.80,52.00
105406,14421.12,10.76,11.81,29,0.00,0.00,-9.74,4898,1.98,80,18.5,48.2,161.84,3.58,22,32,198,14.80,19.72,4.92,1.81,1,10,-1.75,0,5,62.7451,0,0,12.80,52.24
105407,14421.16,10.72,11.80,29,0.00,0.00,-10.07,4924,1.98,80,19,48.2,162.62,3.58,22,32,205,14.80,19.87,5.07,2.03,1,10,-1.5,0,5,62.7451,0,0,12.54,51.47
105408,14421.2,11.01,11.69,29,0.00,0.00,-6.14,4929,2.05,80,19,48.2,168.36,3.64,22,33,207,14.80,20.16,5.36,2.27,1,10,-1.5,0,5,62.3529,0,0,12.80,52.57
105409,14421.24,10.80,11.69,29,0.00,0.00,-8.21,4935,2.07,80,19,48.2,170.51,3.66,23,33,207,14.80,20.30,5.50,2.27,1,10,-1.5,0,5,62.3529,0,0,12.80,52.63
105410,14421.28,11.01,11.71,29,0.00,0.00,-6.30,4921,2.11,80,19,48.2,172.92,3.68,23,33,207,14.80,20.59,5.79,2.28,1,10,-1.5,0,5,62.3529,0,0,13.06,53.54
105411,14421.32,11.22,11.71,29,0.00,0.00,-4.30,4947,2.10,80,19,48.2,173.46,3.68,23,33,209,14.80,20.74,5.94,2.28,1,10,-1.5,0,5,62.3529,0,0,13.06,53.82
105412,14421.36,10.80,11.71,29,0.00,0.00,-8.38,4959,2.09,80,18.5,48.2,172.39,3.66,23,33,208,14.80,20.74,5.94,2.28,1,10,-1.5,0,5,62.3529,0,0,13.06,53.95
105413,14421.4,11.10,11.69,29,0.00,0.00,-5.36,4951,2.11,80,18.5,48.2,174.27,3.68,23,33,208,14.80,20.88,6.08,2.37,1,10,-1.5,0,5,62.3529,0,0,13.31,54.92
105414,14421.44,11.22,11.69,29,0.00,0.00,-4.18,4973,2.11,81,18.5,48.2,174.8,3.68,23,33,208,14.80,21.03,6.23,2.37,1,10,-1.5,0,5,62.3529,0,0,13.31,55.16
105415,14421.48,11.35,11.68,29,0.00,0.00,-2.95,4998,2.09,81,19,48.2,174,3.68,23,33,209,14.80,20.88,6.08,2.30,1,10,-1.5,0,4,62.3529,0,0,13.31,55.45
105416,14421.52,11.52,11.66,29,0.00,0.00,-1.27,4969,2.11,81,18.5,48.2,175.07,3.7,23,33,204,14.80,21.03,6.23,2.14,1,10,-1.5,0,5,62.3529,0,0,13.31,55.12
105417,14421.56,11.18,11.66,29,0.00,0.00,-4.34,5005,2.12,81,18.5,48.2,176.68,3.7,22,33,198,14.80,20.88,6.08,2.14,1,10,-1.5,0,5,62.3529,0,0,13.31,55.52
105418,14421.6,11.26,11.71,29,0.00,0.00,-3.99,4992,2.09,81,19,46.4,173.73,3.66,21,32,193,14.80,20.45,5.65,1.76,1,10,-1.5,0,4,62.3529,0,0,13.06,54.31
105419,14421.64,11.39,11.71,29,0.00,0.00,-2.84,4990,2.04,81,19,46.4,169.42,3.58,21,31,190,14.80,20.16,5.36,1.76,1,10,-1.5,0,5,62.3529,0,0,12.80,53.23
105420,14421.68,11.26,11.89,29,0.00,0.00,-5.55,5024,1.98,81,19,46.4,165.99,3.58,21,31,189,14.80,19.87,5.07,1.64,1,10,-1.5,0,5,61.9608,0,0,12.80,53.59
105421,14421.72,11.05,11.87,29,0.00,0.00,-7.40,5050,1.96,81,19,46.4,164.94,3.6,21,31,186,14.80,19.87,5.07,1.45,1,10,-1.5,0,4,61.9608,0,0,12.54,52.79
105422,14421.76,11.26,11.87,29,0.00,0.00,-5.39,5013,1.97,81,19,46.4,164.94,3.62,21,31,186,14.80,19.72,4.92,1.45,1,10,-1.5,0,5,61.9608,0,0,12.54,52.40
105423,14421.8,11.48,11.89,29,0.00,0.00,-3.57,5050,1.96,81,19,46.4,164.94,3.62,21,31,185,14.80,19.58,4.78,1.40,1,10,-1.5,0,5,61.9608,0,0,12.54,52.79
105424,14421.84,11.01,11.87,29,0.00,0.00,-7.81,5045,1.96,81,19,46.4,164.83,3.62,21,31,182,14.80,19.43,4.63,1.29,1,10,-1.5,0,4,61.9608,0,0,12.54,52.73
105425,14421.88,11.18,11.87,29,0.00,0.00,-6.19,5032,1.93,81,19.5,46.4,161.84,3.62,20,31,180,14.80,19.29,4.49,1.29,1,10,-1.25,0,5,61.9608,0,0,12.29,51.53
105426,14421.92,11.39,11.91,29,0.00,0.00,-4.59,5069,1.97,82,21,46.4,166.02,3.64,20,31,181,14.80,19.00,4.20,1.23,1,10,0,0,5,61.9608,0,0,12.29,51.90
105427,14421.96,11.43,11.91,29,0.00,0.00,-4.20,5064,1.95,82,21,46.4,164.94,3.6,20,31,178,14.80,18.85,4.05,1.23,1,10,0,0,5,61.9608,0,0,12.03,50.78
105428,14422,10.84,11.90,29,0.00,0.00,-9.79,5089,1.89,82,21,46.4,159.91,3.58,20,31,181,14.80,18.71,3.91,1.21,1,10,0,0,4,61.9608,0,0,11.78,49.94
105429,14422.04,10.67,11.87,29,0.00,0.00,-11.21,5094,1.89,82,21,46.4,160.29,3.58,20,31,177,14.80,18.56,3.76,1.06,1,10,0,0,4,61.9608,0,0,11.78,49.98
105430,14422.08,11.10,11.87,29,0.00,0.00,-6.98,5072,1.86,83,21,46.4,156.81,3.56,20,31,175,14.80,18.56,3.76,1.06,1,10,0,0,4,61.9608,0,0,11.78,49.77
105431,14422.12,10.97,11.90,29,0.00,0.00,-8.49,5120,1.85,83,21.5,46.4,157.97,3.56,20,31,173,14.80,18.42,3.62,1.10,1,10,0,0,4,61.9608,0,0,11.52,49.15
105432,14422.16,11.01,11.94,29,0.00,0.00,-8.45,5067,1.86,83,21.5,46.4,157.19,3.54,19,30,161,14.80,18.13,3.33,0.07,1,10,0,0,5,61.5686,0,0,11.52,48.64
105433,14422.2,10.76,11.94,29,0.00,0.00,-11.01,5124,1.75,83,21.5,46.4,149.6,3.5,15,29,142,14.80,17.55,2.75,0.07,1,10,0,0,4,61.5686,0,0,11.01,47.00
105434,14422.24,10.93,12.21,29,0.00,0.00,-11.76,5125,1.65,83,22,46.4,140.75,3.42,5,28,16,14.80,16.82,2.02,-2.56,1,10,0,0,4,61.9608,0,0,0.00,0.00
105435,14422.28,11.18,12.21,29,0.00,0.00,-9.25,4845,0.89,83,22,46.4,71.53,2.74,0,17,0,14.80,12.76,-2.04,-2.56,1,10,0,0,5,61.9608,0,0,0.00,0.00
105436,14422.32,11.69,16.47,29,0.00,0.00,-40.93,4835,0.37,82,13.5,46.4,30.13,2.18,0,14,0,14.80,9.14,-5.67,-9.13,1,10,0,0,4,0,0,0,0.00,0.00
105437,14422.36,13.37,15.06,29,0.00,0.00,-12.64,5067,0.25,82,15.5,46.4,21.22,1.98,0,13,0,14.80,6.96,-7.84,-9.13,1,10,0,0,3,0,0,0,0.00,0.00
105438,14422.4,15.77,15.06,29,0.00,-0.78,4.52,4925,0.19,83,19,46.4,15.76,1.82,0,13,0,14.80,5.66,-9.15,-9.13,1,10,0,0,4,0,0,0,0.00,0.00
105439,14422.44,20.07,15.19,29,0.00,-0.78,24.32,4818,0.19,83,18.5,46.4,15.01,1.8,0,13,0,14.80,5.08,-9.73,-9.13,1,10,0,0,2,0,0,0,0.00,0.00
105440,14422.48,20.11,14.47,29,0.00,-0.78,28.07,4716,0.19,82,18,46.4,14.79,1.82,0,13,0,14.80,4.79,-10.02,-9.13,1,10,0,0,2,0,0,0,0.00,0.00
105441,14422.52,19.94,14.47,29,0.00,-0.78,27.46,4601,0.20,82,17,46.4,15.29,1.82,0,13,0,14.80,4.50,-10.31,-9.13,1,10,0,0,2,0,0,0,0.00,0.00
105442,14422.56,20.11,14.69,29,0.00,-0.78,26.95,4491,0.20,82,16,46.4,14.96,1.8,0,13,0,14.80,4.21,-10.60,-9.13,1,10,0,0,2,0,0,0,0.00,0.00
105443,14422.6,20.11,14.69,29,0.00,-0.78,26.95,4377,0.20,82,15,46.4,14.41,1.8,0,12,0,14.80,4.06,-10.74,-9.13,1,10,0,0,2,0,0,0,0.00,0.00
105444,14422.64,19.78,14.69,29,0.00,-0.78,25.70,4258,0.21,82,14,46.4,15.14,1.82,0,12,0,14.80,3.92,-10.89,-9.13,1,10,0,0,2,0,0,0,0.00,0.00
105445,14422.68,20.03,14.69,28,0.00,-0.78,26.64,4146,0.22,82,13.5,46.4,14.96,1.82,0,12,0,14.80,3.92,-10.89,-9.13,1,10,0,0,2,0,0,0,0.00,0.00
105446,14422.72,19.90,14.69,28,0.00,-0.78,26.17,4074,0.22,82,12.5,46.4,14.69,1.8,0,12,0,14.80,3.92,-10.89,-9.13,1,10,0,0,2,0,0,0,0.00,0.00
105447,14422.76,19.65,14.69,28,0.00,-0.78,25.22,3961,0.23,82,11.5,46.4,14.91,1.8,0,12,0,14.80,3.92,-10.89,-9.13,1,10,0,0,2,0,0,0,0.00,0.00
105448,14422.8,19.86,12.77,28,0.00,-0.78,35.68,3843,0.23,82,11,46.4,15.01,1.8,0,12,0,14.80,3.92,-10.89,-9.13,1,10,0,0,2,0,0,0,0.00,0.00
105449,14422.84,19.35,12.77,28,0.00,-0.78,34.01,3769,0.22,82,11,46.4,13.85,1.78,0,11,0,14.80,3.92,-10.89,-9.13,1,10,0,0,2,0,0,0,0.00,0.00
105450,14422.88,19.57,12.77,28,0.00,-0.78,34.72,3652,0.23,81,11,46.4,13.85,1.78,0,11,0,14.80,4.06,-10.74,-9.13,1,10,0,0,2,0,0,0,0.00,0.00
105451,14422.92,19.82,12.77,28,0.00,-0.78,35.55,3578,0.23,81,11,46.4,13.57,1.76,0,11,0,14.80,4.06,-10.74,-9.13,1,10,0,0,2,0,0,0,0.00,0.00
